ORDERNUMBER,QUANTITYORDERED,PRICEEACH,ORDERLINENUMBER,SALES,ORDERDATE,STATUS,QTR_ID,MONTH_ID,YEAR_ID,PRODUCTLINE,MSRP,PRODUCTCODE,CUSTOMERNAME,PHONE,ADDRESSLINE1,ADDRESSLINE2,CITY,STATE,POSTALCODE,COUNTRY,TERRITORY,CONTACTLASTNAME,CONTACTFIRSTNAME,DEALSIZE,Year,Month,Quarter,Month_Name,Quarter_Name,Year_Month,Region,Revenue,Estimated_Cost,Estimated_Profit,Estimated_Profit_Margin,SALES_CATEGORY
10107,30,95.7,2,2871.0,2003-02-24,Shipped,1,2,2003,Motorcycles,95,S10_1678,Land of Toys Inc.,2125557818,897 Long Airport Avenue,N/A,NYC,NY,10022,USA,NA,Yu,Kwai,Small,2003,2,1,February,Q1,2003-02,NA,2871.0,1710.0,1161.0,40.43887147335423,Low
10121,34,81.35,5,2765.9,2003-05-07,Shipped,2,5,2003,Motorcycles,95,S10_1678,Reims Collectables,26.47.1555,59 rue de l'Abbaye,N/A,Reims,N/A,51100,France,EMEA,Henriot,Paul,Small,2003,5,2,May,Q2,2003-05,EMEA,2765.9,1938.0,827.9000000000001,29.932390903503382,Low
10134,41,94.74,2,3884.34,2003-07-01,Shipped,3,7,2003,Motorcycles,95,S10_1678,Lyon Souveniers,+33 1 46 62 7555,27 rue du Colonel Pierre Avia,N/A,Paris,N/A,75508,France,EMEA,Da Cunha,Daniel,Medium,2003,7,3,July,Q3,2003-07,EMEA,3884.34,2337.0,1547.3400000000001,39.83533882203927,Medium
10145,45,83.26,6,3746.7,2003-08-25,Shipped,3,8,2003,Motorcycles,95,S10_1678,Toys4GrownUps.com,6265557265,78934 Hillside Dr.,N/A,Pasadena,CA,90003,USA,NA,Young,Julie,Medium,2003,8,3,August,Q3,2003-08,NA,3746.7,2565.0,1181.6999999999998,31.53975498438626,Medium
10159,49,100.0,14,5205.27,2003-10-10,Shipped,4,10,2003,Motorcycles,95,S10_1678,Corporate Gift Ideas Co.,6505551386,7734 Strong St.,N/A,San Francisco,CA,N/A,USA,NA,Brown,Julie,Medium,2003,10,4,October,Q4,2003-10,NA,5205.27,2793.0,2412.2700000000004,46.34284100536572,Medium
10168,36,96.66,1,3479.76,2003-10-28,Shipped,4,10,2003,Motorcycles,95,S10_1678,Technics Stores Inc.,6505556809,9408 Furth Circle,N/A,Burlingame,CA,94217,USA,NA,Hirano,Juri,Medium,2003,10,4,October,Q4,2003-10,NA,3479.76,2052.0,1427.7600000000002,41.03041589075109,Medium
10180,29,86.13,9,2497.77,2003-11-11,Shipped,4,11,2003,Motorcycles,95,S10_1678,Daedalus Designs Imports,20.16.1555,"184, chausse de Tournai",N/A,Lille,N/A,59000,France,EMEA,Rance,Martine,Small,2003,11,4,November,Q4,2003-11,EMEA,2497.77,1653.0,844.77,33.82096830372692,Low
10188,48,100.0,1,5512.32,2003-11-18,Shipped,4,11,2003,Motorcycles,95,S10_1678,Herkku Gifts,+47 2267 3215,"Drammen 121, PR 744 Sentrum",N/A,Bergen,N/A,N 5804,Norway,EMEA,Oeztan,Veysel,Medium,2003,11,4,November,Q4,2003-11,EMEA,5512.32,2736.0,2776.3199999999997,50.36572622779519,Medium
10201,22,98.57,2,2168.54,2003-12-01,Shipped,4,12,2003,Motorcycles,95,S10_1678,Mini Wheels Co.,6505555787,5557 North Pendale Street,N/A,San Francisco,CA,N/A,USA,NA,Murphy,Julie,Small,2003,12,4,December,Q4,2003-12,NA,2168.54,1254.0,914.54,42.17307497210104,Low
10211,41,100.0,14,4708.44,2004-01-15,Shipped,1,1,2004,Motorcycles,95,S10_1678,Auto Canal Petit,(1) 47.55.6555,"25, rue Lauriston",N/A,Paris,N/A,75016,France,EMEA,Perrier,Dominique,Medium,2004,1,1,January,Q1,2004-01,EMEA,4708.44,2337.0,2371.4399999999996,50.36572622779519,Medium
10223,37,100.0,1,3965.66,2004-02-20,Shipped,1,2,2004,Motorcycles,95,S10_1678,"Australian Collectors, Co.",03 9520 4555,636 St Kilda Road,Level 3,Melbourne,Victoria,3004,Australia,APAC,Ferguson,Peter,Medium,2004,2,1,February,Q1,2004-02,APAC,3965.66,2109.0,1856.6599999999999,46.81843627542452,Medium
10237,23,100.0,7,2333.12,2004-04-05,Shipped,2,4,2004,Motorcycles,95,S10_1678,Vitachrome Inc.,2125551500,2678 Kingston Rd.,Suite 101,NYC,NY,10022,USA,NA,Frick,Michael,Small,2004,4,2,April,Q2,2004-04,NA,2333.12,1311.0,1022.1199999999999,43.80914826498422,Low
10251,28,100.0,2,3188.64,2004-05-18,Shipped,2,5,2004,Motorcycles,95,S10_1678,Tekni Collectables Inc.,2015559350,7476 Moss Rd.,N/A,Newark,NJ,94019,USA,NA,Brown,William,Medium,2004,5,2,May,Q2,2004-05,NA,3188.64,1596.0,1592.6399999999999,49.94731296101159,Medium
10263,34,100.0,2,3676.76,2004-06-28,Shipped,2,6,2004,Motorcycles,95,S10_1678,Gift Depot Inc.,2035552570,25593 South Bay Ln.,N/A,Bridgewater,CT,97562,USA,NA,King,Julie,Medium,2004,6,2,June,Q2,2004-06,NA,3676.76,1938.0,1738.7600000000002,47.290549287960054,Medium
10275,45,92.83,1,4177.35,2004-07-23,Shipped,3,7,2004,Motorcycles,95,S10_1678,La Rochelle Gifts,40.67.8555,"67, rue des Cinquante Otages",N/A,Nantes,N/A,44000,France,EMEA,Labrune,Janine,Medium,2004,7,3,July,Q3,2004-07,EMEA,4177.35,2565.0,1612.3500000000004,38.59743617365076,Medium
10285,36,100.0,6,4099.68,2004-08-27,Shipped,3,8,2004,Motorcycles,95,S10_1678,Marta's Replicas Co.,6175558555,39323 Spinnaker Dr.,N/A,Cambridge,MA,51247,USA,NA,Hernandez,Marta,Medium,2004,8,3,August,Q3,2004-08,NA,4099.68,2052.0,2047.6800000000003,49.9473129610116,Medium
10299,23,100.0,9,2597.39,2004-09-30,Shipped,3,9,2004,Motorcycles,95,S10_1678,"Toys of Finland, Co.",90-224 8555,Keskuskatu 45,N/A,Helsinki,N/A,21240,Finland,EMEA,Karttunen,Matti,Small,2004,9,3,September,Q3,2004-09,EMEA,2597.39,1311.0,1286.3899999999999,49.52625520233773,Low
10309,41,100.0,5,4394.38,2004-10-15,Shipped,4,10,2004,Motorcycles,95,S10_1678,Baane Mini Imports,07-98 9555,Erling Skakkes gate 78,N/A,Stavern,N/A,4110,Norway,EMEA,Bergulfsen,Jonas,Medium,2004,10,4,October,Q4,2004-10,EMEA,4394.38,2337.0,2057.38,46.81843627542452,Medium
10318,46,94.74,1,4358.04,2004-11-02,Shipped,4,11,2004,Motorcycles,95,S10_1678,Diecast Classics Inc.,2155551555,7586 Pompton St.,N/A,Allentown,PA,70267,USA,NA,Yu,Kyung,Medium,2004,11,4,November,Q4,2004-11,NA,4358.04,2622.0,1736.04,39.83533882203926,Medium
10329,42,100.0,1,4396.14,2004-11-15,Shipped,4,11,2004,Motorcycles,95,S10_1678,Land of Toys Inc.,2125557818,897 Long Airport Avenue,N/A,NYC,NY,10022,USA,NA,Yu,Kwai,Medium,2004,11,4,November,Q4,2004-11,NA,4396.14,2394.0,2002.1400000000003,45.54313556893093,Medium
10341,41,100.0,9,7737.93,2004-11-24,Shipped,4,11,2004,Motorcycles,95,S10_1678,Salzburg Collectables,6562-9555,Geislweg 14,N/A,Salzburg,N/A,5020,Austria,EMEA,Pipps,Georg,Large,2004,11,4,November,Q4,2004-11,EMEA,7737.93,2337.0,5400.93,69.79812430456207,High
10361,20,72.55,13,1451.0,2004-12-17,Shipped,4,12,2004,Motorcycles,95,S10_1678,Souveniers And Things Co.,+61 2 9495 8555,"Monitor Money Building, 815 Pacific Hwy",Level 6,Chatswood,NSW,2067,Australia,APAC,Huxley,Adrian,Small,2004,12,4,December,Q4,2004-12,APAC,1451.0,1140.0,311.0,21.433494141971053,Low
10375,21,34.91,12,733.11,2005-02-03,Shipped,1,2,2005,Motorcycles,95,S10_1678,La Rochelle Gifts,40.67.8555,"67, rue des Cinquante Otages",N/A,Nantes,N/A,44000,France,EMEA,Labrune,Janine,Small,2005,2,1,February,Q1,2005-02,EMEA,733.11,1197.0,-463.89,-63.27699799484389,Low
10388,42,76.36,4,3207.12,2005-03-03,Shipped,1,3,2005,Motorcycles,95,S10_1678,FunGiftIdeas.com,5085552555,1785 First Street,N/A,New Bedford,MA,50553,USA,NA,Benitez,Violeta,Medium,2005,3,1,March,Q1,2005-03,NA,3207.12,2394.0,813.1199999999999,25.353588266107906,Medium
10403,24,100.0,7,2434.56,2005-04-08,Shipped,2,4,2005,Motorcycles,95,S10_1678,"UK Collectables, Ltd.",(171) 555-2282,Berkeley Gardens 12  Brewery,N/A,Liverpool,N/A,WX1 6LT,UK,EMEA,Devon,Elizabeth,Small,2005,4,2,April,Q2,2005-04,EMEA,2434.56,1368.0,1066.56,43.80914826498422,Low
10417,66,100.0,2,7516.08,2005-05-13,Disputed,2,5,2005,Motorcycles,95,S10_1678,Euro Shopping Channel,(91) 555 94 44,"C/ Moralzarzal, 86",N/A,Madrid,N/A,28034,Spain,EMEA,Freyre,Diego,Large,2005,5,2,May,Q2,2005-05,EMEA,7516.08,3762.0,3754.08,49.94731296101159,High
10103,26,100.0,11,5404.62,2003-01-29,Shipped,1,1,2003,Classic Cars,214,S10_1949,Baane Mini Imports,07-98 9555,Erling Skakkes gate 78,N/A,Stavern,N/A,4110,Norway,EMEA,Bergulfsen,Jonas,Medium,2003,1,1,January,Q1,2003-01,EMEA,5404.62,3338.4,2066.22,38.230624909799396,Medium
10112,29,100.0,1,7209.11,2003-03-24,Shipped,1,3,2003,Classic Cars,214,S10_1949,"Volvo Model Replicas, Co",0921-12 3555,Berguvsvgen  8,N/A,Lule,N/A,S-958 22,Sweden,EMEA,Berglund,Christina,Large,2003,3,1,March,Q1,2003-03,EMEA,7209.11,3723.6,3485.5099999999998,48.34868659238103,High
10126,38,100.0,11,7329.06,2003-05-28,Shipped,2,5,2003,Classic Cars,214,S10_1949,"Corrida Auto Replicas, Ltd",(91) 555 22 82,"C/ Araquil, 67",N/A,Madrid,N/A,28023,Spain,EMEA,Sommer,Mart¡n,Large,2003,5,2,May,Q2,2003-05,EMEA,7329.06,4879.2,2449.8600000000006,33.42666044485924,High
10140,37,100.0,11,7374.1,2003-07-24,Shipped,3,7,2003,Classic Cars,214,S10_1949,Technics Stores Inc.,6505556809,9408 Furth Circle,N/A,Burlingame,CA,94217,USA,NA,Hirano,Juri,Large,2003,7,3,July,Q3,2003-07,NA,7374.1,4750.8,2623.3,35.57451078775715,High
10150,45,100.0,8,10993.5,2003-09-19,Shipped,3,9,2003,Classic Cars,214,S10_1949,"Dragon Souveniers, Ltd.",+65 221 7555,"Bronz Sok., Bronz Apt. 3/6 Tesvikiye",N/A,Singapore,N/A,79903,Singapore,Japan,Natividad,Eric,Large,2003,9,3,September,Q3,2003-09,Japan,10993.5,5778.0,5215.5,47.44167007777323,High
10163,21,100.0,1,4860.24,2003-10-20,Shipped,4,10,2003,Classic Cars,214,S10_1949,Classic Legends Inc.,2125558493,5905 Pompton St.,Suite 750,NYC,NY,10022,USA,NA,Hernandez,Maria,Medium,2003,10,4,October,Q4,2003-10,NA,4860.24,2696.4,2163.8399999999997,44.521258209471135,Medium
10174,34,100.0,4,8014.82,2003-11-06,Shipped,4,11,2003,Classic Cars,214,S10_1949,"Australian Gift Network, Co",61-7-3844-6555,31 Duncan St. West End,N/A,South Brisbane,Queensland,4101,Australia,APAC,Calaghan,Tony,Large,2003,11,4,November,Q4,2003-11,APAC,8014.82,4365.599999999999,3649.2200000000003,45.530904000339376,High
10183,23,100.0,8,5372.57,2003-11-13,Shipped,4,11,2003,Classic Cars,214,S10_1949,"Classic Gift Ideas, Inc",2155554695,782 First Street,N/A,Philadelphia,PA,71270,USA,NA,Cervantes,Francisca,Medium,2003,11,4,November,Q4,2003-11,NA,5372.57,2953.2,2419.37,45.03189348859112,Medium
10194,42,100.0,11,7290.36,2003-11-25,Shipped,4,11,2003,Classic Cars,214,S10_1949,"Saveley & Henriot, Co.",78.32.5555,"2, rue du Commerce",N/A,Lyon,N/A,69004,France,EMEA,Saveley,Mary,Large,2003,11,4,November,Q4,2003-11,EMEA,7290.36,5392.8,1897.5599999999995,26.028344279294846,High
10206,47,100.0,6,9064.89,2003-12-05,Shipped,4,12,2003,Classic Cars,214,S10_1949,Canadian Gift Exchange Network,(604) 555-3392,1900 Oak St.,N/A,Vancouver,BC,V3F 2K1,Canada,NA,Tannamuri,Yoshi,Large,2003,12,4,December,Q4,2003-12,NA,9064.89,6034.8,3030.0899999999992,33.42666044485922,High
10215,35,100.0,3,6075.3,2004-01-29,Shipped,1,1,2004,Classic Cars,214,S10_1949,West Coast Collectables Co.,3105553722,3675 Furth Circle,N/A,Burbank,CA,94019,USA,NA,Thompson,Steve,Medium,2004,1,1,January,Q1,2004-01,NA,6075.3,4494.0,1581.3000000000002,26.028344279294853,High
10228,29,100.0,2,6463.23,2004-03-10,Shipped,1,3,2004,Classic Cars,214,S10_1949,Cambridge Collectables Co.,6175555555,4658 Baden Av.,N/A,Cambridge,MA,51247,USA,NA,Tseng,Kyung,Medium,2004,3,1,March,Q1,2004-03,NA,6463.23,3723.6,2739.6299999999997,42.3879391573563,High
10245,34,100.0,9,6120.34,2004-05-04,Shipped,2,5,2004,Classic Cars,214,S10_1949,Super Scale Inc.,2035559545,567 North Pendale Street,N/A,New Haven,CT,97823,USA,NA,Murphy,Leslie,Medium,2004,5,2,May,Q2,2004-05,NA,6120.34,4365.599999999999,1754.7400000000007,28.67062940947726,High
10258,32,100.0,6,7680.64,2004-06-15,Shipped,2,6,2004,Classic Cars,214,S10_1949,"Tokyo Collectables, Ltd",+81 3 3584 0555,2-2-8 Roppongi,N/A,Minato-ku,Tokyo,106-0032,Japan,Japan,Shimamura,Akiko,Large,2004,6,2,June,Q2,2004-06,Japan,7680.64,4108.8,3571.84,46.504457961836515,High
10270,21,100.0,9,4905.39,2004-07-19,Shipped,3,7,2004,Classic Cars,214,S10_1949,Souveniers And Things Co.,+61 2 9495 8555,"Monitor Money Building, 815 Pacific Hwy",Level 6,Chatswood,NSW,2067,Australia,APAC,Huxley,Adrian,Medium,2004,7,3,July,Q3,2004-07,APAC,4905.39,2696.4,2208.9900000000002,45.03189348859112,Medium
10280,34,100.0,2,8014.82,2004-08-17,Shipped,3,8,2004,Classic Cars,214,S10_1949,Amica Models & Co.,011-4988555,Via Monte Bianco 34,N/A,Torino,N/A,10100,Italy,EMEA,Accorti,Paolo,Large,2004,8,3,August,Q3,2004-08,EMEA,8014.82,4365.599999999999,3649.2200000000003,45.530904000339376,High
10291,37,100.0,11,7136.19,2004-09-08,Shipped,3,9,2004,Classic Cars,214,S10_1949,Scandinavian Gift Ideas,0695-34 6555,?kergatan 24,N/A,Boras,N/A,S-844 67,Sweden,EMEA,Larsson,Maria,Large,2004,9,3,September,Q3,2004-09,EMEA,7136.19,4750.8,2385.3899999999994,33.42666044485922,High
10304,47,100.0,6,10172.7,2004-10-11,Shipped,4,10,2004,Classic Cars,214,S10_1949,Auto Assoc. & Cie.,30.59.8555,"67, avenue de l'Europe",N/A,Versailles,N/A,78000,France,EMEA,Tonini,Daniel,Large,2004,10,4,October,Q4,2004-10,EMEA,10172.7,6034.8,4137.900000000001,40.67651655902563,High
10312,48,100.0,3,11623.7,2004-10-21,Shipped,4,10,2004,Classic Cars,214,S10_1949,Mini Gifts Distributors Ltd.,4155551450,5677 Strong St.,N/A,San Rafael,CA,97562,USA,NA,Nelson,Valarie,Large,2004,10,4,October,Q4,2004-10,NA,11623.7,6163.2,5460.500000000001,46.9772963858324,High
10322,40,100.0,1,6000.4,2004-11-04,Shipped,4,11,2004,Classic Cars,214,S10_1949,Online Diecast Creations Co.,6035558647,2304 Long Airport Avenue,N/A,Nashua,NH,62005,USA,NA,Young,Valarie,Medium,2004,11,4,November,Q4,2004-11,NA,6000.4,5136.0,864.3999999999996,14.405706286247577,High
10333,26,100.0,3,3003.0,2004-11-18,Shipped,4,11,2004,Classic Cars,214,S10_1949,Mini Wheels Co.,6505555787,5557 North Pendale Street,N/A,San Francisco,CA,N/A,USA,NA,Murphy,Julie,Medium,2004,11,4,November,Q4,2004-11,NA,3003.0,3338.4,-335.4000000000001,-11.168831168831172,Medium
10347,30,100.0,1,3944.7,2004-11-29,Shipped,4,11,2004,Classic Cars,214,S10_1949,"Australian Collectors, Co.",03 9520 4555,636 St Kilda Road,Level 3,Melbourne,Victoria,3004,Australia,APAC,Ferguson,Peter,Medium,2004,11,4,November,Q4,2004-11,APAC,3944.7,3852.0,92.69999999999982,2.3499885922883825,Medium
10357,32,100.0,10,5691.84,2004-12-10,Shipped,4,12,2004,Classic Cars,214,S10_1949,Mini Gifts Distributors Ltd.,4155551450,5677 Strong St.,N/A,San Rafael,CA,97562,USA,NA,Nelson,Valarie,Medium,2004,12,4,December,Q4,2004-12,NA,5691.84,4108.8,1583.04,27.812447292966773,Medium
10369,41,100.0,2,4514.92,2005-01-20,Shipped,1,1,2005,Classic Cars,214,S10_1949,Collectables For Less Inc.,6175558555,7825 Douglas Av.,N/A,Brickhaven,MA,58339,USA,NA,Nelson,Allen,Medium,2005,1,1,January,Q1,2005-01,NA,4514.92,5264.4,-749.4799999999996,-16.60007264802033,Medium
10381,36,100.0,3,8254.8,2005-02-17,Shipped,1,2,2005,Classic Cars,214,S10_1949,Corporate Gift Ideas Co.,6505551386,7734 Strong St.,N/A,San Francisco,CA,N/A,USA,NA,Brown,Julie,Large,2005,2,1,February,Q1,2005-02,NA,8254.8,4622.4,3632.3999999999996,44.003488879197555,High
10391,24,100.0,4,2416.56,2005-03-09,Shipped,1,3,2005,Classic Cars,214,S10_1949,"Anna's Decorations, Ltd",02 9936 8555,201 Miller Street,Level 15,North Sydney,NSW,2060,Australia,APAC,O'Hara,Anna,Small,2005,3,1,March,Q1,2005-03,APAC,2416.56,3081.6,-665.04,-27.52011123249578,Low
10411,23,100.0,9,4140.23,2005-05-01,Shipped,2,5,2005,Classic Cars,214,S10_1949,Quebec Home Shopping Network,(514) 555-8054,43 rue St. Laurent,N/A,Montreal,Quebec,H1J 1C3,Canada,NA,Fresnisre,Jean,Medium,2005,5,2,May,Q2,2005-05,NA,4140.23,2953.2,1187.0299999999997,28.67062940947725,Medium
10424,50,100.0,6,12001.0,2005-05-31,In Process,2,5,2005,Classic Cars,214,S10_1949,Euro Shopping Channel,(91) 555 94 44,"C/ Moralzarzal, 86",N/A,Madrid,N/A,28034,Spain,EMEA,Freyre,Diego,Large,2005,5,2,May,Q2,2005-05,EMEA,12001.0,6420.0,5581.0,46.504457961836515,High
10107,39,99.91,5,3896.49,2003-02-24,Shipped,1,2,2003,Motorcycles,118,S10_2016,Land of Toys Inc.,2125557818,897 Long Airport Avenue,N/A,NYC,NY,10022,USA,NA,Yu,Kwai,Medium,2003,2,1,February,Q1,2003-02,NA,3896.49,2761.2,1135.29,29.136222600340307,Medium
10120,29,96.34,3,2793.86,2003-04-29,Shipped,2,4,2003,Motorcycles,118,S10_2016,"Australian Collectors, Co.",03 9520 4555,636 St Kilda Road,Level 3,Melbourne,Victoria,3004,Australia,APAC,Ferguson,Peter,Small,2003,4,2,April,Q2,2003-04,APAC,2793.86,2053.2,740.6600000000003,26.51027610545984,Low
10134,27,100.0,5,3307.77,2003-07-01,Shipped,3,7,2003,Motorcycles,118,S10_2016,Lyon Souveniers,+33 1 46 62 7555,27 rue du Colonel Pierre Avia,N/A,Paris,N/A,75508,France,EMEA,Da Cunha,Daniel,Medium,2003,7,3,July,Q3,2003-07,EMEA,3307.77,1911.6,1396.17,42.20879928169129,Medium
10145,37,100.0,9,5192.95,2003-08-25,Shipped,3,8,2003,Motorcycles,118,S10_2016,Toys4GrownUps.com,6265557265,78934 Hillside Dr.,N/A,Pasadena,CA,90003,USA,NA,Young,Julie,Medium,2003,8,3,August,Q3,2003-08,NA,5192.95,2619.6,2573.35,49.55468471677948,Medium
10159,37,100.0,17,5016.83,2003-10-10,Shipped,4,10,2003,Motorcycles,118,S10_2016,Corporate Gift Ideas Co.,6505551386,7734 Strong St.,N/A,San Francisco,CA,N/A,USA,NA,Brown,Julie,Medium,2003,10,4,October,Q4,2003-10,NA,5016.83,2619.6,2397.23,47.783759864296776,Medium
10168,27,100.0,4,3660.93,2003-10-28,Shipped,4,10,2003,Motorcycles,118,S10_2016,Technics Stores Inc.,6505556809,9408 Furth Circle,N/A,Burlingame,CA,94217,USA,NA,Hirano,Juri,Medium,2003,10,4,October,Q4,2003-10,NA,3660.93,1911.6,1749.33,47.783759864296776,Medium
10180,42,100.0,12,4695.6,2003-11-11,Shipped,4,11,2003,Motorcycles,118,S10_2016,Daedalus Designs Imports,20.16.1555,"184, chausse de Tournai",N/A,Lille,N/A,59000,France,EMEA,Rance,Martine,Medium,2003,11,4,November,Q4,2003-11,EMEA,4695.6,2973.6,1722.0000000000005,36.67262969588552,Medium
10188,38,96.34,4,3660.92,2003-11-18,Shipped,4,11,2003,Motorcycles,118,S10_2016,Herkku Gifts,+47 2267 3215,"Drammen 121, PR 744 Sentrum",N/A,Bergen,N/A,N 5804,Norway,EMEA,Oeztan,Veysel,Medium,2003,11,4,November,Q4,2003-11,EMEA,3660.92,2690.4,970.52,26.51027610545983,Medium
10201,24,100.0,5,3025.92,2003-12-01,Shipped,4,12,2003,Motorcycles,118,S10_2016,Mini Wheels Co.,6505555787,5557 North Pendale Street,N/A,San Francisco,CA,N/A,USA,NA,Murphy,Julie,Medium,2003,12,4,December,Q4,2003-12,NA,3025.92,1699.2,1326.72,43.84517766497462,Medium
10210,23,100.0,2,3009.09,2004-01-12,Shipped,1,1,2004,Motorcycles,118,S10_2016,Osaka Souveniers Co.,+81 06 6342 5555,"Dojima Avanza 4F, 1-6-20 Dojima, Kita-ku",N/A,Osaka,Osaka,530-0003,Japan,Japan,Kentary,Mory,Medium,2004,1,1,January,Q1,2004-01,Japan,3009.09,1628.3999999999999,1380.6900000000003,45.88397156615456,Medium
10223,47,100.0,4,5422.39,2004-02-20,Shipped,1,2,2004,Motorcycles,118,S10_2016,"Australian Collectors, Co.",03 9520 4555,636 St Kilda Road,Level 3,Melbourne,Victoria,3004,Australia,APAC,Ferguson,Peter,Medium,2004,2,1,February,Q1,2004-02,APAC,5422.39,3327.6,2094.7900000000004,38.63222674872151,Medium
10236,22,100.0,1,2852.08,2004-04-03,Shipped,2,4,2004,Motorcycles,118,S10_2016,Motor Mint Distributors Inc.,2155559857,11328 Douglas Av.,N/A,Philadelphia,PA,71270,USA,NA,Hernandez,Rosa,Small,2004,4,2,April,Q2,2004-04,NA,2852.08,1557.6,1294.48,45.38722616476396,Low
10251,44,100.0,5,5756.52,2004-05-18,Shipped,2,5,2004,Motorcycles,118,S10_2016,Tekni Collectables Inc.,2015559350,7476 Moss Rd.,N/A,Newark,NJ,94019,USA,NA,Brown,William,Medium,2004,5,2,May,Q2,2004-05,NA,5756.52,3115.2,2641.3200000000006,45.88397156615456,Medium
10263,40,100.0,5,4472.0,2004-06-28,Shipped,2,6,2004,Motorcycles,118,S10_2016,Gift Depot Inc.,2035552570,25593 South Bay Ln.,N/A,Bridgewater,CT,97562,USA,NA,King,Julie,Medium,2004,6,2,June,Q2,2004-06,NA,4472.0,2832.0,1640.0,36.67262969588551,Medium
10275,22,100.0,4,2904.44,2004-07-23,Shipped,3,7,2004,Motorcycles,118,S10_2016,La Rochelle Gifts,40.67.8555,"67, rue des Cinquante Otages",N/A,Nantes,N/A,44000,France,EMEA,Labrune,Janine,Small,2004,7,3,July,Q3,2004-07,EMEA,2904.44,1557.6,1346.8400000000001,46.37176185426451,Low
10285,47,100.0,9,6484.59,2004-08-27,Shipped,3,8,2004,Motorcycles,118,S10_2016,Marta's Replicas Co.,6175558555,39323 Spinnaker Dr.,N/A,Cambridge,MA,51247,USA,NA,Hernandez,Marta,Medium,2004,8,3,August,Q3,2004-08,NA,6484.59,3327.6,3156.9900000000002,48.68449662970211,High
10298,39,96.34,1,3757.26,2004-09-27,Shipped,3,9,2004,Motorcycles,118,S10_2016,Atelier graphique,40.32.2555,"54, rue Royale",N/A,Nantes,N/A,44000,France,EMEA,Schmitt,Carine,Medium,2004,9,3,September,Q3,2004-09,EMEA,3757.26,2761.2,996.0600000000004,26.51027610545984,Medium
10308,34,100.0,2,4043.96,2004-10-15,Shipped,4,10,2004,Motorcycles,118,S10_2016,Mini Classics,9145554562,3758 North Pendale Street,N/A,White Plains,NY,24067,USA,NA,Frick,Steve,Medium,2004,10,4,October,Q4,2004-10,NA,4043.96,2407.2,1636.7600000000002,40.474188666554575,Medium
10318,45,100.0,4,5566.5,2004-11-02,Shipped,4,11,2004,Motorcycles,118,S10_2016,Diecast Classics Inc.,2155551555,7586 Pompton St.,N/A,Allentown,PA,70267,USA,NA,Yu,Kyung,Medium,2004,11,4,November,Q4,2004-11,NA,5566.5,3186.0,2380.5,42.764753435731606,Medium
10329,20,100.0,2,3176.0,2004-11-15,Shipped,4,11,2004,Motorcycles,118,S10_2016,Land of Toys Inc.,2125557818,897 Long Airport Avenue,N/A,NYC,NY,10022,USA,NA,Yu,Kwai,Medium,2004,11,4,November,Q4,2004-11,NA,3176.0,1416.0,1760.0,55.41561712846348,Medium
10339,40,68.92,4,2756.8,2004-11-23,Shipped,4,11,2004,Motorcycles,118,S10_2016,"Tokyo Collectables, Ltd",+81 3 3584 0555,2-2-8 Roppongi,N/A,Minato-ku,Tokyo,106-0032,Japan,Japan,Shimamura,Akiko,Small,2004,11,4,November,Q4,2004-11,Japan,2756.8,2832.0,-75.19999999999982,-2.7278003482298248,Low
10361,26,51.15,8,1329.9,2004-12-17,Shipped,4,12,2004,Motorcycles,118,S10_2016,Souveniers And Things Co.,+61 2 9495 8555,"Monitor Money Building, 815 Pacific Hwy",Level 6,Chatswood,NSW,2067,Australia,APAC,Huxley,Adrian,Small,2004,12,4,December,Q4,2004-12,APAC,1329.9,1840.8,-510.89999999999986,-38.41642228739002,Low
10374,39,100.0,5,5288.01,2005-02-02,Shipped,1,2,2005,Motorcycles,118,S10_2016,"Australian Gift Network, Co",61-7-3844-6555,31 Duncan St. West End,N/A,South Brisbane,Queensland,4101,Australia,APAC,Calaghan,Tony,Medium,2005,2,1,February,Q1,2005-02,APAC,5288.01,2761.2,2526.8100000000004,47.78375986429678,Medium
10388,50,44.51,5,2225.5,2005-03-03,Shipped,1,3,2005,Motorcycles,118,S10_2016,FunGiftIdeas.com,5085552555,1785 First Street,N/A,New Bedford,MA,50553,USA,NA,Benitez,Violeta,Small,2005,3,1,March,Q1,2005-03,NA,2225.5,3540.0,-1314.5,-59.06537856661424,Low
10402,45,100.0,1,5833.8,2005-04-07,Shipped,2,4,2005,Motorcycles,118,S10_2016,Auto Canal Petit,(1) 47.55.6555,"25, rue Lauriston",N/A,Paris,N/A,75016,France,EMEA,Perrier,Dominique,Medium,2005,4,2,April,Q2,2005-04,EMEA,5833.8,3186.0,2647.8,45.38722616476396,Medium
10417,45,100.0,5,5887.35,2005-05-13,Disputed,2,5,2005,Motorcycles,118,S10_2016,Euro Shopping Channel,(91) 555 94 44,"C/ Moralzarzal, 86",N/A,Madrid,N/A,28034,Spain,EMEA,Freyre,Diego,Medium,2005,5,2,May,Q2,2005-05,EMEA,5887.35,3186.0,2701.3500000000004,45.88397156615456,Medium
10107,27,100.0,4,6065.55,2003-02-24,Shipped,1,2,2003,Motorcycles,193,S10_4698,Land of Toys Inc.,2125557818,897 Long Airport Avenue,N/A,NYC,NY,10022,USA,NA,Yu,Kwai,Medium,2003,2,1,February,Q1,2003-02,NA,6065.55,3126.6,2938.9500000000003,48.45314934342311,High
10120,46,100.0,2,9264.86,2003-04-29,Shipped,2,4,2003,Motorcycles,193,S10_4698,"Australian Collectors, Co.",03 9520 4555,636 St Kilda Road,Level 3,Melbourne,Victoria,3004,Australia,APAC,Ferguson,Peter,Large,2003,4,2,April,Q2,2003-04,APAC,9264.86,5326.8,3938.0600000000004,42.50533737153071,High
10134,31,100.0,4,7023.98,2003-07-01,Shipped,3,7,2003,Motorcycles,193,S10_4698,Lyon Souveniers,+33 1 46 62 7555,27 rue du Colonel Pierre Avia,N/A,Paris,N/A,75508,France,EMEA,Da Cunha,Daniel,Large,2003,7,3,July,Q3,2003-07,EMEA,7023.98,3589.7999999999997,3434.18,48.892223497219526,High
10145,33,100.0,8,5176.38,2003-08-25,Shipped,3,8,2003,Motorcycles,193,S10_4698,Toys4GrownUps.com,6265557265,78934 Hillside Dr.,N/A,Pasadena,CA,90003,USA,NA,Young,Julie,Medium,2003,8,3,August,Q3,2003-08,NA,5176.38,3821.3999999999996,1354.9800000000005,26.176208083641473,Medium
10159,22,100.0,16,4132.7,2003-10-10,Shipped,4,10,2003,Motorcycles,193,S10_4698,Corporate Gift Ideas Co.,6505551386,7734 Strong St.,N/A,San Francisco,CA,N/A,USA,NA,Brown,Julie,Medium,2003,10,4,October,Q4,2003-10,NA,4132.7,2547.6,1585.1,38.35507053500133,Medium
10168,20,100.0,3,4183.0,2003-10-28,Shipped,4,10,2003,Motorcycles,193,S10_4698,Technics Stores Inc.,6505556809,9408 Furth Circle,N/A,Burlingame,CA,94217,USA,NA,Hirano,Juri,Medium,2003,10,4,October,Q4,2003-10,NA,4183.0,2316.0,1867.0,44.63303848912264,Medium
10180,41,100.0,11,8892.9,2003-11-11,Shipped,4,11,2003,Motorcycles,193,S10_4698,Daedalus Designs Imports,20.16.1555,"184, chausse de Tournai",N/A,Lille,N/A,59000,France,EMEA,Rance,Martine,Large,2003,11,4,November,Q4,2003-11,EMEA,8892.9,4747.8,4145.099999999999,46.61134163208852,High
10188,45,100.0,3,8714.7,2003-11-18,Shipped,4,11,2003,Motorcycles,193,S10_4698,Herkku Gifts,+47 2267 3215,"Drammen 121, PR 744 Sentrum",N/A,Bergen,N/A,N 5804,Norway,EMEA,Oeztan,Veysel,Large,2003,11,4,November,Q4,2003-11,EMEA,8714.7,5211.0,3503.7000000000007,40.20448208199939,High
10201,49,100.0,4,8065.89,2003-12-01,Shipped,4,12,2003,Motorcycles,193,S10_4698,Mini Wheels Co.,6505555787,5557 North Pendale Street,N/A,San Francisco,CA,N/A,USA,NA,Murphy,Julie,Large,2003,12,4,December,Q4,2003-12,NA,8065.89,5674.2,2391.6900000000005,29.65190450154912,High
10210,34,100.0,1,6123.4,2004-01-12,Shipped,1,1,2004,Motorcycles,193,S10_4698,Osaka Souveniers Co.,+81 06 6342 5555,"Dojima Avanza 4F, 1-6-20 Dojima, Kita-ku",N/A,Osaka,Osaka,530-0003,Japan,Japan,Kentary,Mory,Medium,2004,1,1,January,Q1,2004-01,Japan,6123.4,3937.2,2186.2,35.7023875624653,High
10223,49,100.0,3,9774.03,2004-02-20,Shipped,1,2,2004,Motorcycles,193,S10_4698,"Australian Collectors, Co.",03 9520 4555,636 St Kilda Road,Level 3,Melbourne,Victoria,3004,Australia,APAC,Ferguson,Peter,Large,2004,2,1,February,Q1,2004-02,APAC,9774.03,5674.2,4099.830000000001,41.94615731688977,High
10237,39,100.0,9,7023.9,2004-04-05,Shipped,2,4,2004,Motorcycles,193,S10_4698,Vitachrome Inc.,2125551500,2678 Kingston Rd.,Suite 101,NYC,NY,10022,USA,NA,Frick,Michael,Large,2004,4,2,April,Q2,2004-04,NA,7023.9,4516.2,2507.7,35.7023875624653,High
10251,43,100.0,4,7078.23,2004-05-18,Shipped,2,5,2004,Motorcycles,193,S10_4698,Tekni Collectables Inc.,2015559350,7476 Moss Rd.,N/A,Newark,NJ,94019,USA,NA,Brown,William,Large,2004,5,2,May,Q2,2004-05,NA,7078.23,4979.4,2098.83,29.651904501549115,High
10263,41,100.0,4,8336.94,2004-06-28,Shipped,2,6,2004,Motorcycles,193,S10_4698,Gift Depot Inc.,2035552570,25593 South Bay Ln.,N/A,Bridgewater,CT,97562,USA,NA,King,Julie,Large,2004,6,2,June,Q2,2004-06,NA,8336.94,4747.8,3589.1400000000003,43.05104750663913,High
10275,36,100.0,3,6901.92,2004-07-23,Shipped,3,7,2004,Motorcycles,193,S10_4698,La Rochelle Gifts,40.67.8555,"67, rue des Cinquante Otages",N/A,Nantes,N/A,44000,France,EMEA,Labrune,Janine,Medium,2004,7,3,July,Q3,2004-07,EMEA,6901.92,4168.8,2733.12,39.59941581472981,High
10285,27,100.0,8,5438.07,2004-08-27,Shipped,3,8,2004,Motorcycles,193,S10_4698,Marta's Replicas Co.,6175558555,39323 Spinnaker Dr.,N/A,Cambridge,MA,51247,USA,NA,Hernandez,Marta,Medium,2004,8,3,August,Q3,2004-08,NA,5438.07,3126.6,2311.47,42.50533737153071,Medium
10299,29,100.0,11,6683.34,2004-09-30,Shipped,3,9,2004,Motorcycles,193,S10_4698,"Toys of Finland, Co.",90-224 8555,Keskuskatu 45,N/A,Helsinki,N/A,21240,Finland,EMEA,Karttunen,Matti,Medium,2004,9,3,September,Q3,2004-09,EMEA,6683.34,3358.2,3325.1400000000003,49.752668575891704,High
10308,20,100.0,1,4570.4,2004-10-15,Shipped,4,10,2004,Motorcycles,193,S10_4698,Mini Classics,9145554562,3758 North Pendale Street,N/A,White Plains,NY,24067,USA,NA,Frick,Steve,Medium,2004,10,4,October,Q4,2004-10,NA,4570.4,2316.0,2254.3999999999996,49.32609837213373,Medium
10318,37,100.0,3,7667.14,2004-11-02,Shipped,4,11,2004,Motorcycles,193,S10_4698,Diecast Classics Inc.,2155551555,7586 Pompton St.,N/A,Allentown,PA,70267,USA,NA,Yu,Kyung,Large,2004,11,4,November,Q4,2004-11,NA,7667.14,4284.599999999999,3382.540000000001,44.11736318888139,High
10329,26,100.0,3,5868.2,2004-11-15,Shipped,4,11,2004,Motorcycles,193,S10_4698,Land of Toys Inc.,2125557818,897 Long Airport Avenue,N/A,NYC,NY,10022,USA,NA,Yu,Kwai,Medium,2004,11,4,November,Q4,2004-11,NA,5868.2,3010.7999999999997,2857.4,48.692955250332304,Medium
10339,39,76.67,3,2990.13,2004-11-23,Shipped,4,11,2004,Motorcycles,193,S10_4698,"Tokyo Collectables, Ltd",+81 3 3584 0555,2-2-8 Roppongi,N/A,Minato-ku,Tokyo,106-0032,Japan,Japan,Shimamura,Akiko,Small,2004,11,4,November,Q4,2004-11,Japan,2990.13,4516.2,-1526.0699999999997,-51.03691143863309,Low
10362,22,100.0,4,3664.1,2005-01-05,Shipped,1,1,2005,Motorcycles,193,S10_4698,Technics Stores Inc.,6505556809,9408 Furth Circle,N/A,Burlingame,CA,94217,USA,NA,Hirano,Juri,Medium,2005,1,1,January,Q1,2005-01,NA,3664.1,2547.6,1116.5,30.47132993095167,Medium
10374,22,100.0,1,3834.38,2005-02-02,Shipped,1,2,2005,Motorcycles,193,S10_4698,"Australian Gift Network, Co",61-7-3844-6555,31 Duncan St. West End,N/A,South Brisbane,Queensland,4101,Australia,APAC,Calaghan,Tony,Medium,2005,2,1,February,Q1,2005-02,APAC,3834.38,2547.6,1286.7800000000002,33.559010843995644,Medium
10388,21,86.77,7,1822.17,2005-03-03,Shipped,1,3,2005,Motorcycles,193,S10_4698,FunGiftIdeas.com,5085552555,1785 First Street,N/A,New Bedford,MA,50553,USA,NA,Benitez,Violeta,Small,2005,3,1,March,Q1,2005-03,NA,1822.17,2431.7999999999997,-609.6299999999997,-33.456263685605606,Low
10403,66,100.0,9,11886.6,2005-04-08,Shipped,2,4,2005,Motorcycles,193,S10_4698,"UK Collectables, Ltd.",(171) 555-2282,Berkeley Gardens 12  Brewery,N/A,Liverpool,N/A,WX1 6LT,UK,EMEA,Devon,Elizabeth,Large,2005,4,2,April,Q2,2005-04,EMEA,11886.6,7642.799999999999,4243.800000000001,35.702387562465304,High
10417,56,100.0,4,9218.16,2005-05-13,Disputed,2,5,2005,Motorcycles,193,S10_4698,Euro Shopping Channel,(91) 555 94 44,"C/ Moralzarzal, 86",N/A,Madrid,N/A,28034,Spain,EMEA,Freyre,Diego,Large,2005,5,2,May,Q2,2005-05,EMEA,9218.16,6484.8,2733.3599999999997,29.651904501549115,High
10105,50,100.0,2,7208.0,2003-02-11,Shipped,1,2,2003,Classic Cars,136,S10_4757,Danish Wholesale Imports,31 12 3555,Vinb'ltet 34,N/A,Kobenhavn,N/A,1734,Denmark,EMEA,Petersen,Jytte,Large,2003,2,1,February,Q1,2003-02,EMEA,7208.0,4080.0,3128.0,43.39622641509434,High
10119,46,100.0,11,5004.8,2003-04-28,Shipped,2,4,2003,Classic Cars,136,S10_4757,Salzburg Collectables,6562-9555,Geislweg 14,N/A,Salzburg,N/A,5020,Austria,EMEA,Pipps,Georg,Medium,2003,4,2,April,Q2,2003-04,EMEA,5004.8,3753.6,1251.2000000000003,25.000000000000007,Medium
10129,33,100.0,2,4398.24,2003-06-12,Shipped,2,6,2003,Classic Cars,136,S10_4757,"Stylish Desk Decors, Co.",(171) 555-0297,35 King George,N/A,London,N/A,WX3 6FW,UK,EMEA,Brown,Ann,Medium,2003,6,2,June,Q2,2003-06,EMEA,4398.24,2692.7999999999997,1705.44,38.775510204081634,Medium
10143,49,100.0,15,5597.76,2003-08-10,Shipped,3,8,2003,Classic Cars,136,S10_4757,Mini Creations Ltd.,5085559555,4575 Hillside Dr.,N/A,New Bedford,MA,50553,USA,NA,Tam,Wing C,Medium,2003,8,3,August,Q3,2003-08,NA,5597.76,3998.3999999999996,1599.3600000000006,28.57142857142858,Medium
10155,32,100.0,13,4526.08,2003-10-06,Shipped,4,10,2003,Classic Cars,136,S10_4757,"Toys of Finland, Co.",90-224 8555,Keskuskatu 45,N/A,Helsinki,N/A,21240,Finland,EMEA,Karttunen,Matti,Medium,2003,10,4,October,Q4,2003-10,EMEA,4526.08,2611.2,1914.88,42.307692307692314,Medium
10167,44,100.0,9,5924.16,2003-10-23,Cancelled,4,10,2003,Classic Cars,136,S10_4757,Scandinavian Gift Ideas,0695-34 6555,?kergatan 24,N/A,Boras,N/A,S-844 67,Sweden,EMEA,Larsson,Maria,Medium,2003,10,4,October,Q4,2003-10,EMEA,5924.16,3590.4,2333.7599999999998,39.39393939393939,Medium
10178,24,100.0,12,3492.48,2003-11-08,Shipped,4,11,2003,Classic Cars,136,S10_4757,Alpha Cognac,61.77.6555,1 rue Alsace-Lorraine,N/A,Toulouse,N/A,31000,France,EMEA,Roulet,Annette,Medium,2003,11,4,November,Q4,2003-11,EMEA,3492.48,1958.3999999999999,1534.0800000000002,43.925233644859816,Medium
10186,26,100.0,9,3854.24,2003-11-14,Shipped,4,11,2003,Classic Cars,136,S10_4757,"Double Decker Gift Stores, Ltd",(171) 555-7555,120 Hanover Sq.,N/A,London,N/A,WA1 1DP,UK,EMEA,Hardy,Thomas,Medium,2003,11,4,November,Q4,2003-11,EMEA,3854.24,2121.6,1732.6399999999999,44.95412844036697,Medium
10197,45,100.0,6,5324.4,2003-11-26,Shipped,4,11,2003,Classic Cars,136,S10_4757,Enaco Distributors,(93) 203 4555,"Rambla de Catalu¤a, 23",N/A,Barcelona,N/A,8022,Spain,EMEA,Saavedra,Eduardo,Medium,2003,11,4,November,Q4,2003-11,EMEA,5324.4,3672.0,1652.3999999999996,31.034482758620683,Medium
10209,39,100.0,8,5197.92,2004-01-09,Shipped,1,1,2004,Classic Cars,136,S10_4757,"Men 'R' US Retailers, Ltd.",2155554369,6047 Douglas Av.,N/A,Los Angeles,CA,N/A,USA,NA,Chandler,Michael,Medium,2004,1,1,January,Q1,2004-01,NA,5197.92,3182.4,2015.52,38.775510204081634,Medium
10222,49,100.0,12,5997.6,2004-02-19,Shipped,1,2,2004,Classic Cars,136,S10_4757,Collectable Mini Designs Co.,7605558146,361 Furth Circle,N/A,San Diego,CA,91217,USA,NA,Thompson,Valarie,Medium,2004,2,1,February,Q1,2004-02,NA,5997.6,3998.3999999999996,1999.2000000000007,33.33333333333334,Medium
10248,20,100.0,3,2910.4,2004-05-07,Cancelled,2,5,2004,Classic Cars,136,S10_4757,Land of Toys Inc.,2125557818,897 Long Airport Avenue,N/A,NYC,NY,10022,USA,NA,Yu,Kwai,Small,2004,5,2,May,Q2,2004-05,NA,2910.4,1632.0,1278.4,43.925233644859816,Low
10261,27,100.0,1,3378.24,2004-06-17,Shipped,2,6,2004,Classic Cars,136,S10_4757,Quebec Home Shopping Network,(514) 555-8054,43 rue St. Laurent,N/A,Montreal,Quebec,H1J 1C3,Canada,NA,Fresnisre,Jean,Medium,2004,6,2,June,Q2,2004-06,NA,3378.24,2203.2,1175.04,34.78260869565217,Medium
10273,30,100.0,4,3508.8,2004-07-21,Shipped,3,7,2004,Classic Cars,136,S10_4757,Petit Auto,(02) 5554 67,Rue Joseph-Bens 532,N/A,Bruxelles,N/A,B-1180,Belgium,EMEA,Dewey,Catherine,Medium,2004,7,3,July,Q3,2004-07,EMEA,3508.8,2448.0,1060.8000000000002,30.232558139534888,Medium
10283,25,100.0,6,2992.0,2004-08-20,Shipped,3,8,2004,Classic Cars,136,S10_4757,"Royal Canadian Collectables, Ltd.",(604) 555-4555,23 Tsawassen Blvd.,N/A,Tsawassen,BC,T2F 8M4,Canada,NA,Lincoln,Elizabeth,Small,2004,8,3,August,Q3,2004-08,NA,2992.0,2040.0,952.0,31.818181818181817,Low
10295,24,100.0,1,3427.2,2004-09-10,Shipped,3,9,2004,Classic Cars,136,S10_4757,Gifts4AllAges.com,6175559555,8616 Spinnaker Dr.,N/A,Boston,MA,51003,USA,NA,Yoshido,Juri,Medium,2004,9,3,September,Q3,2004-09,NA,3427.2,1958.3999999999999,1468.8,42.85714285714286,Medium
10307,22,100.0,9,2692.8,2004-10-14,Shipped,4,10,2004,Classic Cars,136,S10_4757,"Classic Gift Ideas, Inc",2155554695,782 First Street,N/A,Philadelphia,PA,71270,USA,NA,Cervantes,Francisca,Small,2004,10,4,October,Q4,2004-10,NA,2692.8,1795.2,897.6000000000001,33.333333333333336,Low
10316,33,100.0,17,4128.96,2004-11-01,Shipped,4,11,2004,Classic Cars,136,S10_4757,giftsbymail.co.uk,(198) 555-8888,Garden House Crowther Way,N/A,Cowes,Isle of Wight,PO31 7PJ,UK,EMEA,Bennett,Helen,Medium,2004,11,4,November,Q4,2004-11,EMEA,4128.96,2692.7999999999997,1436.1600000000003,34.78260869565218,Medium
10325,47,64.93,6,3051.71,2004-11-05,Shipped,4,11,2004,Classic Cars,136,S10_4757,Baane Mini Imports,07-98 9555,Erling Skakkes gate 78,N/A,Stavern,N/A,4110,Norway,EMEA,Bergulfsen,Jonas,Medium,2004,11,4,November,Q4,2004-11,EMEA,3051.71,3835.2,-783.4899999999998,-25.673802556599405,Medium
10337,25,48.05,8,1201.25,2004-11-21,Shipped,4,11,2004,Classic Cars,136,S10_4757,Classic Legends Inc.,2125558493,5905 Pompton St.,Suite 750,NYC,NY,10022,USA,NA,Hernandez,Maria,Small,2004,11,4,November,Q4,2004-11,NA,1201.25,2040.0,-838.75,-69.82310093652445,Low
10350,26,75.47,5,1962.22,2004-12-02,Shipped,4,12,2004,Classic Cars,136,S10_4757,Euro Shopping Channel,(91) 555 94 44,"C/ Moralzarzal, 86",N/A,Madrid,N/A,28034,Spain,EMEA,Freyre,Diego,Small,2004,12,4,December,Q4,2004-12,EMEA,1962.22,2121.6,-159.37999999999988,-8.122432754736977,Low
10359,48,54.68,6,2624.64,2004-12-15,Shipped,4,12,2004,Classic Cars,136,S10_4757,Reims Collectables,26.47.1555,59 rue de l'Abbaye,N/A,Reims,N/A,51100,France,EMEA,Henriot,Paul,Small,2004,12,4,December,Q4,2004-12,EMEA,2624.64,3916.7999999999997,-1292.1599999999999,-49.23189465983906,Low
10373,39,100.0,3,4046.25,2005-01-31,Shipped,1,1,2005,Classic Cars,136,S10_4757,"Oulu Toy Supplies, Inc.",981-443655,Torikatu 38,N/A,Oulu,N/A,90110,Finland,EMEA,Koskitalo,Pirkko,Medium,2005,1,1,January,Q1,2005-01,EMEA,4046.25,3182.4,863.8499999999999,21.349397590361445,Medium
10384,34,100.0,4,4846.7,2005-02-23,Shipped,1,2,2005,Classic Cars,136,S10_4757,Corporate Gift Ideas Co.,6505551386,7734 Strong St.,N/A,San Francisco,CA,N/A,USA,NA,Brown,Julie,Medium,2005,2,1,February,Q1,2005-02,NA,4846.7,2774.4,2072.2999999999997,42.75692739389687,Medium
10395,32,100.0,2,3370.56,2005-03-17,Shipped,1,3,2005,Classic Cars,136,S10_4757,Lyon Souveniers,+33 1 46 62 7555,27 rue du Colonel Pierre Avia,N/A,Paris,N/A,75508,France,EMEA,Da Cunha,Daniel,Medium,2005,3,1,March,Q1,2005-03,EMEA,3370.56,2611.2,759.3600000000001,22.529193961834242,Medium
10400,64,100.0,9,9661.44,2005-04-01,Shipped,2,4,2005,Classic Cars,136,S10_4757,The Sharp Gifts Warehouse,4085553659,3086 Ingle Ln.,N/A,San Jose,CA,94217,USA,NA,Frick,Sue,Large,2005,4,2,April,Q2,2005-04,NA,9661.44,5222.4,4439.040000000001,45.94594594594595,High
10414,19,100.0,3,2764.88,2005-05-06,On Hold,2,5,2005,Classic Cars,136,S10_4757,Gifts4AllAges.com,6175559555,8616 Spinnaker Dr.,N/A,Boston,MA,51003,USA,NA,Yoshido,Juri,Small,2005,5,2,May,Q2,2005-05,NA,2764.88,1550.3999999999999,1214.4800000000002,43.925233644859816,Low
10103,42,100.0,4,5398.26,2003-01-29,Shipped,1,1,2003,Classic Cars,147,S10_4962,Baane Mini Imports,07-98 9555,Erling Skakkes gate 78,N/A,Stavern,N/A,4110,Norway,EMEA,Bergulfsen,Jonas,Medium,2003,1,1,January,Q1,2003-01,EMEA,5398.26,3704.3999999999996,1693.8600000000006,31.37788843071657,Medium
10114,31,100.0,8,4305.28,2003-04-01,Shipped,2,4,2003,Classic Cars,147,S10_4962,"La Corne D'abondance, Co.",(1) 42.34.2555,"265, boulevard Charonne",N/A,Paris,N/A,75012,France,EMEA,Bertrand,Marie,Medium,2003,4,2,April,Q2,2003-04,EMEA,4305.28,2734.2,1571.08,36.49193548387097,Medium
10126,22,100.0,4,3347.74,2003-05-28,Shipped,2,5,2003,Classic Cars,147,S10_4962,"Corrida Auto Replicas, Ltd",(91) 555 22 82,"C/ Araquil, 67",N/A,Madrid,N/A,28023,Spain,EMEA,Sommer,Mart¡n,Medium,2003,5,2,May,Q2,2003-05,EMEA,3347.74,1940.3999999999999,1407.34,42.038509561674445,Medium
10140,26,100.0,4,3188.12,2003-07-24,Shipped,3,7,2003,Classic Cars,147,S10_4962,Technics Stores Inc.,6505556809,9408 Furth Circle,N/A,Burlingame,CA,94217,USA,NA,Hirano,Juri,Medium,2003,7,3,July,Q3,2003-07,NA,3188.12,2293.2,894.9200000000001,28.07046158864786,Medium
10150,20,100.0,1,3191.2,2003-09-19,Shipped,3,9,2003,Classic Cars,147,S10_4962,"Dragon Souveniers, Ltd.",+65 221 7555,"Bronz Sok., Bronz Apt. 3/6 Tesvikiye",N/A,Singapore,N/A,79903,Singapore,Japan,Natividad,Eric,Medium,2003,9,3,September,Q3,2003-09,Japan,3191.2,1764.0,1427.1999999999998,44.72298821759839,Medium
10164,21,100.0,2,3536.82,2003-10-21,Resolved,4,10,2003,Classic Cars,147,S10_4962,Mini Auto Werke,7675-3555,Kirchgasse 6,N/A,Graz,N/A,8010,Austria,EMEA,Mendel,Roland,Medium,2003,10,4,October,Q4,2003-10,EMEA,3536.82,1852.1999999999998,1684.6200000000003,47.63092269326684,Medium
10175,33,100.0,9,5362.83,2003-11-06,Shipped,4,11,2003,Classic Cars,147,S10_4962,"Stylish Desk Decors, Co.",(171) 555-0297,35 King George,N/A,London,N/A,WX3 6FW,UK,EMEA,Brown,Ann,Medium,2003,11,4,November,Q4,2003-11,EMEA,5362.83,2910.6,2452.23,45.72641683588702,Medium
10183,28,100.0,1,3433.36,2003-11-13,Shipped,4,11,2003,Classic Cars,147,S10_4962,"Classic Gift Ideas, Inc",2155554695,782 First Street,N/A,Philadelphia,PA,71270,USA,NA,Cervantes,Francisca,Medium,2003,11,4,November,Q4,2003-11,NA,3433.36,2469.6,963.7600000000002,28.07046158864786,Medium
10194,26,100.0,4,4263.74,2003-11-25,Shipped,4,11,2003,Classic Cars,147,S10_4962,"Saveley & Henriot, Co.",78.32.5555,"2, rue du Commerce",N/A,Lyon,N/A,69004,France,EMEA,Saveley,Mary,Medium,2003,11,4,November,Q4,2003-11,EMEA,4263.74,2293.2,1970.54,46.21623269711568,Medium
10207,31,100.0,15,4076.19,2003-12-09,Shipped,4,12,2003,Classic Cars,147,S10_4962,Diecast Collectables,6175552555,6251 Ingle Ln.,N/A,Boston,MA,51003,USA,NA,Franco,Valarie,Medium,2003,12,4,December,Q4,2003-12,NA,4076.19,2734.2,1341.9900000000002,32.922655715263524,Medium
10217,48,100.0,4,7020.48,2004-02-04,Shipped,1,2,2004,Classic Cars,147,S10_4962,Handji Gifts& Co,+65 224 1555,Village Close - 106 Linden Road Sandown,2nd Floor,Singapore,N/A,69045,Singapore,APAC,Victorino,Wendy,Large,2004,2,1,February,Q1,2004-02,APAC,7020.48,4233.599999999999,2786.88,39.69643101326405,High
10229,50,100.0,9,6426.5,2004-03-11,Shipped,1,3,2004,Classic Cars,147,S10_4962,Mini Gifts Distributors Ltd.,4155551450,5677 Strong St.,N/A,San Rafael,CA,97562,USA,NA,Nelson,Valarie,Medium,2004,3,1,March,Q1,2004-03,NA,6426.5,4410.0,2016.5,31.377888430716567,High
10245,28,100.0,2,4591.72,2004-05-04,Shipped,2,5,2004,Classic Cars,147,S10_4962,Super Scale Inc.,2035559545,567 North Pendale Street,N/A,New Haven,CT,97823,USA,NA,Murphy,Leslie,Medium,2004,5,2,May,Q2,2004-05,NA,4591.72,2469.6,2122.1200000000003,46.216232697115686,Medium
10259,26,100.0,12,4033.38,2004-06-15,Shipped,2,6,2004,Classic Cars,147,S10_4962,Handji Gifts& Co,+65 224 1555,Village Close - 106 Linden Road Sandown,2nd Floor,Singapore,N/A,69045,Singapore,APAC,Victorino,Wendy,Medium,2004,6,2,June,Q2,2004-06,APAC,4033.38,2293.2,1740.1800000000003,43.14445948559273,Medium
10270,32,100.0,2,4302.08,2004-07-19,Shipped,3,7,2004,Classic Cars,147,S10_4962,Souveniers And Things Co.,+61 2 9495 8555,"Monitor Money Building, 815 Pacific Hwy",Level 6,Chatswood,NSW,2067,Australia,APAC,Huxley,Adrian,Medium,2004,7,3,July,Q3,2004-07,APAC,4302.08,2822.4,1479.6799999999998,34.394525438857485,Medium
10281,44,100.0,9,7020.64,2004-08-19,Shipped,3,8,2004,Classic Cars,147,S10_4962,Diecast Classics Inc.,2155551555,7586 Pompton St.,N/A,Allentown,PA,70267,USA,NA,Yu,Kyung,Large,2004,8,3,August,Q3,2004-08,NA,7020.64,3880.7999999999997,3139.8400000000006,44.722988217598406,High
10291,30,100.0,4,3855.9,2004-09-08,Shipped,3,9,2004,Classic Cars,147,S10_4962,Scandinavian Gift Ideas,0695-34 6555,?kergatan 24,N/A,Boras,N/A,S-844 67,Sweden,EMEA,Larsson,Maria,Medium,2004,9,3,September,Q3,2004-09,EMEA,3855.9,2646.0,1209.9,31.377888430716567,Medium
10305,38,100.0,13,6680.78,2004-10-13,Shipped,4,10,2004,Classic Cars,147,S10_4962,Marta's Replicas Co.,6175558555,39323 Spinnaker Dr.,N/A,Cambridge,MA,51247,USA,NA,Hernandez,Marta,Medium,2004,10,4,October,Q4,2004-10,NA,6680.78,3351.6,3329.18,49.83220522154599,High
10313,40,100.0,7,6678.0,2004-10-22,Shipped,4,10,2004,Classic Cars,147,S10_4962,Canadian Gift Exchange Network,(604) 555-3392,1900 Oak St.,N/A,Vancouver,BC,V3F 2K1,Canada,NA,Tannamuri,Yoshi,Medium,2004,10,4,October,Q4,2004-10,NA,6678.0,3528.0,3150.0,47.16981132075472,High
10322,46,61.99,8,2851.54,2004-11-04,Shipped,4,11,2004,Classic Cars,147,S10_4962,Online Diecast Creations Co.,6035558647,2304 Long Airport Avenue,N/A,Nashua,NH,62005,USA,NA,Young,Valarie,Small,2004,11,4,November,Q4,2004-11,NA,2851.54,4057.2,-1205.6599999999999,-42.28101306662364,Low
10334,26,100.0,2,3188.12,2004-11-19,On Hold,4,11,2004,Classic Cars,147,S10_4962,"Volvo Model Replicas, Co",0921-12 3555,Berguvsvgen  8,N/A,Lule,N/A,S-958 22,Sweden,EMEA,Berglund,Christina,Medium,2004,11,4,November,Q4,2004-11,EMEA,3188.12,2293.2,894.9200000000001,28.07046158864786,Medium
10347,27,100.0,2,4428.0,2004-11-29,Shipped,4,11,2004,Classic Cars,147,S10_4962,"Australian Collectors, Co.",03 9520 4555,636 St Kilda Road,Level 3,Melbourne,Victoria,3004,Australia,APAC,Ferguson,Peter,Medium,2004,11,4,November,Q4,2004-11,APAC,4428.0,2381.4,2046.6,46.21951219512195,Medium
10357,43,100.0,9,5780.92,2004-12-10,Shipped,4,12,2004,Classic Cars,147,S10_4962,Mini Gifts Distributors Ltd.,4155551450,5677 Strong St.,N/A,San Rafael,CA,97562,USA,NA,Nelson,Valarie,Medium,2004,12,4,December,Q4,2004-12,NA,5780.92,3792.6,1988.3200000000002,34.394525438857485,Medium
10370,35,65.63,4,2297.05,2005-01-20,Shipped,1,1,2005,Classic Cars,147,S10_4962,"Anna's Decorations, Ltd",02 9936 8555,201 Miller Street,Level 15,North Sydney,NSW,2060,Australia,APAC,O'Hara,Anna,Small,2005,1,1,January,Q1,2005-01,APAC,2297.05,3087.0,-789.9499999999998,-34.38976078013103,Low
10381,37,100.0,6,6231.54,2005-02-17,Shipped,1,2,2005,Classic Cars,147,S10_4962,Corporate Gift Ideas Co.,6505551386,7734 Strong St.,N/A,San Francisco,CA,N/A,USA,NA,Brown,Julie,Medium,2005,2,1,February,Q1,2005-02,NA,6231.54,3263.4,2968.14,47.63092269326683,High
10391,37,46.9,7,1735.3,2005-03-09,Shipped,1,3,2005,Classic Cars,147,S10_4962,"Anna's Decorations, Ltd",02 9936 8555,201 Miller Street,Level 15,North Sydney,NSW,2060,Australia,APAC,O'Hara,Anna,Small,2005,3,1,March,Q1,2005-03,APAC,1735.3,3263.4,-1528.1000000000001,-88.05970149253733,Low
10411,27,100.0,2,4427.73,2005-05-01,Shipped,2,5,2005,Classic Cars,147,S10_4962,Quebec Home Shopping Network,(514) 555-8054,43 rue St. Laurent,N/A,Montreal,Quebec,H1J 1C3,Canada,NA,Fresnisre,Jean,Medium,2005,5,2,May,Q2,2005-05,NA,4427.73,2381.4,2046.3299999999995,46.21623269711567,Medium
10425,38,100.0,12,5894.94,2005-05-31,In Process,2,5,2005,Classic Cars,147,S10_4962,La Rochelle Gifts,40.67.8555,"67, rue des Cinquante Otages",N/A,Nantes,N/A,44000,France,EMEA,Labrune,Janine,Medium,2005,5,2,May,Q2,2005-05,EMEA,5894.94,3351.6,2543.3399999999997,43.144459485592726,Medium
10108,33,100.0,6,5265.15,2003-03-03,Shipped,1,3,2003,Classic Cars,194,S12_1099,Cruz & Sons Co.,+63 2 555 3587,15 McCallum Street - NatWest Center #13-03,N/A,Makati City,N/A,1227 MM,Philippines,Japan,Cruz,Arnold,Medium,2003,3,1,March,Q1,2003-03,Japan,5265.15,3841.2,1423.9499999999998,27.044813538075836,Medium
10122,42,100.0,10,7599.9,2003-05-08,Shipped,2,5,2003,Classic Cars,194,S12_1099,Marseille Mini Autos,91.24.4555,"12, rue des Bouchers",N/A,Marseille,N/A,13008,France,EMEA,Lebihan,Laurence,Large,2003,5,2,May,Q2,2003-05,EMEA,7599.9,4888.8,2711.0999999999995,35.67283780049737,High
10135,42,100.0,7,8008.56,2003-07-02,Shipped,3,7,2003,Classic Cars,194,S12_1099,Mini Gifts Distributors Ltd.,4155551450,5677 Strong St.,N/A,San Rafael,CA,97562,USA,NA,Nelson,Valarie,Large,2003,7,3,July,Q3,2003-07,NA,8008.56,4888.8,3119.76,38.95531780994336,High
10147,48,100.0,7,9245.76,2003-09-05,Shipped,3,9,2003,Classic Cars,194,S12_1099,Collectables For Less Inc.,6175558555,7825 Douglas Av.,N/A,Brickhaven,MA,58339,USA,NA,Nelson,Allen,Large,2003,9,3,September,Q3,2003-09,NA,9245.76,5587.2,3658.5600000000004,39.57013809573253,High
10159,41,100.0,2,8296.35,2003-10-10,Shipped,4,10,2003,Classic Cars,194,S12_1099,Corporate Gift Ideas Co.,6505551386,7734 Strong St.,N/A,San Francisco,CA,N/A,USA,NA,Brown,Julie,Large,2003,10,4,October,Q4,2003-10,NA,8296.35,4772.4,3523.9500000000007,42.47590808005931,High
10169,30,100.0,2,5019.9,2003-11-04,Shipped,4,11,2003,Classic Cars,194,S12_1099,"Anna's Decorations, Ltd",02 9936 8555,201 Miller Street,Level 15,North Sydney,NSW,2060,Australia,APAC,O'Hara,Anna,Medium,2003,11,4,November,Q4,2003-11,APAC,5019.9,3492.0,1527.8999999999996,30.436861292057603,Medium
10181,27,100.0,14,5411.07,2003-11-12,Shipped,4,11,2003,Classic Cars,194,S12_1099,Herkku Gifts,+47 2267 3215,"Drammen 121, PR 744 Sentrum",N/A,Bergen,N/A,N 5804,Norway,EMEA,Oeztan,Veysel,Medium,2003,11,4,November,Q4,2003-11,EMEA,5411.07,3142.7999999999997,2268.27,41.91906591487451,Medium
10191,21,100.0,3,3840.9,2003-11-20,Shipped,4,11,2003,Classic Cars,194,S12_1099,"Toms Spezialitten, Ltd",0221-5554327,Mehrheimerstr. 369,N/A,Koln,N/A,50739,Germany,EMEA,Pfalzheim,Henriette,Medium,2003,11,4,November,Q4,2003-11,EMEA,3840.9,2444.4,1396.5,36.35866593767086,Medium
10203,20,100.0,8,3930.4,2003-12-02,Shipped,4,12,2003,Classic Cars,194,S12_1099,Euro Shopping Channel,(91) 555 94 44,"C/ Moralzarzal, 86",N/A,Madrid,N/A,28034,Spain,EMEA,Freyre,Diego,Medium,2003,12,4,December,Q4,2003-12,EMEA,3930.4,2328.0,1602.4,40.769387339710974,Medium
10211,41,100.0,2,7498.9,2004-01-15,Shipped,1,1,2004,Classic Cars,194,S12_1099,Auto Canal Petit,(1) 47.55.6555,"25, rue Lauriston",N/A,Paris,N/A,75016,France,EMEA,Perrier,Dominique,Large,2004,1,1,January,Q1,2004-01,EMEA,7498.9,4772.4,2726.5,36.35866593767086,High
10225,27,100.0,9,4517.91,2004-02-22,Shipped,1,2,2004,Classic Cars,194,S12_1099,"Vida Sport, Ltd",0897-034555,Grenzacherweg 237,N/A,Gensve,N/A,1203,Switzerland,EMEA,Holz,Michael,Medium,2004,2,1,February,Q1,2004-02,EMEA,4517.91,3142.7999999999997,1375.1100000000001,30.436861292057614,Medium
10238,28,100.0,3,5774.72,2004-04-09,Shipped,2,4,2004,Classic Cars,194,S12_1099,Danish Wholesale Imports,31 12 3555,Vinb'ltet 34,N/A,Kobenhavn,N/A,1734,Denmark,EMEA,Petersen,Jytte,Medium,2004,4,2,April,Q2,2004-04,EMEA,5774.72,3259.2,2515.5200000000004,43.56089992242049,Medium
10253,24,100.0,13,3922.56,2004-06-01,Cancelled,2,6,2004,Classic Cars,194,S12_1099,"UK Collectables, Ltd.",(171) 555-2282,Berkeley Gardens 12  Brewery,N/A,Liverpool,N/A,WX1 6LT,UK,EMEA,Devon,Elizabeth,Medium,2004,6,2,June,Q2,2004-06,EMEA,3922.56,2793.6,1128.96,28.781204111600587,Medium
10266,44,100.0,14,9160.36,2004-07-06,Shipped,3,7,2004,Classic Cars,194,S12_1099,L'ordine Souveniers,0522-556555,Strada Provinciale 124,N/A,Reggio Emilia,N/A,42100,Italy,EMEA,Moroni,Maurizio,Large,2004,7,3,July,Q3,2004-07,EMEA,9160.36,5121.599999999999,4038.760000000001,44.0895335991162,High
10276,50,100.0,3,9631.0,2004-08-02,Shipped,3,8,2004,Classic Cars,194,S12_1099,Online Mini Collectables,6175557555,7635 Spinnaker Dr.,N/A,Brickhaven,MA,58339,USA,NA,Barajas,Miguel,Large,2004,8,3,August,Q3,2004-08,NA,9631.0,5820.0,3811.0,39.57013809573253,High
10287,21,100.0,12,3432.24,2004-08-30,Shipped,3,8,2004,Classic Cars,194,S12_1099,"Vida Sport, Ltd",0897-034555,Grenzacherweg 237,N/A,Gensve,N/A,1203,Switzerland,EMEA,Holz,Michael,Medium,2004,8,3,August,Q3,2004-08,EMEA,3432.24,2444.4,987.8399999999997,28.781204111600577,Medium
10300,33,100.0,5,5521.89,2003-10-04,Shipped,4,10,2003,Classic Cars,194,S12_1099,"Blauer See Auto, Co.",+49 69 66 90 2555,Lyonerstr. 34,N/A,Frankfurt,N/A,60528,Germany,EMEA,Keitel,Roland,Medium,2003,10,4,October,Q4,2003-10,EMEA,5521.89,3841.2,1680.6900000000005,30.436861292057614,Medium
10310,33,100.0,10,6934.62,2004-10-16,Shipped,4,10,2004,Classic Cars,194,S12_1099,"Toms Spezialitten, Ltd",0221-5554327,Mehrheimerstr. 369,N/A,Koln,N/A,50739,Germany,EMEA,Pfalzheim,Henriette,Medium,2004,10,4,October,Q4,2004-10,EMEA,6934.62,3841.2,3093.42,44.608356333872656,High
10320,31,100.0,3,6876.11,2004-11-03,Shipped,4,11,2004,Classic Cars,194,S12_1099,"Volvo Model Replicas, Co",0921-12 3555,Berguvsvgen  8,N/A,Lule,N/A,S-958 22,Sweden,EMEA,Berglund,Christina,Medium,2004,11,4,November,Q4,2004-11,EMEA,6876.11,3608.4,3267.7099999999996,47.52265452414228,High
10329,41,71.47,5,2930.27,2004-11-15,Shipped,4,11,2004,Classic Cars,194,S12_1099,Land of Toys Inc.,2125557818,897 Long Airport Avenue,N/A,NYC,NY,10022,USA,NA,Yu,Kwai,Small,2004,11,4,November,Q4,2004-11,NA,2930.27,4772.4,-1842.1299999999997,-62.86553798796697,Low
10341,45,79.65,2,3584.25,2004-11-24,Shipped,4,11,2004,Classic Cars,194,S12_1099,Salzburg Collectables,6562-9555,Geislweg 14,N/A,Salzburg,N/A,5020,Austria,EMEA,Pipps,Georg,Medium,2004,11,4,November,Q4,2004-11,EMEA,3584.25,5238.0,-1653.75,-46.13935969868173,Medium
10363,33,85.39,3,2817.87,2005-01-06,Shipped,1,1,2005,Classic Cars,194,S12_1099,Suominen Souveniers,+358 9 8045 555,"Software Engineering Center, SEC Oy",N/A,Espoo,N/A,FIN-02271,Finland,EMEA,Suominen,Kalle,Small,2005,1,1,January,Q1,2005-01,EMEA,2817.87,3841.2,-1023.3299999999999,-36.31572783698325,Low
10375,45,76.0,7,3420.0,2005-02-03,Shipped,1,2,2005,Classic Cars,194,S12_1099,La Rochelle Gifts,40.67.8555,"67, rue des Cinquante Otages",N/A,Nantes,N/A,44000,France,EMEA,Labrune,Janine,Medium,2005,2,1,February,Q1,2005-02,EMEA,3420.0,5238.0,-1818.0,-53.1578947368421,Medium
10389,26,99.04,4,2575.04,2005-03-03,Shipped,1,3,2005,Classic Cars,194,S12_1099,Scandinavian Gift Ideas,0695-34 6555,?kergatan 24,N/A,Boras,N/A,S-844 67,Sweden,EMEA,Larsson,Maria,Small,2005,3,1,March,Q1,2005-03,EMEA,2575.04,3026.4,-451.3600000000001,-17.528271405492735,Low
10419,12,100.0,13,1961.28,2005-05-17,Shipped,2,5,2005,Classic Cars,194,S12_1099,Salzburg Collectables,6562-9555,Geislweg 14,N/A,Salzburg,N/A,5020,Austria,EMEA,Pipps,Georg,Small,2005,5,2,May,Q2,2005-05,EMEA,1961.28,1396.8,564.48,28.781204111600587,Low
10105,41,100.0,15,8690.36,2003-02-11,Shipped,1,2,2003,Classic Cars,207,S12_1108,Danish Wholesale Imports,31 12 3555,Vinb'ltet 34,N/A,Kobenhavn,N/A,1734,Denmark,EMEA,Petersen,Jytte,Large,2003,2,1,February,Q1,2003-02,EMEA,8690.36,5092.2,3598.1600000000008,41.40403849782979,High
10117,33,100.0,9,6034.38,2003-04-16,Shipped,2,4,2003,Classic Cars,207,S12_1108,"Dragon Souveniers, Ltd.",+65 221 7555,"Bronz Sok., Bronz Apt. 3/6 Tesvikiye",N/A,Singapore,N/A,79903,Singapore,Japan,Natividad,Eric,Medium,2003,4,2,April,Q2,2003-04,Japan,6034.38,4098.599999999999,1935.7800000000007,32.07918626271466,High
10127,46,100.0,2,11279.2,2003-06-03,Shipped,2,6,2003,Classic Cars,207,S12_1108,Muscle Machine Inc,2125557413,4092 Furth Circle,Suite 400,NYC,NY,10022,USA,NA,Young,Jeff,Large,2003,6,2,June,Q2,2003-06,NA,11279.2,5713.2,5566.000000000001,49.347471451876025,High
10142,33,100.0,12,8023.29,2003-08-08,Shipped,3,8,2003,Classic Cars,207,S12_1108,Mini Gifts Distributors Ltd.,4155551450,5677 Strong St.,N/A,San Rafael,CA,97562,USA,NA,Nelson,Valarie,Large,2003,8,3,August,Q3,2003-08,NA,8023.29,4098.599999999999,3924.6900000000005,48.91621766133345,High
10153,20,100.0,11,4904.0,2003-09-28,Shipped,3,9,2003,Classic Cars,207,S12_1108,Euro Shopping Channel,(91) 555 94 44,"C/ Moralzarzal, 86",N/A,Madrid,N/A,28034,Spain,EMEA,Freyre,Diego,Medium,2003,9,3,September,Q3,2003-09,EMEA,4904.0,2484.0,2420.0,49.34747145187602,Medium
10165,44,100.0,3,8594.52,2003-10-22,Shipped,4,10,2003,Classic Cars,207,S12_1108,"Dragon Souveniers, Ltd.",+65 221 7555,"Bronz Sok., Bronz Apt. 3/6 Tesvikiye",N/A,Singapore,N/A,79903,Singapore,Japan,Natividad,Eric,Large,2003,10,4,October,Q4,2003-10,Japan,8594.52,5464.8,3129.7200000000003,36.415297189371834,High
10176,33,100.0,2,7474.5,2003-11-06,Shipped,4,11,2003,Classic Cars,207,S12_1108,L'ordine Souveniers,0522-556555,Strada Provinciale 124,N/A,Reggio Emilia,N/A,42100,Italy,EMEA,Moroni,Maurizio,Large,2003,11,4,November,Q4,2003-11,EMEA,7474.5,4098.599999999999,3375.9000000000005,45.165562913907294,High
10185,21,100.0,13,3883.74,2003-11-14,Shipped,4,11,2003,Classic Cars,207,S12_1108,Mini Creations Ltd.,5085559555,4575 Hillside Dr.,N/A,New Bedford,MA,50553,USA,NA,Tam,Wing C,Medium,2003,11,4,November,Q4,2003-11,NA,3883.74,2608.2,1275.54,32.84308424353844,Medium
10196,47,100.0,5,8887.7,2003-11-26,Shipped,4,11,2003,Classic Cars,207,S12_1108,Super Scale Inc.,2035559545,567 North Pendale Street,N/A,New Haven,CT,97823,USA,NA,Murphy,Leslie,Large,2003,11,4,November,Q4,2003-11,NA,8887.7,5837.4,3050.300000000001,34.32046536224221,High
10208,46,100.0,13,8602.92,2004-01-02,Shipped,1,1,2004,Classic Cars,207,S12_1108,"Saveley & Henriot, Co.",78.32.5555,"2, rue du Commerce",N/A,Lyon,N/A,69004,France,EMEA,Saveley,Mary,Large,2004,1,1,January,Q1,2004-01,EMEA,8602.92,5713.2,2889.7200000000003,33.58999037536093,High
10220,32,100.0,2,7181.44,2004-02-12,Shipped,1,2,2004,Classic Cars,207,S12_1108,"Clover Collections, Co.",+353 1862 1555,25 Maiden Lane,Floor No. 4,Dublin,N/A,2,Ireland,EMEA,Cassidy,Dean,Large,2004,2,1,February,Q1,2004-02,EMEA,7181.44,3974.3999999999996,3207.04,44.657338918099995,High
10231,42,100.0,2,8378.58,2004-03-19,Shipped,1,3,2004,Classic Cars,207,S12_1108,CAF Imports,+34 913 728 555,"Merchants House, 27-30 Merchant's Quay",N/A,Madrid,N/A,28023,Spain,EMEA,Fernandez,Jesus,Large,2004,3,1,March,Q1,2004-03,EMEA,8378.58,5216.4,3162.1800000000003,37.74124016241416,High
10247,44,100.0,2,10606.2,2004-05-05,Shipped,2,5,2004,Classic Cars,207,S12_1108,Suominen Souveniers,+358 9 8045 555,"Software Engineering Center, SEC Oy",N/A,Espoo,N/A,FIN-02271,Finland,EMEA,Suominen,Kalle,Large,2004,5,2,May,Q2,2004-05,EMEA,10606.2,5464.8,5141.400000000001,48.475420037336654,High
10272,35,100.0,2,5818.4,2004-07-20,Shipped,3,7,2004,Classic Cars,207,S12_1108,Diecast Classics Inc.,2155551555,7586 Pompton St.,N/A,Allentown,PA,70267,USA,NA,Yu,Kyung,Medium,2004,7,3,July,Q3,2004-07,NA,5818.4,4347.0,1471.3999999999996,25.288739172281034,Medium
10282,41,100.0,5,7071.27,2004-08-20,Shipped,3,8,2004,Classic Cars,207,S12_1108,Mini Gifts Distributors Ltd.,4155551450,5677 Strong St.,N/A,San Rafael,CA,97562,USA,NA,Nelson,Valarie,Large,2004,8,3,August,Q3,2004-08,NA,7071.27,5092.2,1979.0700000000006,27.987476082797013,High
10293,46,100.0,8,8411.56,2004-09-09,Shipped,3,9,2004,Classic Cars,207,S12_1108,Amica Models & Co.,011-4988555,Via Monte Bianco 34,N/A,Torino,N/A,10100,Italy,EMEA,Accorti,Paolo,Large,2004,9,3,September,Q3,2004-09,EMEA,8411.56,5713.2,2698.3599999999997,32.07918626271464,High
10306,31,100.0,13,6570.76,2004-10-14,Shipped,4,10,2004,Classic Cars,207,S12_1108,"AV Stores, Co.",(171) 555-1555,Fauntleroy Circus,N/A,Manchester,N/A,EC2 5NT,UK,EMEA,Ashworth,Victoria,Medium,2004,10,4,October,Q4,2004-10,EMEA,6570.76,3850.2,2720.5600000000004,41.40403849782978,High
10314,38,100.0,5,7975.44,2004-10-22,Shipped,4,10,2004,Classic Cars,207,S12_1108,Heintze Collectables,86 21 3555,Smagsloget 45,N/A,Aaarhus,N/A,8200,Denmark,EMEA,Ibsen,Palle,Large,2004,10,4,October,Q4,2004-10,EMEA,7975.44,4719.599999999999,3255.84,40.82332761578045,High
10325,42,64.0,8,2688.0,2004-11-05,Shipped,4,11,2004,Classic Cars,207,S12_1108,Baane Mini Imports,07-98 9555,Erling Skakkes gate 78,N/A,Stavern,N/A,4110,Norway,EMEA,Bergulfsen,Jonas,Small,2004,11,4,November,Q4,2004-11,EMEA,2688.0,5216.4,-2528.3999999999996,-94.06249999999999,Low
10336,33,57.22,10,1888.26,2004-11-20,Shipped,4,11,2004,Classic Cars,207,S12_1108,"La Corne D'abondance, Co.",(1) 42.34.2555,"265, boulevard Charonne",N/A,Paris,N/A,75012,France,EMEA,Bertrand,Marie,Small,2004,11,4,November,Q4,2004-11,EMEA,1888.26,4098.599999999999,-2210.3399999999992,-117.0569730863334,Low
10348,48,52.36,8,2513.28,2004-11-01,Shipped,4,11,2004,Classic Cars,207,S12_1108,"Corrida Auto Replicas, Ltd",(91) 555 22 82,"C/ Araquil, 67",N/A,Madrid,N/A,28023,Spain,EMEA,Sommer,Mart¡n,Small,2004,11,4,November,Q4,2004-11,EMEA,2513.28,5961.599999999999,-3448.3199999999993,-137.2039724980901,Low
10359,42,100.0,8,4764.48,2004-12-15,Shipped,4,12,2004,Classic Cars,207,S12_1108,Reims Collectables,26.47.1555,59 rue de l'Abbaye,N/A,Reims,N/A,51100,France,EMEA,Henriot,Paul,Medium,2004,12,4,December,Q4,2004-12,EMEA,4764.48,5216.4,-451.9200000000001,-9.4851904090268,Medium
10371,32,100.0,6,3560.64,2005-01-23,Shipped,1,1,2005,Classic Cars,207,S12_1108,Mini Gifts Distributors Ltd.,4155551450,5677 Strong St.,N/A,San Rafael,CA,97562,USA,NA,Nelson,Valarie,Medium,2005,1,1,January,Q1,2005-01,NA,3560.64,3974.3999999999996,-413.75999999999976,-11.620382852520889,Medium
10382,34,100.0,10,3823.64,2005-02-17,Shipped,1,2,2005,Classic Cars,207,S12_1108,Mini Gifts Distributors Ltd.,4155551450,5677 Strong St.,N/A,San Rafael,CA,97562,USA,NA,Nelson,Valarie,Medium,2005,2,1,February,Q1,2005-02,NA,3823.64,4222.8,-399.1600000000003,-10.439267295038244,Medium
10395,33,69.12,1,2280.96,2005-03-17,Shipped,1,3,2005,Classic Cars,207,S12_1108,Lyon Souveniers,+33 1 46 62 7555,27 rue du Colonel Pierre Avia,N/A,Paris,N/A,75508,France,EMEA,Da Cunha,Daniel,Small,2005,3,1,March,Q1,2005-03,EMEA,2280.96,4098.599999999999,-1817.6399999999994,-79.68749999999997,Low
10413,36,100.0,2,8677.8,2005-05-05,Shipped,2,5,2005,Classic Cars,207,S12_1108,Gift Depot Inc.,2035552570,25593 South Bay Ln.,N/A,Bridgewater,CT,97562,USA,NA,King,Julie,Large,2005,5,2,May,Q2,2005-05,NA,8677.8,4471.2,4206.599999999999,48.47542003733665,High
10103,27,100.0,8,3394.98,2003-01-29,Shipped,1,1,2003,Trucks and Buses,136,S12_1666,Baane Mini Imports,07-98 9555,Erling Skakkes gate 78,N/A,Stavern,N/A,4110,Norway,EMEA,Bergulfsen,Jonas,Medium,2003,1,1,January,Q1,2003-01,EMEA,3394.98,2203.2,1191.7800000000002,35.10418323524734,Medium
10113,21,100.0,2,3415.44,2003-03-26,Shipped,1,3,2003,Trucks and Buses,136,S12_1666,Mini Gifts Distributors Ltd.,4155551450,5677 Strong St.,N/A,San Rafael,CA,97562,USA,NA,Nelson,Valarie,Medium,2003,3,1,March,Q1,2003-03,NA,3415.44,1713.6,1701.8400000000001,49.827840629611416,Medium
10126,21,100.0,8,2439.57,2003-05-28,Shipped,2,5,2003,Trucks and Buses,136,S12_1666,"Corrida Auto Replicas, Ltd",(91) 555 22 82,"C/ Araquil, 67",N/A,Madrid,N/A,28023,Spain,EMEA,Sommer,Mart¡n,Small,2003,5,2,May,Q2,2003-05,EMEA,2439.57,1713.6,725.9700000000003,29.758113110097277,Low
10140,38,100.0,8,4829.8,2003-07-24,Shipped,3,7,2003,Trucks and Buses,136,S12_1666,Technics Stores Inc.,6505556809,9408 Furth Circle,N/A,Burlingame,CA,94217,USA,NA,Hirano,Juri,Medium,2003,7,3,July,Q3,2003-07,NA,4829.8,3100.7999999999997,1729.0000000000005,35.79858379228955,Medium
10150,30,100.0,5,4100.1,2003-09-19,Shipped,3,9,2003,Trucks and Buses,136,S12_1666,"Dragon Souveniers, Ltd.",+65 221 7555,"Bronz Sok., Bronz Apt. 3/6 Tesvikiye",N/A,Singapore,N/A,79903,Singapore,Japan,Natividad,Eric,Medium,2003,9,3,September,Q3,2003-09,Japan,4100.1,2448.0,1652.1000000000004,40.29413916733739,Medium
10164,49,100.0,6,6563.06,2003-10-21,Resolved,4,10,2003,Trucks and Buses,136,S12_1666,Mini Auto Werke,7675-3555,Kirchgasse 6,N/A,Graz,N/A,8010,Austria,EMEA,Mendel,Roland,Medium,2003,10,4,October,Q4,2003-10,EMEA,6563.06,3998.3999999999996,2564.6600000000008,39.077198745707044,High
10174,43,100.0,1,6817.22,2003-11-06,Shipped,4,11,2003,Trucks and Buses,136,S12_1666,"Australian Gift Network, Co",61-7-3844-6555,31 Duncan St. West End,N/A,South Brisbane,Queensland,4101,Australia,APAC,Calaghan,Tony,Medium,2003,11,4,November,Q4,2003-11,APAC,6817.22,3508.7999999999997,3308.4200000000005,48.53033934653716,High
10183,41,100.0,5,6163.94,2003-11-13,Shipped,4,11,2003,Trucks and Buses,136,S12_1666,"Classic Gift Ideas, Inc",2155554695,782 First Street,N/A,Philadelphia,PA,71270,USA,NA,Cervantes,Francisca,Medium,2003,11,4,November,Q4,2003-11,NA,6163.94,3345.6,2818.3399999999997,45.72302780364507,High
10194,38,100.0,8,4933.92,2003-11-25,Shipped,4,11,2003,Trucks and Buses,136,S12_1666,"Saveley & Henriot, Co.",78.32.5555,"2, rue du Commerce",N/A,Lyon,N/A,69004,France,EMEA,Saveley,Mary,Medium,2003,11,4,November,Q4,2003-11,EMEA,4933.92,3100.7999999999997,1833.1200000000003,37.15341959334566,Medium
10206,28,100.0,3,4056.36,2003-12-05,Shipped,4,12,2003,Trucks and Buses,136,S12_1666,Canadian Gift Exchange Network,(604) 555-3392,1900 Oak St.,N/A,Vancouver,BC,V3F 2K1,Canada,NA,Tannamuri,Yoshi,Medium,2003,12,4,December,Q4,2003-12,NA,4056.36,2284.7999999999997,1771.5600000000004,43.67363843445849,Medium
10216,43,100.0,1,5759.42,2004-02-02,Shipped,1,2,2004,Trucks and Buses,136,S12_1666,Auto Assoc. & Cie.,30.59.8555,"67, avenue de l'Europe",N/A,Versailles,N/A,78000,France,EMEA,Tonini,Daniel,Medium,2004,2,1,February,Q1,2004-02,EMEA,5759.42,3508.7999999999997,2250.6200000000003,39.07719874570704,Medium
10229,25,100.0,13,3451.0,2004-03-11,Shipped,1,3,2004,Trucks and Buses,136,S12_1666,Mini Gifts Distributors Ltd.,4155551450,5677 Strong St.,N/A,San Rafael,CA,97562,USA,NA,Nelson,Valarie,Medium,2004,3,1,March,Q1,2004-03,NA,3451.0,2040.0,1411.0,40.88669950738916,Medium
10245,38,100.0,6,5920.4,2004-05-04,Shipped,2,5,2004,Trucks and Buses,136,S12_1666,Super Scale Inc.,2035559545,567 North Pendale Street,N/A,New Haven,CT,97823,USA,NA,Murphy,Leslie,Medium,2004,5,2,May,Q2,2004-05,NA,5920.4,3100.7999999999997,2819.6,47.625160462130935,Medium
10258,41,100.0,3,6668.24,2004-06-15,Shipped,2,6,2004,Trucks and Buses,136,S12_1666,"Tokyo Collectables, Ltd",+81 3 3584 0555,2-2-8 Roppongi,N/A,Minato-ku,Tokyo,106-0032,Japan,Japan,Shimamura,Akiko,Medium,2004,6,2,June,Q2,2004-06,Japan,6668.24,3345.6,3322.64,49.827840629611416,High
10270,28,100.0,6,4094.72,2004-07-19,Shipped,3,7,2004,Trucks and Buses,136,S12_1666,Souveniers And Things Co.,+61 2 9495 8555,"Monitor Money Building, 815 Pacific Hwy",Level 6,Chatswood,NSW,2067,Australia,APAC,Huxley,Adrian,Medium,2004,7,3,July,Q3,2004-07,APAC,4094.72,2284.7999999999997,1809.92,44.20131291028447,Medium
10281,25,100.0,13,2938.5,2004-08-19,Shipped,3,8,2004,Trucks and Buses,136,S12_1666,Diecast Classics Inc.,2155551555,7586 Pompton St.,N/A,Allentown,PA,70267,USA,NA,Yu,Kyung,Small,2004,8,3,August,Q3,2004-08,NA,2938.5,2040.0,898.5,30.57682491066871,Low
10291,41,100.0,8,6387.8,2004-09-08,Shipped,3,9,2004,Trucks and Buses,136,S12_1666,Scandinavian Gift Ideas,0695-34 6555,?kergatan 24,N/A,Boras,N/A,S-844 67,Sweden,EMEA,Larsson,Maria,Medium,2004,9,3,September,Q3,2004-09,EMEA,6387.8,3345.6,3042.2000000000003,47.625160462130935,High
10304,39,100.0,3,6396.0,2004-10-11,Shipped,4,10,2004,Trucks and Buses,136,S12_1666,Auto Assoc. & Cie.,30.59.8555,"67, avenue de l'Europe",N/A,Versailles,N/A,78000,France,EMEA,Tonini,Daniel,Medium,2004,10,4,October,Q4,2004-10,EMEA,6396.0,3182.4,3213.6,50.24390243902439,High
10313,21,100.0,11,2669.1,2004-10-22,Shipped,4,10,2004,Trucks and Buses,136,S12_1666,Canadian Gift Exchange Network,(604) 555-3392,1900 Oak St.,N/A,Vancouver,BC,V3F 2K1,Canada,NA,Tannamuri,Yoshi,Small,2004,10,4,October,Q4,2004-10,NA,2669.1,1713.6,955.5,35.798583792289534,Low
10322,27,100.0,9,4784.13,2004-11-04,Shipped,4,11,2004,Trucks and Buses,136,S12_1666,Online Diecast Creations Co.,6035558647,2304 Long Airport Avenue,N/A,Nashua,NH,62005,USA,NA,Young,Valarie,Medium,2004,11,4,November,Q4,2004-11,NA,4784.13,2203.2,2580.9300000000003,53.947739714430845,Medium
10333,33,99.21,6,3273.93,2004-11-18,Shipped,4,11,2004,Trucks and Buses,136,S12_1666,Mini Wheels Co.,6505555787,5557 North Pendale Street,N/A,San Francisco,CA,N/A,USA,NA,Murphy,Julie,Medium,2004,11,4,November,Q4,2004-11,NA,3273.93,2692.7999999999997,581.1300000000001,17.75022679165407,Medium
10347,29,100.0,3,3586.43,2004-11-29,Shipped,4,11,2004,Trucks and Buses,136,S12_1666,"Australian Collectors, Co.",03 9520 4555,636 St Kilda Road,Level 3,Melbourne,Victoria,3004,Australia,APAC,Ferguson,Peter,Medium,2004,11,4,November,Q4,2004-11,APAC,3586.43,2366.4,1220.0299999999997,34.017950998625366,Medium
10357,49,100.0,8,5960.36,2004-12-10,Shipped,4,12,2004,Trucks and Buses,136,S12_1666,Mini Gifts Distributors Ltd.,4155551450,5677 Strong St.,N/A,San Rafael,CA,97562,USA,NA,Nelson,Valarie,Medium,2004,12,4,December,Q4,2004-12,NA,5960.36,3998.3999999999996,1961.96,32.91680368299902,Medium
10370,49,100.0,8,8470.14,2005-01-20,Shipped,1,1,2005,Trucks and Buses,136,S12_1666,"Anna's Decorations, Ltd",02 9936 8555,201 Miller Street,Level 15,North Sydney,NSW,2060,Australia,APAC,O'Hara,Anna,Large,2005,1,1,January,Q1,2005-01,APAC,8470.14,3998.3999999999996,4471.74,52.79416869142659,High
10381,20,100.0,1,2952.0,2005-02-17,Shipped,1,2,2005,Trucks and Buses,136,S12_1666,Corporate Gift Ideas Co.,6505551386,7734 Strong St.,N/A,San Francisco,CA,N/A,USA,NA,Brown,Julie,Small,2005,2,1,February,Q1,2005-02,NA,2952.0,1632.0,1320.0,44.71544715447154,Low
10391,39,63.2,9,2464.8,2005-03-09,Shipped,1,3,2005,Trucks and Buses,136,S12_1666,"Anna's Decorations, Ltd",02 9936 8555,201 Miller Street,Level 15,North Sydney,NSW,2060,Australia,APAC,O'Hara,Anna,Small,2005,3,1,March,Q1,2005-03,APAC,2464.8,3182.4,-717.5999999999999,-29.113924050632907,Low
10411,40,100.0,6,6232.0,2005-05-01,Shipped,2,5,2005,Trucks and Buses,136,S12_1666,Quebec Home Shopping Network,(514) 555-8054,43 rue St. Laurent,N/A,Montreal,Quebec,H1J 1C3,Canada,NA,Fresnisre,Jean,Medium,2005,5,2,May,Q2,2005-05,NA,6232.0,3264.0,2968.0,47.625160462130935,High
10424,49,100.0,3,7969.36,2005-05-31,In Process,2,5,2005,Trucks and Buses,136,S12_1666,Euro Shopping Channel,(91) 555 94 44,"C/ Moralzarzal, 86",N/A,Madrid,N/A,28034,Spain,EMEA,Freyre,Diego,Large,2005,5,2,May,Q2,2005-05,EMEA,7969.36,3998.3999999999996,3970.96,49.827840629611416,High
10107,21,100.0,1,3036.6,2003-02-24,Shipped,1,2,2003,Motorcycles,150,S12_2823,Land of Toys Inc.,2125557818,897 Long Airport Avenue,N/A,NYC,NY,10022,USA,NA,Yu,Kwai,Medium,2003,2,1,February,Q1,2003-02,NA,3036.6,1890.0,1146.6,37.75933609958506,Medium
10121,50,100.0,4,8284.0,2003-05-07,Shipped,2,5,2003,Motorcycles,150,S12_2823,Reims Collectables,26.47.1555,59 rue de l'Abbaye,N/A,Reims,N/A,51100,France,EMEA,Henriot,Paul,Large,2003,5,2,May,Q2,2003-05,EMEA,8284.0,4500.0,3784.0,45.67841622404635,High
10134,20,100.0,1,2711.2,2003-07-01,Shipped,3,7,2003,Motorcycles,150,S12_2823,Lyon Souveniers,+33 1 46 62 7555,27 rue du Colonel Pierre Avia,N/A,Paris,N/A,75508,France,EMEA,Da Cunha,Daniel,Small,2003,7,3,July,Q3,2003-07,EMEA,2711.2,1800.0,911.1999999999998,33.60873413986426,Low
10145,49,100.0,5,8339.8,2003-08-25,Shipped,3,8,2003,Motorcycles,150,S12_2823,Toys4GrownUps.com,6265557265,78934 Hillside Dr.,N/A,Pasadena,CA,90003,USA,NA,Young,Julie,Large,2003,8,3,August,Q3,2003-08,NA,8339.8,4410.0,3929.7999999999993,47.12103407755581,High
10159,38,100.0,13,6238.84,2003-10-10,Shipped,4,10,2003,Motorcycles,150,S12_2823,Corporate Gift Ideas Co.,6505551386,7734 Strong St.,N/A,San Francisco,CA,N/A,USA,NA,Brown,Julie,Medium,2003,10,4,October,Q4,2003-10,NA,6238.84,3420.0,2818.84,45.1821171884517,High
10169,35,100.0,13,4639.25,2003-11-04,Shipped,4,11,2003,Motorcycles,150,S12_2823,"Anna's Decorations, Ltd",02 9936 8555,201 Miller Street,Level 15,North Sydney,NSW,2060,Australia,APAC,O'Hara,Anna,Medium,2003,11,4,November,Q4,2003-11,APAC,4639.25,3150.0,1489.25,32.10109392682007,Medium
10180,40,100.0,8,6747.6,2003-11-11,Shipped,4,11,2003,Motorcycles,150,S12_2823,Daedalus Designs Imports,20.16.1555,"184, chausse de Tournai",N/A,Lille,N/A,59000,France,EMEA,Rance,Martine,Medium,2003,11,4,November,Q4,2003-11,EMEA,6747.6,3600.0,3147.6000000000004,46.64769695891873,High
10189,28,100.0,1,4512.48,2003-11-18,Shipped,4,11,2003,Motorcycles,150,S12_2823,Toys4GrownUps.com,6265557265,78934 Hillside Dr.,N/A,Pasadena,CA,90003,USA,NA,Young,Julie,Medium,2003,11,4,November,Q4,2003-11,NA,4512.48,2520.0,1992.4799999999996,44.1548771407297,Medium
10201,25,100.0,1,4029.0,2003-12-01,Shipped,4,12,2003,Motorcycles,150,S12_2823,Mini Wheels Co.,6505555787,5557 North Pendale Street,N/A,San Francisco,CA,N/A,USA,NA,Murphy,Julie,Medium,2003,12,4,December,Q4,2003-12,NA,4029.0,2250.0,1779.0,44.15487714072971,Medium
10211,36,100.0,13,4771.8,2004-01-15,Shipped,1,1,2004,Motorcycles,150,S12_2823,Auto Canal Petit,(1) 47.55.6555,"25, rue Lauriston",N/A,Paris,N/A,75016,France,EMEA,Perrier,Dominique,Medium,2004,1,1,January,Q1,2004-01,EMEA,4771.8,3240.0,1531.8000000000002,32.10109392682007,Medium
10224,43,100.0,6,6087.94,2004-02-21,Shipped,1,2,2004,Motorcycles,150,S12_2823,Daedalus Designs Imports,20.16.1555,"184, chausse de Tournai",N/A,Lille,N/A,59000,France,EMEA,Rance,Martine,Medium,2004,2,1,February,Q1,2004-02,EMEA,6087.94,3870.0,2217.9399999999996,36.43169939256957,High
10237,32,100.0,6,4193.28,2004-04-05,Shipped,2,4,2004,Motorcycles,150,S12_2823,Vitachrome Inc.,2125551500,2678 Kingston Rd.,Suite 101,NYC,NY,10022,USA,NA,Frick,Michael,Medium,2004,4,2,April,Q2,2004-04,NA,4193.28,2880.0,1313.2799999999997,31.318681318681314,Medium
10251,46,100.0,1,7552.28,2004-05-18,Shipped,2,5,2004,Motorcycles,150,S12_2823,Tekni Collectables Inc.,2015559350,7476 Moss Rd.,N/A,Newark,NJ,94019,USA,NA,Brown,William,Large,2004,5,2,May,Q2,2004-05,NA,7552.28,4140.0,3412.2799999999997,45.1821171884517,High
10263,48,100.0,1,6434.4,2004-06-28,Shipped,2,6,2004,Motorcycles,150,S12_2823,Gift Depot Inc.,2035552570,25593 South Bay Ln.,N/A,Bridgewater,CT,97562,USA,NA,King,Julie,Medium,2004,6,2,June,Q2,2004-06,NA,6434.4,4320.0,2114.3999999999996,32.86087280865348,High
10276,43,100.0,14,5181.5,2004-08-02,Shipped,3,8,2004,Motorcycles,150,S12_2823,Online Mini Collectables,6175557555,7635 Spinnaker Dr.,N/A,Brickhaven,MA,58339,USA,NA,Barajas,Miguel,Medium,2004,8,3,August,Q3,2004-08,NA,5181.5,3870.0,1311.5,25.311203319502074,Medium
10285,49,100.0,5,6863.92,2004-08-27,Shipped,3,8,2004,Motorcycles,150,S12_2823,Marta's Replicas Co.,6175558555,39323 Spinnaker Dr.,N/A,Cambridge,MA,51247,USA,NA,Hernandez,Marta,Medium,2004,8,3,August,Q3,2004-08,NA,6863.92,4410.0,2453.92,35.75099942889777,High
10299,24,100.0,8,4157.04,2004-09-30,Shipped,3,9,2004,Motorcycles,150,S12_2823,"Toys of Finland, Co.",90-224 8555,Keskuskatu 45,N/A,Helsinki,N/A,21240,Finland,EMEA,Karttunen,Matti,Medium,2004,9,3,September,Q3,2004-09,EMEA,4157.04,2160.0,1997.04,48.03995150395474,Medium
10309,26,100.0,4,4660.24,2004-10-15,Shipped,4,10,2004,Motorcycles,150,S12_2823,Baane Mini Imports,07-98 9555,Erling Skakkes gate 78,N/A,Stavern,N/A,4110,Norway,EMEA,Bergulfsen,Jonas,Medium,2004,10,4,October,Q4,2004-10,EMEA,4660.24,2340.0,2320.24,49.78799375139478,Medium
10319,30,100.0,9,4111.8,2004-11-03,Shipped,4,11,2004,Motorcycles,150,S12_2823,Microscale Inc.,2125551957,5290 North Pendale Street,Suite 200,NYC,NY,10022,USA,NA,Kuo,Kee,Medium,2004,11,4,November,Q4,2004-11,NA,4111.8,2700.0,1411.8000000000002,34.33532759375456,Medium
10329,24,100.0,6,3542.64,2004-11-15,Shipped,4,11,2004,Motorcycles,150,S12_2823,Land of Toys Inc.,2125557818,897 Long Airport Avenue,N/A,NYC,NY,10022,USA,NA,Yu,Kwai,Medium,2004,11,4,November,Q4,2004-11,NA,3542.64,2160.0,1382.6399999999999,39.0285211029063,Medium
10341,55,100.0,8,8118.55,2004-11-24,Shipped,4,11,2004,Motorcycles,150,S12_2823,Salzburg Collectables,6562-9555,Geislweg 14,N/A,Salzburg,N/A,5020,Austria,EMEA,Pipps,Georg,Large,2004,11,4,November,Q4,2004-11,EMEA,8118.55,4950.0,3168.55,39.02852110290631,High
10362,22,100.0,1,3877.06,2005-01-05,Shipped,1,1,2005,Motorcycles,150,S12_2823,Technics Stores Inc.,6505556809,9408 Furth Circle,N/A,Burlingame,CA,94217,USA,NA,Hirano,Juri,Medium,2005,1,1,January,Q1,2005-01,NA,3877.06,1980.0,1897.06,48.93037507802303,Medium
10375,49,78.92,13,3867.08,2005-02-03,Shipped,1,2,2005,Motorcycles,150,S12_2823,La Rochelle Gifts,40.67.8555,"67, rue des Cinquante Otages",N/A,Nantes,N/A,44000,France,EMEA,Labrune,Janine,Medium,2005,2,1,February,Q1,2005-02,EMEA,3867.08,4410.0,-542.9200000000001,-14.039533705017742,Medium
10388,44,100.0,6,5951.44,2005-03-03,Shipped,1,3,2005,Motorcycles,150,S12_2823,FunGiftIdeas.com,5085552555,1785 First Street,N/A,New Bedford,MA,50553,USA,NA,Benitez,Violeta,Medium,2005,3,1,March,Q1,2005-03,NA,5951.44,3960.0,1991.4399999999996,33.4614815910099,Medium
10403,66,100.0,6,8648.64,2005-04-08,Shipped,2,4,2005,Motorcycles,150,S12_2823,"UK Collectables, Ltd.",(171) 555-2282,Berkeley Gardens 12  Brewery,N/A,Liverpool,N/A,WX1 6LT,UK,EMEA,Devon,Elizabeth,Large,2005,4,2,April,Q2,2005-04,EMEA,8648.64,5940.0,2708.6399999999994,31.318681318681314,High
10417,21,100.0,1,3447.78,2005-05-13,Disputed,2,5,2005,Motorcycles,150,S12_2823,Euro Shopping Channel,(91) 555 94 44,"C/ Moralzarzal, 86",N/A,Madrid,N/A,28034,Spain,EMEA,Freyre,Diego,Medium,2005,5,2,May,Q2,2005-05,EMEA,3447.78,1890.0,1557.7800000000002,45.182117188451706,Medium
10104,34,100.0,1,5958.5,2003-01-31,Shipped,1,1,2003,Classic Cars,151,S12_3148,Euro Shopping Channel,(91) 555 94 44,"C/ Moralzarzal, 86",N/A,Madrid,N/A,28034,Spain,EMEA,Freyre,Diego,Medium,2003,1,1,January,Q1,2003-01,EMEA,5958.5,3080.4,2878.1,48.30242510699001,Medium
10117,43,100.0,10,5911.64,2003-04-16,Shipped,2,4,2003,Classic Cars,151,S12_3148,"Dragon Souveniers, Ltd.",+65 221 7555,"Bronz Sok., Bronz Apt. 3/6 Tesvikiye",N/A,Singapore,N/A,79903,Singapore,Japan,Natividad,Eric,Medium,2003,4,2,April,Q2,2003-04,Japan,5911.64,3895.7999999999997,2015.8400000000006,34.099505382601116,Medium
10127,46,100.0,3,7366.44,2003-06-03,Shipped,2,6,2003,Classic Cars,151,S12_3148,Muscle Machine Inc,2125557413,4092 Furth Circle,Suite 400,NYC,NY,10022,USA,NA,Young,Jeff,Large,2003,6,2,June,Q2,2003-06,NA,7366.44,4167.599999999999,3198.84,43.42450355938554,High
10142,33,100.0,13,4985.64,2003-08-08,Shipped,3,8,2003,Classic Cars,151,S12_3148,Mini Gifts Distributors Ltd.,4155551450,5677 Strong St.,N/A,San Rafael,CA,97562,USA,NA,Nelson,Valarie,Medium,2003,8,3,August,Q3,2003-08,NA,4985.64,2989.7999999999997,1995.8400000000006,40.03177124702145,Medium
10153,42,100.0,12,5393.64,2003-09-28,Shipped,3,9,2003,Classic Cars,151,S12_3148,Euro Shopping Channel,(91) 555 94 44,"C/ Moralzarzal, 86",N/A,Madrid,N/A,28034,Spain,EMEA,Freyre,Diego,Medium,2003,9,3,September,Q3,2003-09,EMEA,5393.64,3805.2,1588.4400000000005,29.450241395421283,Medium
10165,34,100.0,4,4880.02,2003-10-22,Shipped,4,10,2003,Classic Cars,151,S12_3148,"Dragon Souveniers, Ltd.",+65 221 7555,"Bronz Sok., Bronz Apt. 3/6 Tesvikiye",N/A,Singapore,N/A,79903,Singapore,Japan,Natividad,Eric,Medium,2003,10,4,October,Q4,2003-10,Japan,4880.02,3080.4,1799.6200000000003,36.87730787988574,Medium
10176,47,100.0,3,8378.69,2003-11-06,Shipped,4,11,2003,Classic Cars,151,S12_3148,L'ordine Souveniers,0522-556555,Strada Provinciale 124,N/A,Reggio Emilia,N/A,42100,Italy,EMEA,Moroni,Maurizio,Large,2003,11,4,November,Q4,2003-11,EMEA,8378.69,4258.2,4120.490000000001,49.178212823245644,High
10185,33,100.0,14,4038.21,2003-11-14,Shipped,4,11,2003,Classic Cars,151,S12_3148,Mini Creations Ltd.,5085559555,4575 Hillside Dr.,N/A,New Bedford,MA,50553,USA,NA,Tam,Wing C,Medium,2003,11,4,November,Q4,2003-11,NA,4038.21,2989.7999999999997,1048.4100000000003,25.962245648443254,Medium
10196,24,100.0,6,3807.12,2003-11-26,Shipped,4,11,2003,Classic Cars,151,S12_3148,Super Scale Inc.,2035559545,567 North Pendale Street,N/A,New Haven,CT,97823,USA,NA,Murphy,Leslie,Medium,2003,11,4,November,Q4,2003-11,NA,3807.12,2174.4,1632.7199999999998,42.88596104141713,Medium
10208,26,100.0,14,3142.36,2004-01-02,Shipped,1,1,2004,Classic Cars,151,S12_3148,"Saveley & Henriot, Co.",78.32.5555,"2, rue du Commerce",N/A,Lyon,N/A,69004,France,EMEA,Saveley,Mary,Medium,2004,1,1,January,Q1,2004-01,EMEA,3142.36,2355.6,786.7600000000002,25.03723316233659,Medium
10220,30,100.0,3,4713.6,2004-02-12,Shipped,1,2,2004,Classic Cars,151,S12_3148,"Clover Collections, Co.",+353 1862 1555,25 Maiden Lane,Floor No. 4,Dublin,N/A,2,Ireland,EMEA,Cassidy,Dean,Medium,2004,2,1,February,Q1,2004-02,EMEA,4713.6,2718.0,1995.6000000000004,42.33706720977597,Medium
10230,43,100.0,1,7016.31,2004-03-15,Shipped,1,3,2004,Classic Cars,151,S12_3148,"Blauer See Auto, Co.",+49 69 66 90 2555,Lyonerstr. 34,N/A,Frankfurt,N/A,60528,Germany,EMEA,Keitel,Roland,Large,2004,3,1,March,Q1,2004-03,EMEA,7016.31,3895.7999999999997,3120.5100000000007,44.475087332230196,High
10247,25,100.0,3,4381.25,2004-05-05,Shipped,2,5,2004,Classic Cars,151,S12_3148,Suominen Souveniers,+358 9 8045 555,"Software Engineering Center, SEC Oy",N/A,Espoo,N/A,FIN-02271,Finland,EMEA,Suominen,Kalle,Medium,2004,5,2,May,Q2,2004-05,EMEA,4381.25,2265.0,2116.25,48.302425106990015,Medium
10272,27,100.0,3,4283.01,2004-07-20,Shipped,3,7,2004,Classic Cars,151,S12_3148,Diecast Classics Inc.,2155551555,7586 Pompton St.,N/A,Allentown,PA,70267,USA,NA,Yu,Kyung,Medium,2004,7,3,July,Q3,2004-07,NA,4283.01,2446.2,1836.8100000000004,42.88596104141714,Medium
10282,27,100.0,6,4364.82,2004-08-20,Shipped,3,8,2004,Classic Cars,151,S12_3148,Mini Gifts Distributors Ltd.,4155551450,5677 Strong St.,N/A,San Rafael,CA,97562,USA,NA,Nelson,Valarie,Medium,2004,8,3,August,Q3,2004-08,NA,4364.82,2446.2,1918.62,43.95645181244588,Medium
10293,24,100.0,9,4242.24,2004-09-09,Shipped,3,9,2004,Classic Cars,151,S12_3148,Amica Models & Co.,011-4988555,Via Monte Bianco 34,N/A,Torino,N/A,10100,Italy,EMEA,Accorti,Paolo,Medium,2004,9,3,September,Q3,2004-09,EMEA,4242.24,2174.4,2067.8399999999997,48.744059742023076,Medium
10306,34,100.0,14,4982.7,2004-10-14,Shipped,4,10,2004,Classic Cars,151,S12_3148,"AV Stores, Co.",(171) 555-1555,Fauntleroy Circus,N/A,Manchester,N/A,EC2 5NT,UK,EMEA,Ashworth,Victoria,Medium,2004,10,4,October,Q4,2004-10,EMEA,4982.7,3080.4,1902.2999999999997,38.17809621289662,Medium
10314,46,100.0,6,6393.54,2004-10-22,Shipped,4,10,2004,Classic Cars,151,S12_3148,Heintze Collectables,86 21 3555,Smagsloget 45,N/A,Aaarhus,N/A,8200,Denmark,EMEA,Ibsen,Palle,Medium,2004,10,4,October,Q4,2004-10,EMEA,6393.54,4167.599999999999,2225.9400000000005,34.81545434923377,High
10324,27,54.33,1,1466.91,2004-11-05,Shipped,4,11,2004,Classic Cars,151,S12_3148,Vitachrome Inc.,2125551500,2678 Kingston Rd.,Suite 101,NYC,NY,10022,USA,NA,Frick,Michael,Small,2004,11,4,November,Q4,2004-11,NA,1466.91,2446.2,-979.2899999999997,-66.75869685256762,Low
10336,33,100.0,11,4059.33,2004-11-20,Shipped,4,11,2004,Classic Cars,151,S12_3148,"La Corne D'abondance, Co.",(1) 42.34.2555,"265, boulevard Charonne",N/A,Paris,N/A,75012,France,EMEA,Bertrand,Marie,Medium,2004,11,4,November,Q4,2004-11,EMEA,4059.33,2989.7999999999997,1069.5300000000002,26.34745142671328,Medium
10348,47,100.0,4,4801.52,2004-11-01,Shipped,4,11,2004,Classic Cars,151,S12_3148,"Corrida Auto Replicas, Ltd",(91) 555 22 82,"C/ Araquil, 67",N/A,Madrid,N/A,28023,Spain,EMEA,Sommer,Mart¡n,Medium,2004,11,4,November,Q4,2004-11,EMEA,4801.52,4258.2,543.3200000000006,11.315583398590459,Medium
10358,49,55.34,5,2711.66,2004-12-10,Shipped,4,12,2004,Classic Cars,151,S12_3148,Euro Shopping Channel,(91) 555 94 44,"C/ Moralzarzal, 86",N/A,Madrid,N/A,28034,Spain,EMEA,Freyre,Diego,Small,2004,12,4,December,Q4,2004-12,EMEA,2711.66,4439.4,-1727.7399999999998,-63.715215034333205,Low
10372,40,100.0,4,5862.0,2005-01-26,Shipped,1,1,2005,Classic Cars,151,S12_3148,"Tokyo Collectables, Ltd",+81 3 3584 0555,2-2-8 Roppongi,N/A,Minato-ku,Tokyo,106-0032,Japan,Japan,Shimamura,Akiko,Medium,2005,1,1,January,Q1,2005-01,Japan,5862.0,3624.0,2238.0,38.17809621289662,Medium
10382,37,100.0,11,4071.85,2005-02-17,Shipped,1,2,2005,Classic Cars,151,S12_3148,Mini Gifts Distributors Ltd.,4155551450,5677 Strong St.,N/A,San Rafael,CA,97562,USA,NA,Nelson,Valarie,Medium,2005,2,1,February,Q1,2005-02,NA,4071.85,3352.2,719.6500000000001,17.673784643343936,Medium
10413,47,100.0,3,8236.75,2005-05-05,Shipped,2,5,2005,Classic Cars,151,S12_3148,Gift Depot Inc.,2035552570,25593 South Bay Ln.,N/A,Bridgewater,CT,97562,USA,NA,King,Julie,Large,2005,5,2,May,Q2,2005-05,NA,8236.75,4258.2,3978.55,48.302425106990015,High
10108,45,100.0,4,6130.35,2003-03-03,Shipped,1,3,2003,Classic Cars,117,S12_3380,Cruz & Sons Co.,+63 2 555 3587,15 McCallum Street - NatWest Center #13-03,N/A,Makati City,N/A,1227 MM,Philippines,Japan,Cruz,Arnold,Medium,2003,3,1,March,Q1,2003-03,Japan,6130.35,3159.0,2971.3500000000004,48.46950011010791,High
10122,37,99.82,8,3693.34,2003-05-08,Shipped,2,5,2003,Classic Cars,117,S12_3380,Marseille Mini Autos,91.24.4555,"12, rue des Bouchers",N/A,Marseille,N/A,13008,France,EMEA,Lebihan,Laurence,Medium,2003,5,2,May,Q2,2003-05,EMEA,3693.34,2597.4,1095.94,29.673412141855337,Medium
10135,48,100.0,5,6031.68,2003-07-02,Shipped,3,7,2003,Classic Cars,117,S12_3380,Mini Gifts Distributors Ltd.,4155551450,5677 Strong St.,N/A,San Rafael,CA,97562,USA,NA,Nelson,Valarie,Medium,2003,7,3,July,Q3,2003-07,NA,6031.68,3369.6,2662.0800000000004,44.134967372274396,High
10147,31,100.0,5,3494.94,2003-09-05,Shipped,3,9,2003,Classic Cars,117,S12_3380,Collectables For Less Inc.,6175558555,7825 Douglas Av.,N/A,Brickhaven,MA,58339,USA,NA,Nelson,Allen,Medium,2003,9,3,September,Q3,2003-09,NA,3494.94,2176.2,1318.7400000000002,37.73283661522087,Medium
10160,46,100.0,6,5294.14,2003-10-11,Shipped,4,10,2003,Classic Cars,117,S12_3380,"Men 'R' US Retailers, Ltd.",2155554369,6047 Douglas Av.,N/A,Los Angeles,CA,N/A,USA,NA,Chandler,Michael,Medium,2003,10,4,October,Q4,2003-10,NA,5294.14,3229.2,2064.9400000000005,39.00425753757929,Medium
10170,47,100.0,4,5464.69,2003-11-04,Shipped,4,11,2003,Classic Cars,117,S12_3380,Mini Auto Werke,7675-3555,Kirchgasse 6,N/A,Graz,N/A,8010,Austria,EMEA,Mendel,Roland,Medium,2003,11,4,November,Q4,2003-11,EMEA,5464.69,3299.4,2165.2899999999995,39.62329061666809,Medium
10181,28,100.0,12,2860.76,2003-11-12,Shipped,4,11,2003,Classic Cars,117,S12_3380,Herkku Gifts,+47 2267 3215,"Drammen 121, PR 744 Sentrum",N/A,Bergen,N/A,N 5804,Norway,EMEA,Oeztan,Veysel,Small,2003,11,4,November,Q4,2003-11,EMEA,2860.76,1965.6,895.1600000000003,31.290985612214943,Low
10191,40,100.0,1,5590.0,2003-11-20,Shipped,4,11,2003,Classic Cars,117,S12_3380,"Toms Spezialitten, Ltd",0221-5554327,Mehrheimerstr. 369,N/A,Koln,N/A,50739,Germany,EMEA,Pfalzheim,Henriette,Medium,2003,11,4,November,Q4,2003-11,EMEA,5590.0,2808.0,2782.0,49.76744186046512,Medium
10203,20,100.0,6,2254.8,2003-12-02,Shipped,4,12,2003,Classic Cars,117,S12_3380,Euro Shopping Channel,(91) 555 94 44,"C/ Moralzarzal, 86",N/A,Madrid,N/A,28034,Spain,EMEA,Freyre,Diego,Small,2003,12,4,December,Q4,2003-12,EMEA,2254.8,1404.0,850.8000000000002,37.73283661522087,Low
10212,39,100.0,16,4946.76,2004-01-16,Shipped,1,1,2004,Classic Cars,117,S12_3380,Euro Shopping Channel,(91) 555 94 44,"C/ Moralzarzal, 86",N/A,Madrid,N/A,28034,Spain,EMEA,Freyre,Diego,Medium,2004,1,1,January,Q1,2004-01,EMEA,4946.76,2737.7999999999997,2208.9600000000005,44.6546830652791,Medium
10225,25,99.82,7,2495.5,2004-02-22,Shipped,1,2,2004,Classic Cars,117,S12_3380,"Vida Sport, Ltd",0897-034555,Grenzacherweg 237,N/A,Gensve,N/A,1203,Switzerland,EMEA,Holz,Michael,Small,2004,2,1,February,Q1,2004-02,EMEA,2495.5,1755.0,740.5,29.673412141855337,Low
10238,29,100.0,1,3167.38,2004-04-09,Shipped,2,4,2004,Classic Cars,117,S12_3380,Danish Wholesale Imports,31 12 3555,Vinb'ltet 34,N/A,Kobenhavn,N/A,1734,Denmark,EMEA,Petersen,Jytte,Medium,2004,4,2,April,Q2,2004-04,EMEA,3167.38,2035.8,1131.5800000000002,35.72605749862663,Medium
10253,22,100.0,11,2402.84,2004-06-01,Cancelled,2,6,2004,Classic Cars,117,S12_3380,"UK Collectables, Ltd.",(171) 555-2282,Berkeley Gardens 12  Brewery,N/A,Liverpool,N/A,WX1 6LT,UK,EMEA,Devon,Elizabeth,Small,2004,6,2,June,Q2,2004-06,EMEA,2402.84,1544.3999999999999,858.4400000000003,35.72605749862664,Low
10266,22,100.0,12,2454.54,2004-07-06,Shipped,3,7,2004,Classic Cars,117,S12_3380,L'ordine Souveniers,0522-556555,Strada Provinciale 124,N/A,Reggio Emilia,N/A,42100,Italy,EMEA,Moroni,Maurizio,Small,2004,7,3,July,Q3,2004-07,EMEA,2454.54,1544.3999999999999,910.1400000000001,37.07986017746707,Low
10276,47,100.0,1,5464.69,2004-08-02,Shipped,3,8,2004,Classic Cars,117,S12_3380,Online Mini Collectables,6175557555,7635 Spinnaker Dr.,N/A,Brickhaven,MA,58339,USA,NA,Barajas,Miguel,Medium,2004,8,3,August,Q3,2004-08,NA,5464.69,3299.4,2165.2899999999995,39.62329061666809,Medium
10287,45,100.0,10,4756.5,2004-08-30,Shipped,3,8,2004,Classic Cars,117,S12_3380,"Vida Sport, Ltd",0897-034555,Grenzacherweg 237,N/A,Gensve,N/A,1203,Switzerland,EMEA,Holz,Michael,Medium,2004,8,3,August,Q3,2004-08,EMEA,4756.5,3159.0,1597.5,33.58561967833491,Medium
10300,29,100.0,3,3984.6,2003-10-04,Shipped,4,10,2003,Classic Cars,117,S12_3380,"Blauer See Auto, Co.",+49 69 66 90 2555,Lyonerstr. 34,N/A,Frankfurt,N/A,60528,Germany,EMEA,Keitel,Roland,Medium,2003,10,4,October,Q4,2003-10,EMEA,3984.6,2035.8,1948.8,48.90829694323144,Medium
10310,24,100.0,8,3100.32,2004-10-16,Shipped,4,10,2004,Classic Cars,117,S12_3380,"Toms Spezialitten, Ltd",0221-5554327,Mehrheimerstr. 369,N/A,Koln,N/A,50739,Germany,EMEA,Pfalzheim,Henriette,Medium,2004,10,4,October,Q4,2004-10,EMEA,3100.32,1684.8,1415.5200000000002,45.65722248026011,Medium
10320,35,100.0,1,4850.3,2004-11-03,Shipped,4,11,2004,Classic Cars,117,S12_3380,"Volvo Model Replicas, Co",0921-12 3555,Berguvsvgen  8,N/A,Lule,N/A,S-958 22,Sweden,EMEA,Berglund,Christina,Medium,2004,11,4,November,Q4,2004-11,EMEA,4850.3,2457.0,2393.3,49.34333958724203,Medium
10329,46,83.63,13,3846.98,2004-11-15,Shipped,4,11,2004,Classic Cars,117,S12_3380,Land of Toys Inc.,2125557818,897 Long Airport Avenue,N/A,NYC,NY,10022,USA,NA,Yu,Kwai,Medium,2004,11,4,November,Q4,2004-11,NA,3846.98,3229.2,617.7800000000002,16.05883056319503,Medium
10341,44,95.93,1,4220.92,2004-11-24,Shipped,4,11,2004,Classic Cars,117,S12_3380,Salzburg Collectables,6562-9555,Geislweg 14,N/A,Salzburg,N/A,5020,Austria,EMEA,Pipps,Georg,Medium,2004,11,4,November,Q4,2004-11,EMEA,4220.92,3088.7999999999997,1132.1200000000003,26.821640779735233,Medium
10363,34,96.73,4,3288.82,2005-01-06,Shipped,1,1,2005,Classic Cars,117,S12_3380,Suominen Souveniers,+358 9 8045 555,"Software Engineering Center, SEC Oy",N/A,Espoo,N/A,FIN-02271,Finland,EMEA,Suominen,Kalle,Medium,2005,1,1,January,Q1,2005-01,EMEA,3288.82,2386.7999999999997,902.0200000000004,27.42685826527449,Medium
10376,35,100.0,1,3987.2,2005-02-08,Shipped,1,2,2005,Classic Cars,117,S12_3380,Boards & Toys Co.,3105552373,4097 Douglas Av.,N/A,Glendale,CA,92561,USA,NA,Young,Leslie,Medium,2005,2,1,February,Q1,2005-02,NA,3987.2,2457.0,1530.1999999999998,38.37780898876404,Medium
10389,25,72.38,6,1809.5,2005-03-03,Shipped,1,3,2005,Classic Cars,117,S12_3380,Scandinavian Gift Ideas,0695-34 6555,?kergatan 24,N/A,Boras,N/A,S-844 67,Sweden,EMEA,Larsson,Maria,Small,2005,3,1,March,Q1,2005-03,EMEA,1809.5,1755.0,54.5,3.0118817352859906,Low
10419,10,100.0,11,1092.2,2005-05-17,Shipped,2,5,2005,Classic Cars,117,S12_3380,Salzburg Collectables,6562-9555,Geislweg 14,N/A,Salzburg,N/A,5020,Austria,EMEA,Pipps,Georg,Small,2005,5,2,May,Q2,2005-05,EMEA,1092.2,702.0,390.20000000000005,35.72605749862663,Low
10105,29,100.0,14,4566.05,2003-02-11,Shipped,1,2,2003,Classic Cars,173,S12_3891,Danish Wholesale Imports,31 12 3555,Vinb'ltet 34,N/A,Kobenhavn,N/A,1734,Denmark,EMEA,Petersen,Jytte,Medium,2003,2,1,February,Q1,2003-02,EMEA,4566.05,3010.2,1555.8500000000004,34.07430930454113,Medium
10117,39,100.0,8,5938.14,2003-04-16,Shipped,2,4,2003,Classic Cars,173,S12_3891,"Dragon Souveniers, Ltd.",+65 221 7555,"Bronz Sok., Bronz Apt. 3/6 Tesvikiye",N/A,Singapore,N/A,79903,Singapore,Japan,Natividad,Eric,Medium,2003,4,2,April,Q2,2003-04,Japan,5938.14,4048.2,1889.9400000000005,31.82713779062131,Medium
10127,42,100.0,1,8138.76,2003-06-03,Shipped,2,6,2003,Classic Cars,173,S12_3891,Muscle Machine Inc,2125557413,4092 Furth Circle,Suite 400,NYC,NY,10022,USA,NA,Young,Jeff,Large,2003,6,2,June,Q2,2003-06,NA,8138.76,4359.599999999999,3779.1600000000008,46.43410052637012,High
10142,46,100.0,11,9470.94,2003-08-08,Shipped,3,8,2003,Classic Cars,173,S12_3891,Mini Gifts Distributors Ltd.,4155551450,5677 Strong St.,N/A,San Rafael,CA,97562,USA,NA,Nelson,Valarie,Large,2003,8,3,August,Q3,2003-08,NA,9470.94,4774.8,4696.14,49.58472971003934,High
10153,49,100.0,10,7036.89,2003-09-28,Shipped,3,9,2003,Classic Cars,173,S12_3891,Euro Shopping Channel,(91) 555 94 44,"C/ Moralzarzal, 86",N/A,Madrid,N/A,28034,Spain,EMEA,Freyre,Diego,Large,2003,9,3,September,Q3,2003-09,EMEA,7036.89,5086.2,1950.6900000000005,27.720910800083566,High
10165,27,100.0,2,5559.03,2003-10-22,Shipped,4,10,2003,Classic Cars,173,S12_3891,"Dragon Souveniers, Ltd.",+65 221 7555,"Bronz Sok., Bronz Apt. 3/6 Tesvikiye",N/A,Singapore,N/A,79903,Singapore,Japan,Natividad,Eric,Medium,2003,10,4,October,Q4,2003-10,Japan,5559.03,2802.6,2756.43,49.58472971003934,Medium
10176,50,100.0,1,7872.5,2003-11-06,Shipped,4,11,2003,Classic Cars,173,S12_3891,L'ordine Souveniers,0522-556555,Strada Provinciale 124,N/A,Reggio Emilia,N/A,42100,Italy,EMEA,Moroni,Maurizio,Large,2003,11,4,November,Q4,2003-11,EMEA,7872.5,5190.0,2682.5,34.074309304541124,High
10185,43,100.0,12,7886.2,2003-11-14,Shipped,4,11,2003,Classic Cars,173,S12_3891,Mini Creations Ltd.,5085559555,4575 Hillside Dr.,N/A,New Bedford,MA,50553,USA,NA,Tam,Wing C,Large,2003,11,4,November,Q4,2003-11,NA,7886.2,4463.4,3422.8,43.402399127589966,High
10196,38,100.0,4,7232.16,2003-11-26,Shipped,4,11,2003,Classic Cars,173,S12_3891,Super Scale Inc.,2035559545,567 North Pendale Street,N/A,New Haven,CT,97823,USA,NA,Murphy,Leslie,Large,2003,11,4,November,Q4,2003-11,NA,7232.16,3944.3999999999996,3287.76,45.460277427490546,High
10208,20,100.0,12,3114.4,2004-01-02,Shipped,1,1,2004,Classic Cars,173,S12_3891,"Saveley & Henriot, Co.",78.32.5555,"2, rue du Commerce",N/A,Lyon,N/A,69004,France,EMEA,Saveley,Mary,Medium,2004,1,1,January,Q1,2004-01,EMEA,3114.4,2076.0,1038.4,33.34189571024917,Medium
10220,27,100.0,1,5045.22,2004-02-12,Shipped,1,2,2004,Classic Cars,173,S12_3891,"Clover Collections, Co.",+353 1862 1555,25 Maiden Lane,Floor No. 4,Dublin,N/A,2,Ireland,EMEA,Cassidy,Dean,Medium,2004,2,1,February,Q1,2004-02,EMEA,5045.22,2802.6,2242.6200000000003,44.45039066680938,Medium
10231,49,100.0,1,6952.12,2004-03-19,Shipped,1,3,2004,Classic Cars,173,S12_3891,CAF Imports,+34 913 728 555,"Merchants House, 27-30 Merchant's Quay",N/A,Madrid,N/A,28023,Spain,EMEA,Fernandez,Jesus,Medium,2004,3,1,March,Q1,2004-03,EMEA,6952.12,5086.2,1865.92,26.839582745982522,High
10247,27,100.0,1,4157.73,2004-05-05,Shipped,2,5,2004,Classic Cars,173,S12_3891,Suominen Souveniers,+358 9 8045 555,"Software Engineering Center, SEC Oy",N/A,Espoo,N/A,FIN-02271,Finland,EMEA,Suominen,Kalle,Medium,2004,5,2,May,Q2,2004-05,EMEA,4157.73,2802.6,1355.1299999999997,32.59302552113773,Medium
10272,39,100.0,1,7962.24,2004-07-20,Shipped,3,7,2004,Classic Cars,173,S12_3891,Diecast Classics Inc.,2155551555,7586 Pompton St.,N/A,Allentown,PA,70267,USA,NA,Yu,Kyung,Large,2004,7,3,July,Q3,2004-07,NA,7962.24,4048.2,3914.04,49.15752351097179,High
10282,24,100.0,4,3778.8,2004-08-20,Shipped,3,8,2004,Classic Cars,173,S12_3891,Mini Gifts Distributors Ltd.,4155551450,5677 Strong St.,N/A,San Rafael,CA,97562,USA,NA,Nelson,Valarie,Medium,2004,8,3,August,Q3,2004-08,NA,3778.8,2491.2,1287.6000000000004,34.07430930454113,Medium
10293,45,100.0,7,8253.0,2004-09-09,Shipped,3,9,2004,Classic Cars,173,S12_3891,Amica Models & Co.,011-4988555,Via Monte Bianco 34,N/A,Torino,N/A,10100,Italy,EMEA,Accorti,Paolo,Large,2004,9,3,September,Q3,2004-09,EMEA,8253.0,4671.0,3582.0,43.402399127589966,High
10306,20,100.0,12,3633.4,2004-10-14,Shipped,4,10,2004,Classic Cars,173,S12_3891,"AV Stores, Co.",(171) 555-1555,Fauntleroy Circus,N/A,Manchester,N/A,EC2 5NT,UK,EMEA,Ashworth,Victoria,Medium,2004,10,4,October,Q4,2004-10,EMEA,3633.4,2076.0,1557.4,42.86343369846425,Medium
10314,36,100.0,4,6913.8,2004-10-22,Shipped,4,10,2004,Classic Cars,173,S12_3891,Heintze Collectables,86 21 3555,Smagsloget 45,N/A,Aaarhus,N/A,8200,Denmark,EMEA,Ibsen,Palle,Medium,2004,10,4,October,Q4,2004-10,EMEA,6913.8,3736.7999999999997,3177.0000000000005,45.95157511064827,High
10325,24,100.0,1,2583.6,2004-11-05,Shipped,4,11,2004,Classic Cars,173,S12_3891,Baane Mini Imports,07-98 9555,Erling Skakkes gate 78,N/A,Stavern,N/A,4110,Norway,EMEA,Bergulfsen,Jonas,Small,2004,11,4,November,Q4,2004-11,EMEA,2583.6,2491.2,92.40000000000009,3.57640501625639,Low
10336,49,63.38,1,3105.62,2004-11-20,Shipped,4,11,2004,Classic Cars,173,S12_3891,"La Corne D'abondance, Co.",(1) 42.34.2555,"265, boulevard Charonne",N/A,Paris,N/A,75012,France,EMEA,Bertrand,Marie,Medium,2004,11,4,November,Q4,2004-11,EMEA,3105.62,5086.2,-1980.58,-63.77406121804986,Medium
10349,26,100.0,10,4408.56,2004-12-01,Shipped,4,12,2004,Classic Cars,173,S12_3891,Muscle Machine Inc,2125557413,4092 Furth Circle,Suite 400,NYC,NY,10022,USA,NA,Young,Jeff,Medium,2004,12,4,December,Q4,2004-12,NA,4408.56,2698.7999999999997,1709.7600000000007,38.78273177636236,Medium
10359,49,62.09,5,3042.41,2004-12-15,Shipped,4,12,2004,Classic Cars,173,S12_3891,Reims Collectables,26.47.1555,59 rue de l'Abbaye,N/A,Reims,N/A,51100,France,EMEA,Henriot,Paul,Medium,2004,12,4,December,Q4,2004-12,EMEA,3042.41,5086.2,-2043.79,-67.17667901433403,Medium
10372,34,100.0,1,5941.5,2005-01-26,Shipped,1,1,2005,Classic Cars,173,S12_3891,"Tokyo Collectables, Ltd",+81 3 3584 0555,2-2-8 Roppongi,N/A,Minato-ku,Tokyo,106-0032,Japan,Japan,Shimamura,Akiko,Medium,2005,1,1,January,Q1,2005-01,Japan,5941.5,3529.2,2412.3,40.60085836909872,Medium
10382,34,95.35,12,3241.9,2005-02-17,Shipped,1,2,2005,Classic Cars,173,S12_3891,Mini Gifts Distributors Ltd.,4155551450,5677 Strong St.,N/A,San Rafael,CA,97562,USA,NA,Nelson,Valarie,Medium,2005,2,1,February,Q1,2005-02,NA,3241.9,3529.2,-287.2999999999997,-8.862087047718921,Medium
10396,33,100.0,3,6109.29,2005-03-23,Shipped,1,3,2005,Classic Cars,173,S12_3891,Mini Gifts Distributors Ltd.,4155551450,5677 Strong St.,N/A,San Rafael,CA,97562,USA,NA,Nelson,Valarie,Medium,2005,3,1,March,Q1,2005-03,NA,6109.29,3425.4,2683.89,43.93129152487441,High
10413,22,100.0,1,3387.78,2005-05-05,Shipped,2,5,2005,Classic Cars,173,S12_3891,Gift Depot Inc.,2035552570,25593 South Bay Ln.,N/A,Bridgewater,CT,97562,USA,NA,King,Julie,Medium,2005,5,2,May,Q2,2005-05,NA,3387.78,2283.6,1104.1800000000003,32.59302552113774,Medium
10108,39,89.38,7,3485.82,2003-03-03,Shipped,1,3,2003,Classic Cars,79,S12_3990,Cruz & Sons Co.,+63 2 555 3587,15 McCallum Street - NatWest Center #13-03,N/A,Makati City,N/A,1227 MM,Philippines,Japan,Cruz,Arnold,Medium,2003,3,1,March,Q1,2003-03,Japan,3485.82,1848.6,1637.2200000000003,46.968001790109646,Medium
10122,32,63.84,11,2042.88,2003-05-08,Shipped,2,5,2003,Classic Cars,79,S12_3990,Marseille Mini Autos,91.24.4555,"12, rue des Bouchers",N/A,Marseille,N/A,13008,France,EMEA,Lebihan,Laurence,Small,2003,5,2,May,Q2,2003-05,EMEA,2042.88,1516.8,526.0800000000002,25.751879699248125,Low
10135,24,75.01,8,1800.24,2003-07-02,Shipped,3,7,2003,Classic Cars,79,S12_3990,Mini Gifts Distributors Ltd.,4155551450,5677 Strong St.,N/A,San Rafael,CA,97562,USA,NA,Nelson,Valarie,Small,2003,7,3,July,Q3,2003-07,NA,1800.24,1137.6,662.6400000000001,36.8084255432609,Low
10147,21,63.84,8,1340.64,2003-09-05,Shipped,3,9,2003,Classic Cars,79,S12_3990,Collectables For Less Inc.,6175558555,7825 Douglas Av.,N/A,Brickhaven,MA,58339,USA,NA,Nelson,Allen,Small,2003,9,3,September,Q3,2003-09,NA,1340.64,995.4,345.2400000000001,25.751879699248125,Low
10159,24,73.42,3,1762.08,2003-10-10,Shipped,4,10,2003,Classic Cars,79,S12_3990,Corporate Gift Ideas Co.,6505551386,7734 Strong St.,N/A,San Francisco,CA,N/A,USA,NA,Brown,Julie,Small,2003,10,4,October,Q4,2003-10,NA,1762.08,1137.6,624.48,35.4399346227186,Low
10169,36,63.84,3,2298.24,2003-11-04,Shipped,4,11,2003,Classic Cars,79,S12_3990,"Anna's Decorations, Ltd",02 9936 8555,201 Miller Street,Level 15,North Sydney,NSW,2060,Australia,APAC,O'Hara,Anna,Small,2003,11,4,November,Q4,2003-11,APAC,2298.24,1706.3999999999999,591.8399999999999,25.75187969924812,Low
10181,20,81.4,15,1628.0,2003-11-12,Shipped,4,11,2003,Classic Cars,79,S12_3990,Herkku Gifts,+47 2267 3215,"Drammen 121, PR 744 Sentrum",N/A,Bergen,N/A,N 5804,Norway,EMEA,Oeztan,Veysel,Small,2003,11,4,November,Q4,2003-11,EMEA,1628.0,948.0,680.0,41.76904176904177,Low
10191,30,64.64,4,1939.2,2003-11-20,Shipped,4,11,2003,Classic Cars,79,S12_3990,"Toms Spezialitten, Ltd",0221-5554327,Mehrheimerstr. 369,N/A,Koln,N/A,50739,Germany,EMEA,Pfalzheim,Henriette,Small,2003,11,4,November,Q4,2003-11,EMEA,1939.2,1422.0,517.2,26.67079207920792,Low
10203,44,82.99,9,3651.56,2003-12-02,Shipped,4,12,2003,Classic Cars,79,S12_3990,Euro Shopping Channel,(91) 555 94 44,"C/ Moralzarzal, 86",N/A,Madrid,N/A,28034,Spain,EMEA,Freyre,Diego,Medium,2003,12,4,December,Q4,2003-12,EMEA,3651.56,2085.6,1565.96,42.8846849017954,Medium
10211,28,92.57,3,2591.96,2004-01-15,Shipped,1,1,2004,Classic Cars,79,S12_3990,Auto Canal Petit,(1) 47.55.6555,"25, rue Lauriston",N/A,Paris,N/A,75016,France,EMEA,Perrier,Dominique,Small,2004,1,1,January,Q1,2004-01,EMEA,2591.96,1327.2,1264.76,48.79550610348925,Low
10225,37,77.41,10,2864.17,2004-02-22,Shipped,1,2,2004,Classic Cars,79,S12_3990,"Vida Sport, Ltd",0897-034555,Grenzacherweg 237,N/A,Gensve,N/A,1203,Switzerland,EMEA,Holz,Michael,Small,2004,2,1,February,Q1,2004-02,EMEA,2864.17,1753.8,1110.3700000000001,38.767601085131126,Low
10238,20,74.21,4,1484.2,2004-04-09,Shipped,2,4,2004,Classic Cars,79,S12_3990,Danish Wholesale Imports,31 12 3555,Vinb'ltet 34,N/A,Kobenhavn,N/A,1734,Denmark,EMEA,Petersen,Jytte,Small,2004,4,2,April,Q2,2004-04,EMEA,1484.2,948.0,536.2,36.127206575933165,Low
10253,25,90.17,14,2254.25,2004-06-01,Cancelled,2,6,2004,Classic Cars,79,S12_3990,"UK Collectables, Ltd.",(171) 555-2282,Berkeley Gardens 12  Brewery,N/A,Liverpool,N/A,WX1 6LT,UK,EMEA,Devon,Elizabeth,Small,2004,6,2,June,Q2,2004-06,EMEA,2254.25,1185.0,1069.25,47.432627259620716,Low
10266,35,76.61,15,2681.35,2004-07-06,Shipped,3,7,2004,Classic Cars,79,S12_3990,L'ordine Souveniers,0522-556555,Strada Provinciale 124,N/A,Reggio Emilia,N/A,42100,Italy,EMEA,Moroni,Maurizio,Small,2004,7,3,July,Q3,2004-07,EMEA,2681.35,1659.0,1022.3499999999999,38.128181699517036,Low
10276,38,83.79,4,3184.02,2004-08-02,Shipped,3,8,2004,Classic Cars,79,S12_3990,Online Mini Collectables,6175557555,7635 Spinnaker Dr.,N/A,Brickhaven,MA,58339,USA,NA,Barajas,Miguel,Medium,2004,8,3,August,Q3,2004-08,NA,3184.02,1801.2,1382.82,43.43000358037952,Medium
10287,41,69.43,13,2846.63,2004-08-30,Shipped,3,8,2004,Classic Cars,79,S12_3990,"Vida Sport, Ltd",0897-034555,Grenzacherweg 237,N/A,Gensve,N/A,1203,Switzerland,EMEA,Holz,Michael,Small,2004,8,3,August,Q3,2004-08,EMEA,2846.63,1943.3999999999999,903.2300000000002,31.729799798358066,Low
10300,22,76.61,6,1685.42,2003-10-04,Shipped,4,10,2003,Classic Cars,79,S12_3990,"Blauer See Auto, Co.",+49 69 66 90 2555,Lyonerstr. 34,N/A,Frankfurt,N/A,60528,Germany,EMEA,Keitel,Roland,Small,2003,10,4,October,Q4,2003-10,EMEA,1685.42,1042.8,642.6200000000001,38.128181699517036,Low
10310,49,81.4,11,3988.6,2004-10-16,Shipped,4,10,2004,Classic Cars,79,S12_3990,"Toms Spezialitten, Ltd",0221-5554327,Mehrheimerstr. 369,N/A,Koln,N/A,50739,Germany,EMEA,Pfalzheim,Henriette,Medium,2004,10,4,October,Q4,2004-10,EMEA,3988.6,2322.6,1666.0,41.76904176904177,Medium
10320,38,73.42,4,2789.96,2004-11-03,Shipped,4,11,2004,Classic Cars,79,S12_3990,"Volvo Model Replicas, Co",0921-12 3555,Berguvsvgen  8,N/A,Lule,N/A,S-958 22,Sweden,EMEA,Berglund,Christina,Small,2004,11,4,November,Q4,2004-11,EMEA,2789.96,1801.2,988.76,35.4399346227186,Low
10329,33,100.0,14,3607.56,2004-11-15,Shipped,4,11,2004,Classic Cars,79,S12_3990,Land of Toys Inc.,2125557818,897 Long Airport Avenue,N/A,NYC,NY,10022,USA,NA,Yu,Kwai,Medium,2004,11,4,November,Q4,2004-11,NA,3607.56,1564.2,2043.36,56.6410537870472,Medium
10341,36,93.56,10,3368.16,2004-11-24,Shipped,4,11,2004,Classic Cars,79,S12_3990,Salzburg Collectables,6562-9555,Geislweg 14,N/A,Salzburg,N/A,5020,Austria,EMEA,Pipps,Georg,Medium,2004,11,4,November,Q4,2004-11,EMEA,3368.16,1706.3999999999999,1661.76,49.337323642582305,Medium
10363,34,81.62,5,2775.08,2005-01-06,Shipped,1,1,2005,Classic Cars,79,S12_3990,Suominen Souveniers,+358 9 8045 555,"Software Engineering Center, SEC Oy",N/A,Espoo,N/A,FIN-02271,Finland,EMEA,Suominen,Kalle,Small,2005,1,1,January,Q1,2005-01,EMEA,2775.08,1611.6,1163.48,41.925998529772116,Low
10377,24,67.83,5,1627.92,2005-02-09,Shipped,1,2,2005,Classic Cars,79,S12_3990,"Toys of Finland, Co.",90-224 8555,Keskuskatu 45,N/A,Helsinki,N/A,21240,Finland,EMEA,Karttunen,Matti,Small,2005,2,1,February,Q1,2005-02,EMEA,1627.92,1137.6,490.32000000000016,30.119416187527655,Low
10389,36,70.26,7,2529.36,2005-03-03,Shipped,1,3,2005,Classic Cars,79,S12_3990,Scandinavian Gift Ideas,0695-34 6555,?kergatan 24,N/A,Boras,N/A,S-844 67,Sweden,EMEA,Larsson,Maria,Small,2005,3,1,March,Q1,2005-03,EMEA,2529.36,1706.3999999999999,822.9600000000003,32.536293766011966,Low
10419,34,90.17,14,3065.78,2005-05-17,Shipped,2,5,2005,Classic Cars,79,S12_3990,Salzburg Collectables,6562-9555,Geislweg 14,N/A,Salzburg,N/A,5020,Austria,EMEA,Pipps,Georg,Medium,2005,5,2,May,Q2,2005-05,EMEA,3065.78,1611.6,1454.1800000000003,47.43262725962072,Medium
10104,41,100.0,9,4615.78,2003-01-31,Shipped,1,1,2003,Trucks and Buses,118,S12_4473,Euro Shopping Channel,(91) 555 94 44,"C/ Moralzarzal, 86",N/A,Madrid,N/A,28034,Spain,EMEA,Freyre,Diego,Medium,2003,1,1,January,Q1,2003-01,EMEA,4615.78,2902.7999999999997,1712.98,37.11138745780778,Medium
10115,46,100.0,5,5723.78,2003-04-04,Shipped,2,4,2003,Trucks and Buses,118,S12_4473,Classic Legends Inc.,2125558493,5905 Pompton St.,Suite 750,NYC,NY,10022,USA,NA,Hernandez,Maria,Medium,2003,4,2,April,Q2,2003-04,NA,5723.78,3256.7999999999997,2466.98,43.10053845535643,Medium
10127,24,100.0,11,2559.6,2003-06-03,Shipped,2,6,2003,Trucks and Buses,118,S12_4473,Muscle Machine Inc,2125557413,4092 Furth Circle,Suite 400,NYC,NY,10022,USA,NA,Young,Jeff,Small,2003,6,2,June,Q2,2003-06,NA,2559.6,1699.2,860.3999999999999,33.61462728551336,Low
10141,21,100.0,5,2140.11,2003-08-01,Shipped,3,8,2003,Trucks and Buses,118,S12_4473,Suominen Souveniers,+358 9 8045 555,"Software Engineering Center, SEC Oy",N/A,Espoo,N/A,FIN-02271,Finland,EMEA,Suominen,Kalle,Small,2003,8,3,August,Q3,2003-08,EMEA,2140.11,1486.8,653.3100000000002,30.526935531351196,Low
10151,24,100.0,3,3327.6,2003-09-21,Shipped,3,9,2003,Trucks and Buses,118,S12_4473,"Oulu Toy Supplies, Inc.",981-443655,Torikatu 38,N/A,Oulu,N/A,90110,Finland,EMEA,Koskitalo,Pirkko,Medium,2003,9,3,September,Q3,2003-09,EMEA,3327.6,1699.2,1628.3999999999999,48.93617021276596,Medium
10165,48,100.0,12,6825.6,2003-10-22,Shipped,4,10,2003,Trucks and Buses,118,S12_4473,"Dragon Souveniers, Ltd.",+65 221 7555,"Bronz Sok., Bronz Apt. 3/6 Tesvikiye",N/A,Singapore,N/A,79903,Singapore,Japan,Natividad,Eric,Medium,2003,10,4,October,Q4,2003-10,Japan,6825.6,3398.4,3427.2000000000003,50.210970464135016,High
10175,26,100.0,1,3543.28,2003-11-06,Shipped,4,11,2003,Trucks and Buses,118,S12_4473,"Stylish Desk Decors, Co.",(171) 555-0297,35 King George,N/A,London,N/A,WX3 6FW,UK,EMEA,Brown,Ann,Medium,2003,11,4,November,Q4,2003-11,EMEA,3543.28,1840.8,1702.4800000000002,48.04813619019666,Medium
10184,37,100.0,6,4516.22,2003-11-14,Shipped,4,11,2003,Trucks and Buses,118,S12_4473,"Iberia Gift Imports, Corp.",(95) 555 82 82,"C/ Romero, 33",N/A,Sevilla,N/A,41101,Spain,EMEA,Roel,Jose Pedro,Medium,2003,11,4,November,Q4,2003-11,EMEA,4516.22,2619.6,1896.6200000000003,41.99573980009832,Medium
10195,49,100.0,6,6445.46,2003-11-25,Shipped,4,11,2003,Trucks and Buses,118,S12_4473,Mini Classics,9145554562,3758 North Pendale Street,N/A,White Plains,NY,24067,USA,NA,Frick,Steve,Medium,2003,11,4,November,Q4,2003-11,NA,6445.46,3469.2,2976.26,46.17606811616239,High
10207,34,99.54,7,3384.36,2003-12-09,Shipped,4,12,2003,Trucks and Buses,118,S12_4473,Diecast Collectables,6175552555,6251 Ingle Ln.,N/A,Boston,MA,51003,USA,NA,Franco,Valarie,Medium,2003,12,4,December,Q4,2003-12,NA,3384.36,2407.2,977.1600000000003,28.872814948764326,Medium
10219,48,100.0,2,4891.68,2004-02-10,Shipped,1,2,2004,Trucks and Buses,118,S12_4473,Signal Collectibles Ltd.,4155554312,2793 Furth Circle,N/A,Brisbane,CA,94217,USA,NA,Taylor,Sue,Medium,2004,2,1,February,Q1,2004-02,NA,4891.68,3398.4,1493.2800000000002,30.526935531351196,Medium
10229,36,100.0,1,4521.96,2004-03-11,Shipped,1,3,2004,Trucks and Buses,118,S12_4473,Mini Gifts Distributors Ltd.,4155551450,5677 Strong St.,N/A,San Rafael,CA,97562,USA,NA,Nelson,Valarie,Medium,2004,3,1,March,Q1,2004-03,NA,4521.96,2548.7999999999997,1973.1600000000003,43.63506090279437,Medium
10246,46,100.0,5,5069.66,2004-05-05,Shipped,2,5,2004,Trucks and Buses,118,S12_4473,Euro Shopping Channel,(91) 555 94 44,"C/ Moralzarzal, 86",N/A,Madrid,N/A,28034,Spain,EMEA,Freyre,Diego,Medium,2004,5,2,May,Q2,2004-05,EMEA,5069.66,3256.7999999999997,1812.8600000000001,35.75900553488795,Medium
10259,46,100.0,4,6541.2,2004-06-15,Shipped,2,6,2004,Trucks and Buses,118,S12_4473,Handji Gifts& Co,+65 224 1555,Village Close - 106 Linden Road Sandown,2nd Floor,Singapore,N/A,69045,Singapore,APAC,Victorino,Wendy,Medium,2004,6,2,June,Q2,2004-06,APAC,6541.2,3256.7999999999997,3284.4,50.210970464135016,High
10271,31,97.17,5,3012.27,2004-07-20,Shipped,3,7,2004,Trucks and Buses,118,S12_4473,Mini Gifts Distributors Ltd.,4155551450,5677 Strong St.,N/A,San Rafael,CA,97562,USA,NA,Nelson,Valarie,Medium,2004,7,3,July,Q3,2004-07,NA,3012.27,2194.7999999999997,817.4700000000003,27.138005557270773,Medium
10281,41,100.0,1,5247.18,2004-08-19,Shipped,3,8,2004,Trucks and Buses,118,S12_4473,Diecast Classics Inc.,2155551555,7586 Pompton St.,N/A,Allentown,PA,70267,USA,NA,Yu,Kyung,Medium,2004,8,3,August,Q3,2004-08,NA,5247.18,2902.7999999999997,2344.3800000000006,44.678856071261144,Medium
10292,21,100.0,8,2214.87,2004-09-08,Shipped,3,9,2004,Trucks and Buses,118,S12_4473,Land of Toys Inc.,2125557818,897 Long Airport Avenue,N/A,NYC,NY,10022,USA,NA,Yu,Kwai,Small,2004,9,3,September,Q3,2004-09,NA,2214.87,1486.8,728.0699999999999,32.87190670332796,Low
10305,38,100.0,5,4773.18,2004-10-13,Shipped,4,10,2004,Trucks and Buses,118,S12_4473,Marta's Replicas Co.,6175558555,39323 Spinnaker Dr.,N/A,Cambridge,MA,51247,USA,NA,Hernandez,Marta,Medium,2004,10,4,October,Q4,2004-10,NA,4773.18,2690.4,2082.78,43.635060902794365,Medium
10314,45,100.0,14,6185.7,2004-10-22,Shipped,4,10,2004,Trucks and Buses,118,S12_4473,Heintze Collectables,86 21 3555,Smagsloget 45,N/A,Aaarhus,N/A,8200,Denmark,EMEA,Ibsen,Palle,Medium,2004,10,4,October,Q4,2004-10,EMEA,6185.7,3186.0,2999.7,48.494107376691396,High
10324,26,58.38,7,1517.88,2004-11-05,Shipped,4,11,2004,Trucks and Buses,118,S12_4473,Vitachrome Inc.,2125551500,2678 Kingston Rd.,Suite 101,NYC,NY,10022,USA,NA,Frick,Michael,Small,2004,11,4,November,Q4,2004-11,NA,1517.88,1840.8,-322.91999999999985,-21.274409044193206,Low
10336,38,100.0,3,6372.6,2004-11-20,Shipped,4,11,2004,Trucks and Buses,118,S12_4473,"La Corne D'abondance, Co.",(1) 42.34.2555,"265, boulevard Charonne",N/A,Paris,N/A,75012,France,EMEA,Bertrand,Marie,Medium,2004,11,4,November,Q4,2004-11,EMEA,6372.6,2690.4,3682.2000000000003,57.78175313059034,High
10349,48,100.0,9,5232.96,2004-12-01,Shipped,4,12,2004,Trucks and Buses,118,S12_4473,Muscle Machine Inc,2125557413,4092 Furth Circle,Suite 400,NYC,NY,10022,USA,NA,Young,Jeff,Medium,2004,12,4,December,Q4,2004-12,NA,5232.96,3398.4,1834.56,35.05778756191524,Medium
10358,42,64.16,9,2694.72,2004-12-10,Shipped,4,12,2004,Trucks and Buses,118,S12_4473,Euro Shopping Channel,(91) 555 94 44,"C/ Moralzarzal, 86",N/A,Madrid,N/A,28034,Spain,EMEA,Freyre,Diego,Small,2004,12,4,December,Q4,2004-12,EMEA,2694.72,2973.6,-278.8800000000001,-10.349127182044892,Low
10371,49,35.71,4,1749.79,2005-01-23,Shipped,1,1,2005,Trucks and Buses,118,S12_4473,Mini Gifts Distributors Ltd.,4155551450,5677 Strong St.,N/A,San Rafael,CA,97562,USA,NA,Nelson,Valarie,Small,2005,1,1,January,Q1,2005-01,NA,1749.79,3469.2,-1719.4099999999999,-98.26379165499858,Low
10382,32,66.58,13,2130.56,2005-02-17,Shipped,1,2,2005,Trucks and Buses,118,S12_4473,Mini Gifts Distributors Ltd.,4155551450,5677 Strong St.,N/A,San Rafael,CA,97562,USA,NA,Nelson,Valarie,Small,2005,2,1,February,Q1,2005-02,NA,2130.56,2265.6,-135.03999999999996,-6.3382397116251115,Low
10412,54,100.0,5,5951.34,2005-05-03,Shipped,2,5,2005,Trucks and Buses,118,S12_4473,Euro Shopping Channel,(91) 555 94 44,"C/ Moralzarzal, 86",N/A,Madrid,N/A,28034,Spain,EMEA,Freyre,Diego,Medium,2005,5,2,May,Q2,2005-05,EMEA,5951.34,3823.2,2128.1400000000003,35.75900553488795,Medium
10425,33,100.0,4,4692.6,2005-05-31,In Process,2,5,2005,Trucks and Buses,118,S12_4473,La Rochelle Gifts,40.67.8555,"67, rue des Cinquante Otages",N/A,Nantes,N/A,44000,France,EMEA,Labrune,Janine,Medium,2005,5,2,May,Q2,2005-05,EMEA,4692.6,2336.4,2356.2000000000003,50.210970464135016,Medium
10108,36,100.0,3,3731.04,2003-03-03,Shipped,1,3,2003,Classic Cars,115,S12_4675,Cruz & Sons Co.,+63 2 555 3587,15 McCallum Street - NatWest Center #13-03,N/A,Makati City,N/A,1227 MM,Philippines,Japan,Cruz,Arnold,Medium,2003,3,1,March,Q1,2003-03,Japan,3731.04,2484.0,1247.04,33.42338865302972,Medium
10122,20,100.0,7,2142.0,2003-05-08,Shipped,2,5,2003,Classic Cars,115,S12_4675,Marseille Mini Autos,91.24.4555,"12, rue des Bouchers",N/A,Marseille,N/A,13008,France,EMEA,Lebihan,Laurence,Small,2003,5,2,May,Q2,2003-05,EMEA,2142.0,1380.0,762.0,35.57422969187675,Low
10135,29,97.89,4,2838.81,2003-07-02,Shipped,3,7,2003,Classic Cars,115,S12_4675,Mini Gifts Distributors Ltd.,4155551450,5677 Strong St.,N/A,San Rafael,CA,97562,USA,NA,Nelson,Valarie,Small,2003,7,3,July,Q3,2003-07,NA,2838.81,2001.0,837.81,29.512718357339867,Low
10147,33,97.89,4,3230.37,2003-09-05,Shipped,3,9,2003,Classic Cars,115,S12_4675,Collectables For Less Inc.,6175558555,7825 Douglas Av.,N/A,Brickhaven,MA,58339,USA,NA,Nelson,Allen,Medium,2003,9,3,September,Q3,2003-09,NA,3230.37,2277.0,953.3699999999999,29.512718357339867,Medium
10160,50,100.0,5,5182.0,2003-10-11,Shipped,4,10,2003,Classic Cars,115,S12_4675,"Men 'R' US Retailers, Ltd.",2155554369,6047 Douglas Av.,N/A,Los Angeles,CA,N/A,USA,NA,Chandler,Michael,Medium,2003,10,4,October,Q4,2003-10,NA,5182.0,3450.0,1732.0,33.42338865302972,Medium
10170,41,100.0,3,4391.1,2003-11-04,Shipped,4,11,2003,Classic Cars,115,S12_4675,Mini Auto Werke,7675-3555,Kirchgasse 6,N/A,Graz,N/A,8010,Austria,EMEA,Mendel,Roland,Medium,2003,11,4,November,Q4,2003-11,EMEA,4391.1,2829.0,1562.1000000000004,35.57422969187676,Medium
10181,36,100.0,11,4477.32,2003-11-12,Shipped,4,11,2003,Classic Cars,115,S12_4675,Herkku Gifts,+47 2267 3215,"Drammen 121, PR 744 Sentrum",N/A,Bergen,N/A,N 5804,Norway,EMEA,Oeztan,Veysel,Medium,2003,11,4,November,Q4,2003-11,EMEA,4477.32,2484.0,1993.3199999999997,44.52038272895392,Medium
10192,27,100.0,16,3544.56,2003-11-20,Shipped,4,11,2003,Classic Cars,115,S12_4675,Online Diecast Creations Co.,6035558647,2304 Long Airport Avenue,N/A,Nashua,NH,62005,USA,NA,Young,Valarie,Medium,2003,11,4,November,Q4,2003-11,NA,3544.56,1863.0,1681.56,47.44058500914077,Medium
10203,47,100.0,5,5195.85,2003-12-02,Shipped,4,12,2003,Classic Cars,115,S12_4675,Euro Shopping Channel,(91) 555 94 44,"C/ Moralzarzal, 86",N/A,Madrid,N/A,28034,Spain,EMEA,Freyre,Diego,Medium,2003,12,4,December,Q4,2003-12,EMEA,5195.85,3243.0,1952.8500000000004,37.584803256445056,Medium
10212,33,100.0,15,4180.44,2004-01-16,Shipped,1,1,2004,Classic Cars,115,S12_4675,Euro Shopping Channel,(91) 555 94 44,"C/ Moralzarzal, 86",N/A,Madrid,N/A,28034,Spain,EMEA,Freyre,Diego,Medium,2004,1,1,January,Q1,2004-01,EMEA,4180.44,2277.0,1903.4399999999996,45.53204925797284,Medium
10225,21,100.0,6,2684.43,2004-02-22,Shipped,1,2,2004,Classic Cars,115,S12_4675,"Vida Sport, Ltd",0897-034555,Grenzacherweg 237,N/A,Gensve,N/A,1203,Switzerland,EMEA,Holz,Michael,Small,2004,2,1,February,Q1,2004-02,EMEA,2684.43,1449.0,1235.4299999999998,46.02206054916686,Low
10239,21,93.28,5,1958.88,2004-04-12,Shipped,2,4,2004,Classic Cars,115,S12_4675,"Oulu Toy Supplies, Inc.",981-443655,Torikatu 38,N/A,Oulu,N/A,90110,Finland,EMEA,Koskitalo,Pirkko,Small,2004,4,2,April,Q2,2004-04,EMEA,1958.88,1449.0,509.8800000000001,26.029159519725564,Low
10253,41,100.0,10,4910.57,2004-06-01,Cancelled,2,6,2004,Classic Cars,115,S12_4675,"UK Collectables, Ltd.",(171) 555-2282,Berkeley Gardens 12  Brewery,N/A,Liverpool,N/A,WX1 6LT,UK,EMEA,Devon,Elizabeth,Medium,2004,6,2,June,Q2,2004-06,EMEA,4910.57,2829.0,2081.5699999999997,42.38958002838774,Medium
10266,40,100.0,11,4468.4,2004-07-06,Shipped,3,7,2004,Classic Cars,115,S12_4675,L'ordine Souveniers,0522-556555,Strada Provinciale 124,N/A,Reggio Emilia,N/A,42100,Italy,EMEA,Moroni,Maurizio,Medium,2004,7,3,July,Q3,2004-07,EMEA,4468.4,2760.0,1708.3999999999996,38.23292453674693,Medium
10277,28,100.0,1,3127.88,2004-08-04,Shipped,3,8,2004,Classic Cars,115,S12_4675,"Dragon Souveniers, Ltd.",+65 221 7555,"Bronz Sok., Bronz Apt. 3/6 Tesvikiye",N/A,Singapore,N/A,79903,Singapore,Japan,Natividad,Eric,Medium,2004,8,3,August,Q3,2004-08,Japan,3127.88,1932.0,1195.88,38.232924536746935,Medium
10287,23,100.0,9,2675.13,2004-08-30,Shipped,3,8,2004,Classic Cars,115,S12_4675,"Vida Sport, Ltd",0897-034555,Grenzacherweg 237,N/A,Gensve,N/A,1203,Switzerland,EMEA,Holz,Michael,Small,2004,8,3,August,Q3,2004-08,EMEA,2675.13,1587.0,1088.13,40.67578024245551,Low
10300,23,100.0,2,2807.61,2003-10-04,Shipped,4,10,2003,Classic Cars,115,S12_4675,"Blauer See Auto, Co.",+49 69 66 90 2555,Lyonerstr. 34,N/A,Frankfurt,N/A,60528,Germany,EMEA,Keitel,Roland,Small,2003,10,4,October,Q4,2003-10,EMEA,2807.61,1587.0,1220.6100000000001,43.47505529614156,Low
10310,25,100.0,7,2504.75,2004-10-16,Shipped,4,10,2004,Classic Cars,115,S12_4675,"Toms Spezialitten, Ltd",0221-5554327,Mehrheimerstr. 369,N/A,Koln,N/A,50739,Germany,EMEA,Pfalzheim,Henriette,Small,2004,10,4,October,Q4,2004-10,EMEA,2504.75,1725.0,779.75,31.130851382373493,Low
10321,24,100.0,15,2984.88,2004-11-04,Shipped,4,11,2004,Classic Cars,115,S12_4675,FunGiftIdeas.com,5085552555,1785 First Street,N/A,New Bedford,MA,50553,USA,NA,Benitez,Violeta,Small,2004,11,4,November,Q4,2004-11,NA,2984.88,1656.0,1328.88,44.520382728953926,Low
10329,39,64.74,15,2524.86,2004-11-15,Shipped,4,11,2004,Classic Cars,115,S12_4675,Land of Toys Inc.,2125557818,897 Long Airport Avenue,N/A,NYC,NY,10022,USA,NA,Yu,Kwai,Small,2004,11,4,November,Q4,2004-11,NA,2524.86,2691.0,-166.13999999999987,-6.580166821130671,Low
10341,55,75.2,7,4136.0,2004-11-24,Shipped,4,11,2004,Classic Cars,115,S12_4675,Salzburg Collectables,6562-9555,Geislweg 14,N/A,Salzburg,N/A,5020,Austria,EMEA,Pipps,Georg,Medium,2004,11,4,November,Q4,2004-11,EMEA,4136.0,3795.0,341.0,8.24468085106383,Medium
10363,46,88.45,6,4068.7,2005-01-06,Shipped,1,1,2005,Classic Cars,115,S12_4675,Suominen Souveniers,+358 9 8045 555,"Software Engineering Center, SEC Oy",N/A,Espoo,N/A,FIN-02271,Finland,EMEA,Suominen,Kalle,Medium,2005,1,1,January,Q1,2005-01,EMEA,4068.7,3174.0,894.6999999999998,21.98982475975127,Medium
10377,50,100.0,1,5182.0,2005-02-09,Shipped,1,2,2005,Classic Cars,115,S12_4675,"Toys of Finland, Co.",90-224 8555,Keskuskatu 45,N/A,Helsinki,N/A,21240,Finland,EMEA,Karttunen,Matti,Medium,2005,2,1,February,Q1,2005-02,EMEA,5182.0,3450.0,1732.0,33.42338865302972,Medium
10389,47,100.0,8,5243.79,2005-03-03,Shipped,1,3,2005,Classic Cars,115,S12_4675,Scandinavian Gift Ideas,0695-34 6555,?kergatan 24,N/A,Boras,N/A,S-844 67,Sweden,EMEA,Larsson,Maria,Medium,2005,3,1,March,Q1,2005-03,EMEA,5243.79,3243.0,2000.79,38.155418123151385,Medium
10405,97,93.28,5,9048.16,2005-04-14,Shipped,2,4,2005,Classic Cars,115,S12_4675,Mini Caravy,88.60.1555,"24, place Kluber",N/A,Strasbourg,N/A,67000,France,EMEA,Citeaux,Frederique,Large,2005,4,2,April,Q2,2005-04,EMEA,9048.16,6693.0,2355.16,26.02915951972556,High
10419,32,100.0,10,3832.64,2005-05-17,Shipped,2,5,2005,Classic Cars,115,S12_4675,Salzburg Collectables,6562-9555,Geislweg 14,N/A,Salzburg,N/A,5020,Austria,EMEA,Pipps,Georg,Medium,2005,5,2,May,Q2,2005-05,EMEA,3832.64,2208.0,1624.6399999999999,42.38958002838774,Medium
10103,35,100.0,10,3920.0,2003-01-29,Shipped,1,1,2003,Trucks and Buses,116,S18_1097,Baane Mini Imports,07-98 9555,Erling Skakkes gate 78,N/A,Stavern,N/A,4110,Norway,EMEA,Bergulfsen,Jonas,Medium,2003,1,1,January,Q1,2003-01,EMEA,3920.0,2436.0,1484.0,37.857142857142854,Medium
10113,49,100.0,4,4916.66,2003-03-26,Shipped,1,3,2003,Trucks and Buses,116,S18_1097,Mini Gifts Distributors Ltd.,4155551450,5677 Strong St.,N/A,San Rafael,CA,97562,USA,NA,Nelson,Valarie,Medium,2003,3,1,March,Q1,2003-03,NA,4916.66,3410.4,1506.2599999999998,30.635838150289015,Medium
10126,38,100.0,10,3857.0,2003-05-28,Shipped,2,5,2003,Trucks and Buses,116,S18_1097,"Corrida Auto Replicas, Ltd",(91) 555 22 82,"C/ Araquil, 67",N/A,Madrid,N/A,28023,Spain,EMEA,Sommer,Mart¡n,Medium,2003,5,2,May,Q2,2003-05,EMEA,3857.0,2644.7999999999997,1212.2000000000003,31.428571428571434,Medium
10140,32,100.0,10,4181.44,2003-07-24,Shipped,3,7,2003,Trucks and Buses,116,S18_1097,Technics Stores Inc.,6505556809,9408 Furth Circle,N/A,Burlingame,CA,94217,USA,NA,Hirano,Juri,Medium,2003,7,3,July,Q3,2003-07,NA,4181.44,2227.2,1954.2399999999998,46.73605265171807,Medium
10150,34,100.0,7,4641.0,2003-09-19,Shipped,3,9,2003,Trucks and Buses,116,S18_1097,"Dragon Souveniers, Ltd.",+65 221 7555,"Bronz Sok., Bronz Apt. 3/6 Tesvikiye",N/A,Singapore,N/A,79903,Singapore,Japan,Natividad,Eric,Medium,2003,9,3,September,Q3,2003-09,Japan,4641.0,2366.4,2274.6,49.01098901098901,Medium
10164,36,99.17,8,3570.12,2003-10-21,Resolved,4,10,2003,Trucks and Buses,116,S18_1097,Mini Auto Werke,7675-3555,Kirchgasse 6,N/A,Graz,N/A,8010,Austria,EMEA,Mendel,Roland,Medium,2003,10,4,October,Q4,2003-10,EMEA,3570.12,2505.6,1064.52,29.81748512655037,Medium
10174,48,93.34,3,4480.32,2003-11-06,Shipped,4,11,2003,Trucks and Buses,116,S18_1097,"Australian Gift Network, Co",61-7-3844-6555,31 Duncan St. West End,N/A,South Brisbane,Queensland,4101,Australia,APAC,Calaghan,Tony,Medium,2003,11,4,November,Q4,2003-11,APAC,4480.32,3340.7999999999997,1139.52,25.433897578744375,Medium
10183,21,96.84,7,2033.64,2003-11-13,Shipped,4,11,2003,Trucks and Buses,116,S18_1097,"Classic Gift Ideas, Inc",2155554695,782 First Street,N/A,Philadelphia,PA,71270,USA,NA,Cervantes,Francisca,Small,2003,11,4,November,Q4,2003-11,NA,2033.64,1461.6,572.0400000000002,28.128872366790592,Low
10194,21,93.34,10,1960.14,2003-11-25,Shipped,4,11,2003,Trucks and Buses,116,S18_1097,"Saveley & Henriot, Co.",78.32.5555,"2, rue du Commerce",N/A,Lyon,N/A,69004,France,EMEA,Saveley,Mary,Small,2003,11,4,November,Q4,2003-11,EMEA,1960.14,1461.6,498.5400000000002,25.433897578744386,Low
10206,34,100.0,5,3966.78,2003-12-05,Shipped,4,12,2003,Trucks and Buses,116,S18_1097,Canadian Gift Exchange Network,(604) 555-3392,1900 Oak St.,N/A,Vancouver,BC,V3F 2K1,Canada,NA,Tannamuri,Yoshi,Medium,2003,12,4,December,Q4,2003-12,NA,3966.78,2366.4,1600.38,40.34456158395475,Medium
10215,46,100.0,2,5152.0,2004-01-29,Shipped,1,1,2004,Trucks and Buses,116,S18_1097,West Coast Collectables Co.,3105553722,3675 Furth Circle,N/A,Burbank,CA,94019,USA,NA,Thompson,Steve,Medium,2004,1,1,January,Q1,2004-01,NA,5152.0,3201.6,1950.4,37.85714285714286,Medium
10228,32,100.0,1,3360.0,2004-03-10,Shipped,1,3,2004,Trucks and Buses,116,S18_1097,Cambridge Collectables Co.,6175555555,4658 Baden Av.,N/A,Cambridge,MA,51247,USA,NA,Tseng,Kyung,Medium,2004,3,1,March,Q1,2004-03,NA,3360.0,2227.2,1132.8000000000002,33.71428571428572,Medium
10245,29,100.0,8,3451.0,2004-05-04,Shipped,2,5,2004,Trucks and Buses,116,S18_1097,Super Scale Inc.,2035559545,567 North Pendale Street,N/A,New Haven,CT,97823,USA,NA,Murphy,Leslie,Medium,2004,5,2,May,Q2,2004-05,NA,3451.0,2018.3999999999999,1432.6000000000001,41.51260504201681,Medium
10258,41,100.0,5,5453.0,2004-06-15,Shipped,2,6,2004,Trucks and Buses,116,S18_1097,"Tokyo Collectables, Ltd",+81 3 3584 0555,2-2-8 Roppongi,N/A,Minato-ku,Tokyo,106-0032,Japan,Japan,Shimamura,Akiko,Medium,2004,6,2,June,Q2,2004-06,Japan,5453.0,2853.6,2599.4,47.66917293233083,Medium
10270,43,96.84,8,4164.12,2004-07-19,Shipped,3,7,2004,Trucks and Buses,116,S18_1097,Souveniers And Things Co.,+61 2 9495 8555,"Monitor Money Building, 815 Pacific Hwy",Level 6,Chatswood,NSW,2067,Australia,APAC,Huxley,Adrian,Medium,2004,7,3,July,Q3,2004-07,APAC,4164.12,2992.7999999999997,1171.3200000000002,28.128872366790585,Medium
10280,24,100.0,1,2800.08,2004-08-17,Shipped,3,8,2004,Trucks and Buses,116,S18_1097,Amica Models & Co.,011-4988555,Via Monte Bianco 34,N/A,Torino,N/A,10100,Italy,EMEA,Accorti,Paolo,Small,2004,8,3,August,Q3,2004-08,EMEA,2800.08,1670.3999999999999,1129.68,40.34456158395475,Low
10291,41,100.0,10,4687.94,2004-09-08,Shipped,3,9,2004,Trucks and Buses,116,S18_1097,Scandinavian Gift Ideas,0695-34 6555,?kergatan 24,N/A,Boras,N/A,S-844 67,Sweden,EMEA,Larsson,Maria,Medium,2004,9,3,September,Q3,2004-09,EMEA,4687.94,2853.6,1834.3399999999997,39.128913765961165,Medium
10304,46,98.0,5,4508.0,2004-10-11,Shipped,4,10,2004,Trucks and Buses,116,S18_1097,Auto Assoc. & Cie.,30.59.8555,"67, avenue de l'Europe",N/A,Versailles,N/A,78000,France,EMEA,Tonini,Daniel,Medium,2004,10,4,October,Q4,2004-10,EMEA,4508.0,3201.6,1306.4,28.9795918367347,Medium
10312,32,100.0,2,4181.44,2004-10-21,Shipped,4,10,2004,Trucks and Buses,116,S18_1097,Mini Gifts Distributors Ltd.,4155551450,5677 Strong St.,N/A,San Rafael,CA,97562,USA,NA,Nelson,Valarie,Medium,2004,10,4,October,Q4,2004-10,NA,4181.44,2227.2,1954.2399999999998,46.73605265171807,Medium
10322,22,100.0,10,2251.04,2004-11-04,Shipped,4,11,2004,Trucks and Buses,116,S18_1097,Online Diecast Creations Co.,6035558647,2304 Long Airport Avenue,N/A,Nashua,NH,62005,USA,NA,Young,Valarie,Small,2004,11,4,November,Q4,2004-11,NA,2251.04,1531.2,719.8399999999999,31.978107896794366,Low
10333,29,40.25,7,1167.25,2004-11-18,Shipped,4,11,2004,Trucks and Buses,116,S18_1097,Mini Wheels Co.,6505555787,5557 North Pendale Street,N/A,San Francisco,CA,N/A,USA,NA,Murphy,Julie,Small,2004,11,4,November,Q4,2004-11,NA,1167.25,2018.3999999999999,-851.1499999999999,-72.91925465838509,Low
10347,42,49.6,5,2083.2,2004-11-29,Shipped,4,11,2004,Trucks and Buses,116,S18_1097,"Australian Collectors, Co.",03 9520 4555,636 St Kilda Road,Level 3,Melbourne,Victoria,3004,Australia,APAC,Ferguson,Peter,Small,2004,11,4,November,Q4,2004-11,APAC,2083.2,2923.2,-840.0,-40.322580645161295,Low
10357,39,98.0,1,3822.0,2004-12-10,Shipped,4,12,2004,Trucks and Buses,116,S18_1097,Mini Gifts Distributors Ltd.,4155551450,5677 Strong St.,N/A,San Rafael,CA,97562,USA,NA,Nelson,Valarie,Medium,2004,12,4,December,Q4,2004-12,NA,3822.0,2714.4,1107.6,28.97959183673469,Medium
10370,27,100.0,1,3911.49,2005-01-20,Shipped,1,1,2005,Trucks and Buses,116,S18_1097,"Anna's Decorations, Ltd",02 9936 8555,201 Miller Street,Level 15,North Sydney,NSW,2060,Australia,APAC,O'Hara,Anna,Medium,2005,1,1,January,Q1,2005-01,APAC,3911.49,1879.1999999999998,2032.29,51.956926899979294,Medium
10381,48,98.0,2,4704.0,2005-02-17,Shipped,1,2,2005,Trucks and Buses,116,S18_1097,Corporate Gift Ideas Co.,6505551386,7734 Strong St.,N/A,San Francisco,CA,N/A,USA,NA,Brown,Julie,Medium,2005,2,1,February,Q1,2005-02,NA,4704.0,3340.7999999999997,1363.2000000000003,28.9795918367347,Medium
10391,29,85.1,10,2467.9,2005-03-09,Shipped,1,3,2005,Trucks and Buses,116,S18_1097,"Anna's Decorations, Ltd",02 9936 8555,201 Miller Street,Level 15,North Sydney,NSW,2060,Australia,APAC,O'Hara,Anna,Small,2005,3,1,March,Q1,2005-03,APAC,2467.9,2018.3999999999999,449.5000000000002,18.213866039953004,Low
10411,27,100.0,8,3213.0,2005-05-01,Shipped,2,5,2005,Trucks and Buses,116,S18_1097,Quebec Home Shopping Network,(514) 555-8054,43 rue St. Laurent,N/A,Montreal,Quebec,H1J 1C3,Canada,NA,Fresnisre,Jean,Medium,2005,5,2,May,Q2,2005-05,NA,3213.0,1879.1999999999998,1333.8000000000002,41.512605042016816,Medium
10424,54,100.0,5,7182.0,2005-05-31,In Process,2,5,2005,Trucks and Buses,116,S18_1097,Euro Shopping Channel,(91) 555 94 44,"C/ Moralzarzal, 86",N/A,Madrid,N/A,28034,Spain,EMEA,Freyre,Diego,Large,2005,5,2,May,Q2,2005-05,EMEA,7182.0,3758.3999999999996,3423.6000000000004,47.66917293233083,High
10109,26,100.0,4,4379.18,2003-03-10,Shipped,1,3,2003,Classic Cars,141,S18_1129,Motor Mint Distributors Inc.,2155559857,11328 Douglas Av.,N/A,Philadelphia,PA,71270,USA,NA,Hernandez,Rosa,Medium,2003,3,1,March,Q1,2003-03,NA,4379.18,2199.6,2179.5800000000004,49.77141839339785,Medium
10122,34,100.0,2,5004.8,2003-05-08,Shipped,2,5,2003,Classic Cars,141,S18_1129,Marseille Mini Autos,91.24.4555,"12, rue des Bouchers",N/A,Marseille,N/A,13008,France,EMEA,Lebihan,Laurence,Medium,2003,5,2,May,Q2,2003-05,EMEA,5004.8,2876.4,2128.4,42.527173913043484,Medium
10136,25,100.0,2,3644.75,2003-07-04,Shipped,3,7,2003,Classic Cars,141,S18_1129,Alpha Cognac,61.77.6555,1 rue Alsace-Lorraine,N/A,Toulouse,N/A,31000,France,EMEA,Roulet,Annette,Medium,2003,7,3,July,Q3,2003-07,EMEA,3644.75,2115.0,1529.75,41.97132862336237,Medium
10148,23,100.0,13,2702.04,2003-09-11,Shipped,3,9,2003,Classic Cars,141,S18_1129,"Anna's Decorations, Ltd",02 9936 8555,201 Miller Street,Level 15,North Sydney,NSW,2060,Australia,APAC,O'Hara,Anna,Small,2003,9,3,September,Q3,2003-09,APAC,2702.04,1945.8,756.24,27.987742594484168,Low
10161,28,100.0,12,3764.88,2003-10-17,Shipped,4,10,2003,Classic Cars,141,S18_1129,Heintze Collectables,86 21 3555,Smagsloget 45,N/A,Aaarhus,N/A,8200,Denmark,EMEA,Ibsen,Palle,Medium,2003,10,4,October,Q4,2003-10,EMEA,3764.88,2368.7999999999997,1396.0800000000004,37.08165997322625,Medium
10171,35,100.0,2,4508.0,2003-11-05,Shipped,4,11,2003,Classic Cars,141,S18_1129,Quebec Home Shopping Network,(514) 555-8054,43 rue St. Laurent,N/A,Montreal,Quebec,H1J 1C3,Canada,NA,Fresnisre,Jean,Medium,2003,11,4,November,Q4,2003-11,NA,4508.0,2961.0,1547.0,34.316770186335404,Medium
10181,44,100.0,6,5418.16,2003-11-12,Shipped,4,11,2003,Classic Cars,141,S18_1129,Herkku Gifts,+47 2267 3215,"Drammen 121, PR 744 Sentrum",N/A,Bergen,N/A,N 5804,Norway,EMEA,Oeztan,Veysel,Medium,2003,11,4,November,Q4,2003-11,EMEA,5418.16,3722.3999999999996,1695.7600000000002,31.297709923664126,Medium
10192,22,100.0,11,3300.66,2003-11-20,Shipped,4,11,2003,Classic Cars,141,S18_1129,Online Diecast Creations Co.,6035558647,2304 Long Airport Avenue,N/A,Nashua,NH,62005,USA,NA,Young,Valarie,Medium,2003,11,4,November,Q4,2003-11,NA,3300.66,1861.1999999999998,1439.46,43.61127774445111,Medium
10204,42,100.0,17,6182.4,2003-12-02,Shipped,4,12,2003,Classic Cars,141,S18_1129,Muscle Machine Inc,2125557413,4092 Furth Circle,Suite 400,NYC,NY,10022,USA,NA,Young,Jeff,Medium,2003,12,4,December,Q4,2003-12,NA,6182.4,3553.2,2629.2,42.52717391304348,High
10212,29,100.0,10,4186.73,2004-01-16,Shipped,1,1,2004,Classic Cars,141,S18_1129,Euro Shopping Channel,(91) 555 94 44,"C/ Moralzarzal, 86",N/A,Madrid,N/A,28034,Spain,EMEA,Freyre,Diego,Medium,2004,1,1,January,Q1,2004-01,EMEA,4186.73,2453.4,1733.3299999999995,41.400567985038435,Medium
10225,32,100.0,1,4529.28,2004-02-22,Shipped,1,2,2004,Classic Cars,141,S18_1129,"Vida Sport, Ltd",0897-034555,Grenzacherweg 237,N/A,Gensve,N/A,1203,Switzerland,EMEA,Holz,Michael,Medium,2004,2,1,February,Q1,2004-02,EMEA,4529.28,2707.2,1822.08,40.228910555320056,Medium
10240,41,100.0,3,5628.89,2004-04-13,Shipped,2,4,2004,Classic Cars,141,S18_1129,Osaka Souveniers Co.,+81 06 6342 5555,"Dojima Avanza 4F, 1-6-20 Dojima, Kita-ku",N/A,Osaka,Osaka,530-0003,Japan,Japan,Kentary,Mory,Medium,2004,4,2,April,Q2,2004-04,Japan,5628.89,3468.6,2160.2900000000004,38.37861461140652,Medium
10253,26,100.0,5,3054.48,2004-06-01,Cancelled,2,6,2004,Classic Cars,141,S18_1129,"UK Collectables, Ltd.",(171) 555-2282,Berkeley Gardens 12  Brewery,N/A,Liverpool,N/A,WX1 6LT,UK,EMEA,Devon,Elizabeth,Medium,2004,6,2,June,Q2,2004-06,EMEA,3054.48,2199.6,854.8800000000001,27.98774259448417,Medium
10266,21,100.0,6,2526.51,2004-07-06,Shipped,3,7,2004,Classic Cars,141,S18_1129,L'ordine Souveniers,0522-556555,Strada Provinciale 124,N/A,Reggio Emilia,N/A,42100,Italy,EMEA,Moroni,Maurizio,Small,2004,7,3,July,Q3,2004-07,EMEA,2526.51,1776.6,749.9100000000003,29.68165572271633,Low
10278,34,100.0,6,4667.86,2004-08-06,Shipped,3,8,2004,Classic Cars,141,S18_1129,Signal Gift Stores,7025551838,8489 Strong St.,N/A,Las Vegas,NV,83030,USA,NA,King,Sue,Medium,2004,8,3,August,Q3,2004-08,NA,4667.86,2876.4,1791.4599999999996,38.378614611406505,Medium
10287,41,100.0,4,6499.32,2004-08-30,Shipped,3,8,2004,Classic Cars,141,S18_1129,"Vida Sport, Ltd",0897-034555,Grenzacherweg 237,N/A,Gensve,N/A,1203,Switzerland,EMEA,Holz,Michael,Medium,2004,8,3,August,Q3,2004-08,EMEA,6499.32,3468.6,3030.72,46.63133989401968,High
10301,37,100.0,8,5917.78,2003-10-05,Shipped,4,10,2003,Classic Cars,141,S18_1129,"Norway Gifts By Mail, Co.",+47 2212 1555,"Drammensveien 126 A, PB 744 Sentrum",N/A,Oslo,N/A,N 0106,Norway,EMEA,Klaeboe,Jan,Medium,2003,10,4,October,Q4,2003-10,EMEA,5917.78,3130.2,2787.58,47.10516443666375,Medium
10310,37,100.0,2,6231.91,2004-10-16,Shipped,4,10,2004,Classic Cars,141,S18_1129,"Toms Spezialitten, Ltd",0221-5554327,Mehrheimerstr. 369,N/A,Koln,N/A,50739,Germany,EMEA,Pfalzheim,Henriette,Medium,2004,10,4,October,Q4,2004-10,EMEA,6231.91,3130.2,3101.71,49.77141839339785,High
10321,41,100.0,10,5803.14,2004-11-04,Shipped,4,11,2004,Classic Cars,141,S18_1129,FunGiftIdeas.com,5085552555,1785 First Street,N/A,New Bedford,MA,50553,USA,NA,Benitez,Violeta,Medium,2004,11,4,November,Q4,2004-11,NA,5803.14,3468.6,2334.5400000000004,40.228910555320056,Medium
10331,46,100.0,6,6434.02,2004-11-17,Shipped,4,11,2004,Classic Cars,141,S18_1129,Motor Mint Distributors Inc.,2155559857,11328 Douglas Av.,N/A,Philadelphia,PA,71270,USA,NA,Hernandez,Rosa,Medium,2004,11,4,November,Q4,2004-11,NA,6434.02,3891.6,2542.4200000000005,39.51526417387575,High
10342,40,100.0,2,6454.4,2004-11-24,Shipped,4,11,2004,Classic Cars,141,S18_1129,"Australian Collectors, Co.",03 9520 4555,636 St Kilda Road,Level 3,Melbourne,Victoria,3004,Australia,APAC,Ferguson,Peter,Medium,2004,11,4,November,Q4,2004-11,APAC,6454.4,3384.0,3070.3999999999996,47.57064947942489,High
10356,43,97.6,8,4196.8,2004-12-09,Shipped,4,12,2004,Classic Cars,141,S18_1129,Lyon Souveniers,+33 1 46 62 7555,27 rue du Colonel Pierre Avia,N/A,Paris,N/A,75508,France,EMEA,Da Cunha,Daniel,Medium,2004,12,4,December,Q4,2004-12,EMEA,4196.8,3637.7999999999997,559.0000000000005,13.31967213114755,Medium
10365,30,87.06,1,2611.8,2005-01-07,Shipped,1,1,2005,Classic Cars,141,S18_1129,Mini Creations Ltd.,5085559555,4575 Hillside Dr.,N/A,New Bedford,MA,50553,USA,NA,Tam,Wing C,Small,2005,1,1,January,Q1,2005-01,NA,2611.8,2538.0,73.80000000000018,2.8256374913852587,Low
10377,35,100.0,2,5895.05,2005-02-09,Shipped,1,2,2005,Classic Cars,141,S18_1129,"Toys of Finland, Co.",90-224 8555,Keskuskatu 45,N/A,Helsinki,N/A,21240,Finland,EMEA,Karttunen,Matti,Medium,2005,2,1,February,Q1,2005-02,EMEA,5895.05,2961.0,2934.05,49.77141839339785,Medium
10390,36,93.77,14,3375.72,2005-03-04,Shipped,1,3,2005,Classic Cars,141,S18_1129,Mini Gifts Distributors Ltd.,4155551450,5677 Strong St.,N/A,San Rafael,CA,97562,USA,NA,Nelson,Valarie,Medium,2005,3,1,March,Q1,2005-03,NA,3375.72,3045.6,330.1199999999999,9.779247093953288,Medium
10406,61,100.0,3,8374.69,2005-04-15,Disputed,2,4,2005,Classic Cars,141,S18_1129,Danish Wholesale Imports,31 12 3555,Vinb'ltet 34,N/A,Kobenhavn,N/A,1734,Denmark,EMEA,Petersen,Jytte,Large,2005,4,2,April,Q2,2005-04,EMEA,8374.69,5160.599999999999,3214.090000000001,38.37861461140652,High
10419,38,100.0,5,4464.24,2005-05-17,Shipped,2,5,2005,Classic Cars,141,S18_1129,Salzburg Collectables,6562-9555,Geislweg 14,N/A,Salzburg,N/A,5020,Austria,EMEA,Pipps,Georg,Medium,2005,5,2,May,Q2,2005-05,EMEA,4464.24,3214.7999999999997,1249.44,27.98774259448417,Medium
10102,39,100.0,2,4808.31,2003-01-10,Shipped,1,1,2003,Vintage Cars,102,S18_1342,Vitachrome Inc.,2125551500,2678 Kingston Rd.,Suite 101,NYC,NY,10022,USA,NA,Frick,Michael,Medium,2003,1,1,January,Q1,2003-01,NA,4808.31,2386.7999999999997,2421.5100000000007,50.36093762673373,Medium
10111,33,99.66,6,3288.78,2003-03-25,Shipped,1,3,2003,Vintage Cars,102,S18_1342,Mini Wheels Co.,6505555787,5557 North Pendale Street,N/A,San Francisco,CA,N/A,USA,NA,Murphy,Julie,Medium,2003,3,1,March,Q1,2003-03,NA,3288.78,2019.6,1269.1800000000003,38.59121011438893,Medium
10125,32,100.0,1,3254.72,2003-05-21,Shipped,2,5,2003,Vintage Cars,102,S18_1342,"Australian Collectors, Co.",03 9520 4555,636 St Kilda Road,Level 3,Melbourne,Victoria,3004,Australia,APAC,Ferguson,Peter,Medium,2003,5,2,May,Q2,2003-05,APAC,3254.72,1958.3999999999999,1296.32,39.82892537606922,Medium
10139,31,100.0,7,3184.94,2003-07-16,Shipped,3,7,2003,Vintage Cars,102,S18_1342,Souveniers And Things Co.,+61 2 9495 8555,"Monitor Money Building, 815 Pacific Hwy",Level 6,Chatswood,NSW,2067,Australia,APAC,Huxley,Adrian,Medium,2003,7,3,July,Q3,2003-07,APAC,3184.94,1897.1999999999998,1287.7400000000002,40.43215884757641,Medium
10149,50,100.0,4,5907.5,2003-09-12,Shipped,3,9,2003,Vintage Cars,102,S18_1342,Signal Collectibles Ltd.,4155554312,2793 Furth Circle,N/A,Brisbane,CA,94217,USA,NA,Taylor,Sue,Medium,2003,9,3,September,Q3,2003-09,NA,5907.5,3060.0,2847.5,48.201438848920866,Medium
10162,48,91.44,2,4389.12,2003-10-18,Shipped,4,10,2003,Vintage Cars,102,S18_1342,Corporate Gift Ideas Co.,6505551386,7734 Strong St.,N/A,San Francisco,CA,N/A,USA,NA,Brown,Julie,Medium,2003,10,4,October,Q4,2003-10,NA,4389.12,2937.6,1451.52,33.07086614173229,Medium
10173,43,100.0,6,5036.16,2003-11-05,Shipped,4,11,2003,Vintage Cars,102,S18_1342,Rovelli Gifts,035-640555,Via Ludovico il Moro 22,N/A,Bergamo,N/A,24100,Italy,EMEA,Rovelli,Giovanni,Medium,2003,11,4,November,Q4,2003-11,EMEA,5036.16,2631.6,2404.56,47.74590163934426,Medium
10182,25,87.33,3,2183.25,2003-11-12,Shipped,4,11,2003,Vintage Cars,102,S18_1342,Mini Gifts Distributors Ltd.,4155551450,5677 Strong St.,N/A,San Rafael,CA,97562,USA,NA,Nelson,Valarie,Small,2003,11,4,November,Q4,2003-11,NA,2183.25,1530.0,653.25,29.92098935073858,Low
10193,28,100.0,7,3106.88,2003-11-21,Shipped,4,11,2003,Vintage Cars,102,S18_1342,"Australian Collectables, Ltd",61-9-3844-6555,7 Allen Street,N/A,Glen Waverly,Victoria,3150,Australia,APAC,Connery,Sean,Medium,2003,11,4,November,Q4,2003-11,APAC,3106.88,1713.6,1393.2800000000002,44.844989185292,Medium
10205,36,100.0,2,3735.72,2003-12-03,Shipped,4,12,2003,Vintage Cars,102,S18_1342,Euro Shopping Channel,(91) 555 94 44,"C/ Moralzarzal, 86",N/A,Madrid,N/A,28034,Spain,EMEA,Freyre,Diego,Medium,2003,12,4,December,Q4,2003-12,EMEA,3735.72,2203.2,1532.52,41.023417172593234,Medium
10215,27,89.38,10,2413.26,2004-01-29,Shipped,1,1,2004,Vintage Cars,102,S18_1342,West Coast Collectables Co.,3105553722,3675 Furth Circle,N/A,Burbank,CA,94019,USA,NA,Thompson,Steve,Small,2004,1,1,January,Q1,2004-01,NA,2413.26,1652.3999999999999,760.8600000000004,31.52830610874917,Low
10227,25,100.0,3,2953.75,2004-03-02,Shipped,1,3,2004,Vintage Cars,102,S18_1342,"Saveley & Henriot, Co.",78.32.5555,"2, rue du Commerce",N/A,Lyon,N/A,69004,France,EMEA,Saveley,Mary,Small,2004,3,1,March,Q1,2004-03,EMEA,2953.75,1530.0,1423.75,48.201438848920866,Low
10244,40,100.0,7,4684.8,2004-04-29,Shipped,2,4,2004,Vintage Cars,102,S18_1342,Euro Shopping Channel,(91) 555 94 44,"C/ Moralzarzal, 86",N/A,Madrid,N/A,28034,Spain,EMEA,Freyre,Diego,Medium,2004,4,2,April,Q2,2004-04,EMEA,4684.8,2448.0,2236.8,47.74590163934426,Medium
10256,34,95.55,2,3248.7,2004-06-08,Shipped,2,6,2004,Vintage Cars,102,S18_1342,Danish Wholesale Imports,31 12 3555,Vinb'ltet 34,N/A,Kobenhavn,N/A,1734,Denmark,EMEA,Petersen,Jytte,Medium,2004,6,2,June,Q2,2004-06,EMEA,3248.7,2080.7999999999997,1167.9,35.949764521193096,Medium
10280,50,100.0,9,5239.5,2004-08-17,Shipped,3,8,2004,Vintage Cars,102,S18_1342,Amica Models & Co.,011-4988555,Via Monte Bianco 34,N/A,Torino,N/A,10100,Italy,EMEA,Accorti,Paolo,Medium,2004,8,3,August,Q3,2004-08,EMEA,5239.5,3060.0,2179.5,41.59748067563699,Medium
10289,38,100.0,2,4567.98,2004-09-03,Shipped,3,9,2004,Vintage Cars,102,S18_1342,Herkku Gifts,+47 2267 3215,"Drammen 121, PR 744 Sentrum",N/A,Bergen,N/A,N 5804,Norway,EMEA,Oeztan,Veysel,Medium,2004,9,3,September,Q3,2004-09,EMEA,4567.98,2325.6,2242.3799999999997,49.08909408535063,Medium
10304,37,95.55,13,3535.35,2004-10-11,Shipped,4,10,2004,Vintage Cars,102,S18_1342,Auto Assoc. & Cie.,30.59.8555,"67, avenue de l'Europe",N/A,Versailles,N/A,78000,France,EMEA,Tonini,Daniel,Medium,2004,10,4,October,Q4,2004-10,EMEA,3535.35,2264.4,1270.9499999999998,35.94976452119309,Medium
10312,43,89.38,10,3843.34,2004-10-21,Shipped,4,10,2004,Vintage Cars,102,S18_1342,Mini Gifts Distributors Ltd.,4155551450,5677 Strong St.,N/A,San Rafael,CA,97562,USA,NA,Nelson,Valarie,Medium,2004,10,4,October,Q4,2004-10,NA,3843.34,2631.6,1211.7400000000002,31.528306108749167,Medium
10322,43,86.3,14,3710.9,2004-11-04,Shipped,4,11,2004,Vintage Cars,102,S18_1342,Online Diecast Creations Co.,6035558647,2304 Long Airport Avenue,N/A,Nashua,NH,62005,USA,NA,Young,Valarie,Medium,2004,11,4,November,Q4,2004-11,NA,3710.9,2631.6,1079.3000000000002,29.084588644264198,Medium
10332,46,95.13,15,4375.98,2004-11-17,Shipped,4,11,2004,Vintage Cars,102,S18_1342,"AV Stores, Co.",(171) 555-1555,Fauntleroy Circus,N/A,Manchester,N/A,EC2 5NT,UK,EMEA,Ashworth,Victoria,Medium,2004,11,4,November,Q4,2004-11,EMEA,4375.98,2815.2,1560.7799999999997,35.666982024597914,Medium
10346,42,36.11,3,1516.62,2004-11-29,Shipped,4,11,2004,Vintage Cars,102,S18_1342,Signal Gift Stores,7025551838,8489 Strong St.,N/A,Las Vegas,NV,83030,USA,NA,King,Sue,Small,2004,11,4,November,Q4,2004-11,NA,1516.62,2570.4,-1053.7800000000002,-69.48213791193577,Low
10356,50,50.18,9,2509.0,2004-12-09,Shipped,4,12,2004,Vintage Cars,102,S18_1342,Lyon Souveniers,+33 1 46 62 7555,27 rue du Colonel Pierre Avia,N/A,Paris,N/A,75508,France,EMEA,Da Cunha,Daniel,Small,2004,12,4,December,Q4,2004-12,EMEA,2509.0,3060.0,-551.0,-21.960940613790356,Low
10369,44,100.0,8,9240.44,2005-01-20,Shipped,1,1,2005,Vintage Cars,102,S18_1342,Collectables For Less Inc.,6175558555,7825 Douglas Av.,N/A,Brickhaven,MA,58339,USA,NA,Nelson,Allen,Large,2005,1,1,January,Q1,2005-01,NA,9240.44,2692.7999999999997,6547.640000000001,70.85853054616447,High
10380,27,93.16,13,2515.32,2005-02-16,Shipped,1,2,2005,Vintage Cars,102,S18_1342,Euro Shopping Channel,(91) 555 94 44,"C/ Moralzarzal, 86",N/A,Madrid,N/A,28034,Spain,EMEA,Freyre,Diego,Small,2005,2,1,February,Q1,2005-02,EMEA,2515.32,1652.3999999999999,862.9200000000003,34.3065693430657,Low
10391,35,100.0,2,5548.9,2005-03-09,Shipped,1,3,2005,Vintage Cars,102,S18_1342,"Anna's Decorations, Ltd",02 9936 8555,201 Miller Street,Level 15,North Sydney,NSW,2060,Australia,APAC,O'Hara,Anna,Medium,2005,3,1,March,Q1,2005-03,APAC,5548.9,2142.0,3406.8999999999996,61.39775450990286,Medium
10422,51,95.55,2,4873.05,2005-05-30,In Process,2,5,2005,Vintage Cars,102,S18_1342,Diecast Classics Inc.,2155551555,7586 Pompton St.,N/A,Allentown,PA,70267,USA,NA,Yu,Kyung,Medium,2005,5,2,May,Q2,2005-05,NA,4873.05,3121.2,1751.8500000000004,35.9497645211931,Medium
10102,41,50.14,1,2055.74,2003-01-10,Shipped,1,1,2003,Vintage Cars,53,S18_1367,Vitachrome Inc.,2125551500,2678 Kingston Rd.,Suite 101,NYC,NY,10022,USA,NA,Frick,Michael,Small,2003,1,1,January,Q1,2003-01,NA,2055.74,1303.8,751.9399999999998,36.5775827682489,Low
10111,48,49.06,5,2354.88,2003-03-25,Shipped,1,3,2003,Vintage Cars,53,S18_1367,Mini Wheels Co.,6505555787,5557 North Pendale Street,N/A,San Francisco,CA,N/A,USA,NA,Murphy,Julie,Small,2003,3,1,March,Q1,2003-03,NA,2354.88,1526.3999999999999,828.4800000000002,35.1814105177334,Low
10126,42,54.99,17,2309.58,2003-05-28,Shipped,2,5,2003,Vintage Cars,53,S18_1367,"Corrida Auto Replicas, Ltd",(91) 555 22 82,"C/ Araquil, 67",N/A,Madrid,N/A,28023,Spain,EMEA,Sommer,Mart¡n,Small,2003,5,2,May,Q2,2003-05,EMEA,2309.58,1335.6,973.98,42.17130387343154,Low
10139,49,43.13,6,2113.37,2003-07-16,Shipped,3,7,2003,Vintage Cars,53,S18_1367,Souveniers And Things Co.,+61 2 9495 8555,"Monitor Money Building, 815 Pacific Hwy",Level 6,Chatswood,NSW,2067,Australia,APAC,Huxley,Adrian,Small,2003,7,3,July,Q3,2003-07,APAC,2113.37,1558.2,555.1699999999998,26.269418038488286,Low
10149,30,58.22,3,1746.6,2003-09-12,Shipped,3,9,2003,Vintage Cars,53,S18_1367,Signal Collectibles Ltd.,4155554312,2793 Furth Circle,N/A,Brisbane,CA,94217,USA,NA,Taylor,Sue,Small,2003,9,3,September,Q3,2003-09,NA,1746.6,954.0,792.5999999999999,45.37959464101683,Low
10162,45,51.21,1,2304.45,2003-10-18,Shipped,4,10,2003,Vintage Cars,53,S18_1367,Corporate Gift Ideas Co.,6505551386,7734 Strong St.,N/A,San Francisco,CA,N/A,USA,NA,Brown,Julie,Small,2003,10,4,October,Q4,2003-10,NA,2304.45,1431.0,873.4499999999998,37.90275336848271,Low
10173,48,44.21,5,2122.08,2003-11-05,Shipped,4,11,2003,Vintage Cars,53,S18_1367,Rovelli Gifts,035-640555,Via Ludovico il Moro 22,N/A,Bergamo,N/A,24100,Italy,EMEA,Rovelli,Giovanni,Small,2003,11,4,November,Q4,2003-11,EMEA,2122.08,1526.3999999999999,595.6800000000001,28.070572268717488,Low
10182,32,54.45,2,1742.4,2003-11-12,Shipped,4,11,2003,Vintage Cars,53,S18_1367,Mini Gifts Distributors Ltd.,4155551450,5677 Strong St.,N/A,San Rafael,CA,97562,USA,NA,Nelson,Valarie,Small,2003,11,4,November,Q4,2003-11,NA,1742.4,1017.5999999999999,724.8000000000002,41.5977961432507,Low
10193,46,53.37,6,2455.02,2003-11-21,Shipped,4,11,2003,Vintage Cars,53,S18_1367,"Australian Collectables, Ltd",61-9-3844-6555,7 Allen Street,N/A,Glen Waverly,Victoria,3150,Australia,APAC,Connery,Sean,Small,2003,11,4,November,Q4,2003-11,APAC,2455.02,1462.8,992.22,40.415964024733,Low
10205,48,63.61,1,3053.28,2003-12-03,Shipped,4,12,2003,Vintage Cars,53,S18_1367,Euro Shopping Channel,(91) 555 94 44,"C/ Moralzarzal, 86",N/A,Madrid,N/A,28034,Spain,EMEA,Freyre,Diego,Medium,2003,12,4,December,Q4,2003-12,EMEA,3053.28,1526.3999999999999,1526.8800000000003,50.00786039930829,Medium
10215,33,43.13,9,1423.29,2004-01-29,Shipped,1,1,2004,Vintage Cars,53,S18_1367,West Coast Collectables Co.,3105553722,3675 Furth Circle,N/A,Burbank,CA,94019,USA,NA,Thompson,Steve,Small,2004,1,1,January,Q1,2004-01,NA,1423.29,1049.3999999999999,373.8900000000001,26.2694180384883,Low
10227,31,48.52,2,1504.12,2004-03-02,Shipped,1,3,2004,Vintage Cars,53,S18_1367,"Saveley & Henriot, Co.",78.32.5555,"2, rue du Commerce",N/A,Lyon,N/A,69004,France,EMEA,Saveley,Mary,Small,2004,3,1,March,Q1,2004-03,EMEA,1504.12,985.8,518.3199999999999,34.460016488046165,Low
10244,20,58.22,6,1164.4,2004-04-29,Shipped,2,4,2004,Vintage Cars,53,S18_1367,Euro Shopping Channel,(91) 555 94 44,"C/ Moralzarzal, 86",N/A,Madrid,N/A,28034,Spain,EMEA,Freyre,Diego,Small,2004,4,2,April,Q2,2004-04,EMEA,1164.4,636.0,528.4000000000001,45.37959464101684,Low
10256,29,51.75,1,1500.75,2004-06-08,Shipped,2,6,2004,Vintage Cars,53,S18_1367,Danish Wholesale Imports,31 12 3555,Vinb'ltet 34,N/A,Kobenhavn,N/A,1734,Denmark,EMEA,Petersen,Jytte,Small,2004,6,2,June,Q2,2004-06,EMEA,1500.75,922.1999999999999,578.5500000000001,38.550724637681164,Low
10280,27,57.68,8,1557.36,2004-08-17,Shipped,3,8,2004,Vintage Cars,53,S18_1367,Amica Models & Co.,011-4988555,Via Monte Bianco 34,N/A,Torino,N/A,10100,Italy,EMEA,Accorti,Paolo,Small,2004,8,3,August,Q3,2004-08,EMEA,1557.36,858.6,698.7599999999999,44.86823855755894,Low
10289,24,56.07,1,1345.68,2004-09-03,Shipped,3,9,2004,Vintage Cars,53,S18_1367,Herkku Gifts,+47 2267 3215,"Drammen 121, PR 744 Sentrum",N/A,Bergen,N/A,N 5804,Norway,EMEA,Oeztan,Veysel,Small,2004,9,3,September,Q3,2004-09,EMEA,1345.68,763.1999999999999,582.4800000000001,43.28517924023543,Low
10304,37,48.52,12,1795.24,2004-10-11,Shipped,4,10,2004,Vintage Cars,53,S18_1367,Auto Assoc. & Cie.,30.59.8555,"67, avenue de l'Europe",N/A,Versailles,N/A,78000,France,EMEA,Tonini,Daniel,Small,2004,10,4,October,Q4,2004-10,EMEA,1795.24,1176.6,618.6400000000001,34.46001648804617,Low
10312,25,44.21,9,1105.25,2004-10-21,Shipped,4,10,2004,Vintage Cars,53,S18_1367,Mini Gifts Distributors Ltd.,4155551450,5677 Strong St.,N/A,San Rafael,CA,97562,USA,NA,Nelson,Valarie,Small,2004,10,4,October,Q4,2004-10,NA,1105.25,795.0,310.25,28.070572268717488,Low
10322,41,57.68,5,2364.88,2004-11-04,Shipped,4,11,2004,Vintage Cars,53,S18_1367,Online Diecast Creations Co.,6035558647,2304 Long Airport Avenue,N/A,Nashua,NH,62005,USA,NA,Young,Valarie,Small,2004,11,4,November,Q4,2004-11,NA,2364.88,1303.8,1061.0800000000002,44.868238557558946,Low
10332,27,89.89,16,2427.03,2004-11-17,Shipped,4,11,2004,Vintage Cars,53,S18_1367,"AV Stores, Co.",(171) 555-1555,Fauntleroy Circus,N/A,Manchester,N/A,EC2 5NT,UK,EMEA,Ashworth,Victoria,Small,2004,11,4,November,Q4,2004-11,EMEA,2427.03,858.6,1568.4300000000003,64.62342863499833,Low
10347,21,58.95,7,1237.95,2004-11-29,Shipped,4,11,2004,Vintage Cars,53,S18_1367,"Australian Collectors, Co.",03 9520 4555,636 St Kilda Road,Level 3,Melbourne,Victoria,3004,Australia,APAC,Ferguson,Peter,Small,2004,11,4,November,Q4,2004-11,APAC,1237.95,667.8,570.1500000000001,46.05597964376591,Low
10356,22,72.41,6,1593.02,2004-12-09,Shipped,4,12,2004,Vintage Cars,53,S18_1367,Lyon Souveniers,+33 1 46 62 7555,27 rue du Colonel Pierre Avia,N/A,Paris,N/A,75508,France,EMEA,Da Cunha,Daniel,Small,2004,12,4,December,Q4,2004-12,EMEA,1593.02,699.6,893.42,56.08341389310868,Low
10369,32,98.63,7,3156.16,2005-01-20,Shipped,1,1,2005,Vintage Cars,53,S18_1367,Collectables For Less Inc.,6175558555,7825 Douglas Av.,N/A,Brickhaven,MA,58339,USA,NA,Nelson,Allen,Medium,2005,1,1,January,Q1,2005-01,NA,3156.16,1017.5999999999999,2138.56,67.75828855317855,Medium
10381,25,52.83,9,1320.75,2005-02-17,Shipped,1,2,2005,Vintage Cars,53,S18_1367,Corporate Gift Ideas Co.,6505551386,7734 Strong St.,N/A,San Francisco,CA,N/A,USA,NA,Brown,Julie,Small,2005,2,1,February,Q1,2005-02,NA,1320.75,795.0,525.75,39.80692788188529,Low
10391,42,100.0,3,4998.0,2005-03-09,Shipped,1,3,2005,Vintage Cars,53,S18_1367,"Anna's Decorations, Ltd",02 9936 8555,201 Miller Street,Level 15,North Sydney,NSW,2060,Australia,APAC,O'Hara,Anna,Medium,2005,3,1,March,Q1,2005-03,APAC,4998.0,1335.6,3662.4,73.27731092436976,Medium
10422,25,51.75,1,1293.75,2005-05-30,In Process,2,5,2005,Vintage Cars,53,S18_1367,Diecast Classics Inc.,2155551555,7586 Pompton St.,N/A,Allentown,PA,70267,USA,NA,Yu,Kyung,Small,2005,5,2,May,Q2,2005-05,NA,1293.75,795.0,498.75,38.550724637681164,Low
10110,37,100.0,16,5433.08,2003-03-18,Shipped,1,3,2003,Classic Cars,124,S18_1589,"AV Stores, Co.",(171) 555-1555,Fauntleroy Circus,N/A,Manchester,N/A,EC2 5NT,UK,EMEA,Ashworth,Victoria,Medium,2003,3,1,March,Q1,2003-03,EMEA,5433.08,2752.7999999999997,2680.28,49.33260691909562,Medium
10123,26,100.0,2,3073.72,2003-05-20,Shipped,2,5,2003,Classic Cars,124,S18_1589,Atelier graphique,40.32.2555,"54, rue Royale",N/A,Nantes,N/A,44000,France,EMEA,Schmitt,Carine,Medium,2003,5,2,May,Q2,2003-05,EMEA,3073.72,1934.3999999999999,1139.32,37.06648621214684,Medium
10137,44,99.55,2,4380.2,2003-07-10,Shipped,3,7,2003,Classic Cars,124,S18_1589,Reims Collectables,26.47.1555,59 rue de l'Abbaye,N/A,Reims,N/A,51100,France,EMEA,Henriot,Paul,Medium,2003,7,3,July,Q3,2003-07,EMEA,4380.2,3273.6,1106.6,25.26368658965344,Medium
10148,47,100.0,9,5848.68,2003-09-11,Shipped,3,9,2003,Classic Cars,124,S18_1589,"Anna's Decorations, Ltd",02 9936 8555,201 Miller Street,Level 15,North Sydney,NSW,2060,Australia,APAC,O'Hara,Anna,Medium,2003,9,3,September,Q3,2003-09,APAC,5848.68,3496.7999999999997,2351.8800000000006,40.212150433944075,Medium
10161,43,100.0,8,6153.73,2003-10-17,Shipped,4,10,2003,Classic Cars,124,S18_1589,Heintze Collectables,86 21 3555,Smagsloget 45,N/A,Aaarhus,N/A,8200,Denmark,EMEA,Ibsen,Palle,Medium,2003,10,4,October,Q4,2003-10,EMEA,6153.73,3199.2,2954.5299999999997,48.01201872685347,High
10172,42,100.0,6,4965.24,2003-11-05,Shipped,4,11,2003,Classic Cars,124,S18_1589,Gift Depot Inc.,2035552570,25593 South Bay Ln.,N/A,Bridgewater,CT,97562,USA,NA,King,Julie,Medium,2003,11,4,November,Q4,2003-11,NA,4965.24,3124.7999999999997,1840.44,37.06648621214685,Medium
10181,42,100.0,2,5435.64,2003-11-12,Shipped,4,11,2003,Classic Cars,124,S18_1589,Herkku Gifts,+47 2267 3215,"Drammen 121, PR 744 Sentrum",N/A,Bergen,N/A,N 5804,Norway,EMEA,Oeztan,Veysel,Medium,2003,11,4,November,Q4,2003-11,EMEA,5435.64,3124.7999999999997,2310.8400000000006,42.512749188688005,Medium
10192,29,100.0,7,4258.36,2003-11-20,Shipped,4,11,2003,Classic Cars,124,S18_1589,Online Diecast Creations Co.,6035558647,2304 Long Airport Avenue,N/A,Nashua,NH,62005,USA,NA,Young,Valarie,Medium,2003,11,4,November,Q4,2003-11,NA,4258.36,2157.6,2100.7599999999998,49.33260691909561,Medium
10204,40,100.0,13,4032.0,2003-12-02,Shipped,4,12,2003,Classic Cars,124,S18_1589,Muscle Machine Inc,2125557413,4092 Furth Circle,Suite 400,NYC,NY,10022,USA,NA,Young,Jeff,Medium,2003,12,4,December,Q4,2003-12,NA,4032.0,2976.0,1056.0,26.190476190476193,Medium
10212,38,100.0,6,4492.36,2004-01-16,Shipped,1,1,2004,Classic Cars,124,S18_1589,Euro Shopping Channel,(91) 555 94 44,"C/ Moralzarzal, 86",N/A,Madrid,N/A,28034,Spain,EMEA,Freyre,Diego,Medium,2004,1,1,January,Q1,2004-01,EMEA,4492.36,2827.2,1665.1599999999999,37.06648621214684,Medium
10226,38,100.0,4,4161.38,2004-02-26,Shipped,1,2,2004,Classic Cars,124,S18_1589,Collectable Mini Designs Co.,7605558146,361 Furth Circle,N/A,San Diego,CA,91217,USA,NA,Thompson,Valarie,Medium,2004,2,1,February,Q1,2004-02,NA,4161.38,2827.2,1334.1800000000003,32.06099899552553,Medium
10241,21,100.0,11,2508.66,2004-04-13,Shipped,2,4,2004,Classic Cars,124,S18_1589,Mini Caravy,88.60.1555,"24, place Kluber",N/A,Strasbourg,N/A,67000,France,EMEA,Citeaux,Frederique,Small,2004,4,2,April,Q2,2004-04,EMEA,2508.66,1562.3999999999999,946.26,37.7197388247112,Low
10253,24,100.0,1,3374.88,2004-06-01,Cancelled,2,6,2004,Classic Cars,124,S18_1589,"UK Collectables, Ltd.",(171) 555-2282,Berkeley Gardens 12  Brewery,N/A,Liverpool,N/A,WX1 6LT,UK,EMEA,Devon,Elizabeth,Medium,2004,6,2,June,Q2,2004-06,EMEA,3374.88,1785.6,1589.2800000000002,47.09145214052056,Medium
10266,36,100.0,2,5196.6,2004-07-06,Shipped,3,7,2004,Classic Cars,124,S18_1589,L'ordine Souveniers,0522-556555,Strada Provinciale 124,N/A,Reggio Emilia,N/A,42100,Italy,EMEA,Moroni,Maurizio,Medium,2004,7,3,July,Q3,2004-07,EMEA,5196.6,2678.4,2518.2000000000003,48.4586075510911,Medium
10278,23,100.0,2,2604.52,2004-08-06,Shipped,3,8,2004,Classic Cars,124,S18_1589,Signal Gift Stores,7025551838,8489 Strong St.,N/A,Las Vegas,NV,83030,USA,NA,King,Sue,Small,2004,8,3,August,Q3,2004-08,NA,2604.52,1711.2,893.3199999999999,34.29883433415754,Low
10288,20,100.0,14,2936.8,2004-09-01,Shipped,3,9,2004,Classic Cars,124,S18_1589,Handji Gifts& Co,+65 224 1555,Village Close - 106 Linden Road Sandown,2nd Floor,Singapore,N/A,69045,Singapore,APAC,Victorino,Wendy,Small,2004,9,3,September,Q3,2004-09,APAC,2936.8,1488.0,1448.8000000000002,49.33260691909562,Low
10301,32,100.0,4,3424.64,2003-10-05,Shipped,4,10,2003,Classic Cars,124,S18_1589,"Norway Gifts By Mail, Co.",+47 2212 1555,"Drammensveien 126 A, PB 744 Sentrum",N/A,Oslo,N/A,N 0106,Norway,EMEA,Klaeboe,Jan,Medium,2003,10,4,October,Q4,2003-10,EMEA,3424.64,2380.7999999999997,1043.8400000000001,30.480284059054384,Medium
10311,29,100.0,9,2923.2,2004-10-16,Shipped,4,10,2004,Classic Cars,124,S18_1589,Euro Shopping Channel,(91) 555 94 44,"C/ Moralzarzal, 86",N/A,Madrid,N/A,28034,Spain,EMEA,Freyre,Diego,Small,2004,10,4,October,Q4,2004-10,EMEA,2923.2,2157.6,765.5999999999999,26.190476190476186,Low
10321,44,100.0,6,4489.76,2004-11-04,Shipped,4,11,2004,Classic Cars,124,S18_1589,FunGiftIdeas.com,5085552555,1785 First Street,N/A,New Bedford,MA,50553,USA,NA,Benitez,Violeta,Medium,2004,11,4,November,Q4,2004-11,NA,4489.76,3273.6,1216.1600000000003,27.0874166993336,Medium
10331,44,100.0,14,4849.24,2004-11-17,Shipped,4,11,2004,Classic Cars,124,S18_1589,Motor Mint Distributors Inc.,2155559857,11328 Douglas Av.,N/A,Philadelphia,PA,71270,USA,NA,Hernandez,Rosa,Medium,2004,11,4,November,Q4,2004-11,NA,4849.24,3273.6,1575.6399999999999,32.492514290899194,Medium
10343,36,100.0,4,5848.92,2004-11-24,Shipped,4,11,2004,Classic Cars,124,S18_1589,Reims Collectables,26.47.1555,59 rue de l'Abbaye,N/A,Reims,N/A,51100,France,EMEA,Henriot,Paul,Medium,2004,11,4,November,Q4,2004-11,EMEA,5848.92,2678.4,3170.52,54.20693051024804,Medium
10367,49,56.3,1,2758.7,2005-01-12,Resolved,1,1,2005,Classic Cars,124,S18_1589,Toys4GrownUps.com,6265557265,78934 Hillside Dr.,N/A,Pasadena,CA,90003,USA,NA,Young,Julie,Small,2005,1,1,January,Q1,2005-01,NA,2758.7,3645.6,-886.9000000000001,-32.14920071047958,Low
10378,34,42.64,5,1449.76,2005-02-10,Shipped,1,2,2005,Classic Cars,124,S18_1589,Euro Shopping Channel,(91) 555 94 44,"C/ Moralzarzal, 86",N/A,Madrid,N/A,28034,Spain,EMEA,Freyre,Diego,Small,2005,2,1,February,Q1,2005-02,EMEA,1449.76,2529.6,-1079.84,-74.484052532833,Low
10407,59,100.0,11,7048.14,2005-04-22,On Hold,2,4,2005,Classic Cars,124,S18_1589,The Sharp Gifts Warehouse,4085553659,3086 Ingle Ln.,N/A,San Jose,CA,94217,USA,NA,Frick,Sue,Large,2005,4,2,April,Q2,2005-04,NA,7048.14,4389.599999999999,2658.540000000001,37.719738824711214,High
10419,37,100.0,1,5202.94,2005-05-17,Shipped,2,5,2005,Classic Cars,124,S18_1589,Salzburg Collectables,6562-9555,Geislweg 14,N/A,Salzburg,N/A,5020,Austria,EMEA,Pipps,Georg,Medium,2005,5,2,May,Q2,2005-05,EMEA,5202.94,2752.7999999999997,2450.14,47.09145214052055,Medium
10106,36,100.0,12,5279.4,2003-02-17,Shipped,1,2,2003,Planes,157,S18_1662,Rovelli Gifts,035-640555,Via Ludovico il Moro 22,N/A,Bergamo,N/A,24100,Italy,EMEA,Rovelli,Giovanni,Medium,2003,2,1,February,Q1,2003-02,EMEA,5279.4,3391.2,1888.1999999999998,35.7654278895329,Medium
10119,43,100.0,3,6916.12,2003-04-28,Shipped,2,4,2003,Planes,157,S18_1662,Salzburg Collectables,6562-9555,Geislweg 14,N/A,Salzburg,N/A,5020,Austria,EMEA,Pipps,Georg,Medium,2003,4,2,April,Q2,2003-04,EMEA,6916.12,4050.6,2865.52,41.43247948271574,High
10131,21,100.0,4,2781.66,2003-06-16,Shipped,2,6,2003,Planes,157,S18_1662,Gift Ideas Corp.,2035554407,2440 Pompton St.,N/A,Glendale,CT,97561,USA,NA,Lewis,Dan,Small,2003,6,2,June,Q2,2003-06,NA,2781.66,1978.1999999999998,803.46,28.88419145402386,Low
10143,32,100.0,7,5248.0,2003-08-10,Shipped,3,8,2003,Planes,157,S18_1662,Mini Creations Ltd.,5085559555,4575 Hillside Dr.,N/A,New Bedford,MA,50553,USA,NA,Tam,Wing C,Medium,2003,8,3,August,Q3,2003-08,NA,5248.0,3014.4,2233.6,42.5609756097561,Medium
10155,38,100.0,5,6531.44,2003-10-06,Shipped,4,10,2003,Planes,157,S18_1662,"Toys of Finland, Co.",90-224 8555,Keskuskatu 45,N/A,Helsinki,N/A,21240,Finland,EMEA,Karttunen,Matti,Medium,2003,10,4,October,Q4,2003-10,EMEA,6531.44,3579.6,2951.8399999999997,45.194321619734694,High
10167,43,100.0,1,5763.72,2003-10-23,Cancelled,4,10,2003,Planes,157,S18_1662,Scandinavian Gift Ideas,0695-34 6555,?kergatan 24,N/A,Boras,N/A,S-844 67,Sweden,EMEA,Larsson,Maria,Medium,2003,10,4,October,Q4,2003-10,EMEA,5763.72,4050.6,1713.1200000000003,29.722470904207704,Medium
10178,42,100.0,4,6490.68,2003-11-08,Shipped,4,11,2003,Planes,157,S18_1662,Alpha Cognac,61.77.6555,1 rue Alsace-Lorraine,N/A,Toulouse,N/A,31000,France,EMEA,Roulet,Annette,Medium,2003,11,4,November,Q4,2003-11,EMEA,6490.68,3956.3999999999996,2534.2800000000007,39.04490746732238,High
10186,32,100.0,1,6004.8,2003-11-14,Shipped,4,11,2003,Planes,157,S18_1662,"Double Decker Gift Stores, Ltd",(171) 555-7555,120 Hanover Sq.,N/A,London,N/A,WA1 1DP,UK,EMEA,Hardy,Thomas,Medium,2003,11,4,November,Q4,2003-11,EMEA,6004.8,3014.4,2990.4,49.80015987210232,High
10198,42,100.0,4,7483.98,2003-11-27,Shipped,4,11,2003,Planes,157,S18_1662,Cruz & Sons Co.,+63 2 555 3587,15 McCallum Street - NatWest Center #13-03,N/A,Makati City,N/A,1227 MM,Philippines,Japan,Cruz,Arnold,Large,2003,11,4,November,Q4,2003-11,Japan,7483.98,3956.3999999999996,3527.58,47.13508053201639,High
10210,31,100.0,17,5719.5,2004-01-12,Shipped,1,1,2004,Planes,157,S18_1662,Osaka Souveniers Co.,+81 06 6342 5555,"Dojima Avanza 4F, 1-6-20 Dojima, Kita-ku",N/A,Osaka,Osaka,530-0003,Japan,Japan,Kentary,Mory,Medium,2004,1,1,January,Q1,2004-01,Japan,5719.5,2920.2,2799.3,48.94308943089431,Medium
10222,49,100.0,4,6954.08,2004-02-19,Shipped,1,2,2004,Planes,157,S18_1662,Collectable Mini Designs Co.,7605558146,361 Furth Circle,N/A,San Diego,CA,91217,USA,NA,Thompson,Valarie,Medium,2004,2,1,February,Q1,2004-02,NA,6954.08,4615.8,2338.2799999999997,33.62457722660653,High
10250,45,100.0,14,8160.3,2004-05-11,Shipped,2,5,2004,Planes,157,S18_1662,The Sharp Gifts Warehouse,4085553659,3086 Ingle Ln.,N/A,San Jose,CA,94217,USA,NA,Frick,Sue,Large,2004,5,2,May,Q2,2004-05,NA,8160.3,4239.0,3921.3,48.053380390426824,High
10262,49,100.0,9,6567.96,2004-06-24,Cancelled,2,6,2004,Planes,157,S18_1662,Euro Shopping Channel,(91) 555 94 44,"C/ Moralzarzal, 86",N/A,Madrid,N/A,28034,Spain,EMEA,Freyre,Diego,Medium,2004,6,2,June,Q2,2004-06,EMEA,6567.96,4615.8,1952.1599999999999,29.722470904207697,High
10274,41,100.0,1,6724.0,2004-07-21,Shipped,3,7,2004,Planes,157,S18_1662,Collectables For Less Inc.,6175558555,7825 Douglas Av.,N/A,Brickhaven,MA,58339,USA,NA,Nelson,Allen,Medium,2004,7,3,July,Q3,2004-07,NA,6724.0,3862.2,2861.8,42.5609756097561,High
10284,45,100.0,11,5747.85,2004-08-21,Shipped,3,8,2004,Planes,157,S18_1662,"Norway Gifts By Mail, Co.",+47 2212 1555,"Drammensveien 126 A, PB 744 Sentrum",N/A,Oslo,N/A,N 0106,Norway,EMEA,Klaeboe,Jan,Medium,2004,8,3,August,Q3,2004-08,EMEA,5747.85,4239.0,1508.8500000000004,26.250685038753623,Medium
10296,36,100.0,7,5676.84,2004-09-15,Shipped,3,9,2004,Planes,157,S18_1662,"Bavarian Collectables Imports, Co.",+49 89 61 08 9555,Hansastr. 15,N/A,Munich,N/A,80686,Germany,EMEA,Donnermeyer,Michael,Medium,2004,9,3,September,Q3,2004-09,EMEA,5676.84,3391.2,2285.6400000000003,40.262540427420895,Medium
10307,39,100.0,1,7379.97,2004-10-14,Shipped,4,10,2004,Planes,157,S18_1662,"Classic Gift Ideas, Inc",2155554695,782 First Street,N/A,Philadelphia,PA,71270,USA,NA,Cervantes,Francisca,Large,2004,10,4,October,Q4,2004-10,NA,7379.97,3673.7999999999997,3706.1700000000005,50.21930983459283,High
10316,27,100.0,9,3704.13,2004-11-01,Shipped,4,11,2004,Planes,157,S18_1662,giftsbymail.co.uk,(198) 555-8888,Garden House Crowther Way,N/A,Cowes,Isle of Wight,PO31 7PJ,UK,EMEA,Bennett,Helen,Medium,2004,11,4,November,Q4,2004-11,EMEA,3704.13,2543.4,1160.73,31.336103214520005,Medium
10327,25,100.0,6,2804.75,2004-11-10,Resolved,4,11,2004,Planes,157,S18_1662,Danish Wholesale Imports,31 12 3555,Vinb'ltet 34,N/A,Kobenhavn,N/A,1734,Denmark,EMEA,Petersen,Jytte,Small,2004,11,4,November,Q4,2004-11,EMEA,2804.75,2355.0,449.75,16.035297263570726,Low
10338,41,100.0,1,5624.79,2004-11-22,Shipped,4,11,2004,Planes,157,S18_1662,Royale Belge,(071) 23 67 2555,"Boulevard Tirou, 255",N/A,Charleroi,N/A,B-6000,Belgium,EMEA,Cartrain,Pascale,Medium,2004,11,4,November,Q4,2004-11,EMEA,5624.79,3862.2,1762.5900000000001,31.336103214520012,Medium
10351,39,99.52,1,3881.28,2004-12-03,Shipped,4,12,2004,Planes,157,S18_1662,"Stylish Desk Decors, Co.",(171) 555-0297,35 King George,N/A,London,N/A,WX3 6FW,UK,EMEA,Brown,Ann,Medium,2004,12,4,December,Q4,2004-12,EMEA,3881.28,3673.7999999999997,207.48000000000047,5.3456591639871505,Medium
10373,28,57.55,4,1611.4,2005-01-31,Shipped,1,1,2005,Planes,157,S18_1662,"Oulu Toy Supplies, Inc.",981-443655,Torikatu 38,N/A,Oulu,N/A,90110,Finland,EMEA,Koskitalo,Pirkko,Small,2005,1,1,January,Q1,2005-01,EMEA,1611.4,2637.6,-1026.1999999999998,-63.68375325803648,Low
10386,25,54.57,7,1364.25,2005-03-01,Resolved,1,3,2005,Planes,157,S18_1662,Euro Shopping Channel,(91) 555 94 44,"C/ Moralzarzal, 86",N/A,Madrid,N/A,28034,Spain,EMEA,Freyre,Diego,Small,2005,3,1,March,Q1,2005-03,EMEA,1364.25,2355.0,-990.75,-72.6223199560198,Low
10398,33,100.0,11,4215.09,2005-03-30,Shipped,1,3,2005,Planes,157,S18_1662,Reims Collectables,26.47.1555,59 rue de l'Abbaye,N/A,Reims,N/A,51100,France,EMEA,Henriot,Paul,Medium,2005,3,1,March,Q1,2005-03,EMEA,4215.09,3108.6,1106.4900000000002,26.250685038753623,Medium
10400,34,100.0,1,6433.82,2005-04-01,Shipped,2,4,2005,Planes,157,S18_1662,The Sharp Gifts Warehouse,4085553659,3086 Ingle Ln.,N/A,San Jose,CA,94217,USA,NA,Frick,Sue,Medium,2005,4,2,April,Q2,2005-04,NA,6433.82,3202.7999999999997,3231.02,50.21930983459283,High
10416,24,100.0,14,4352.16,2005-05-10,Shipped,2,5,2005,Planes,157,S18_1662,L'ordine Souveniers,0522-556555,Strada Provinciale 124,N/A,Reggio Emilia,N/A,42100,Italy,EMEA,Moroni,Maurizio,Medium,2005,5,2,May,Q2,2005-05,EMEA,4352.16,2260.7999999999997,2091.36,48.053380390426824,Medium
10100,30,100.0,3,5151.0,2003-01-06,Shipped,1,1,2003,Vintage Cars,170,S18_1749,Online Diecast Creations Co.,6035558647,2304 Long Airport Avenue,N/A,Nashua,NH,62005,USA,NA,Young,Valarie,Medium,2003,1,1,January,Q1,2003-01,NA,5151.0,3060.0,2091.0,40.5940594059406,Medium
10110,42,100.0,7,6069.0,2003-03-18,Shipped,1,3,2003,Vintage Cars,170,S18_1749,"AV Stores, Co.",(171) 555-1555,Fauntleroy Circus,N/A,Manchester,N/A,EC2 5NT,UK,EMEA,Ashworth,Victoria,Medium,2003,3,1,March,Q1,2003-03,EMEA,6069.0,4284.0,1785.0,29.411764705882355,High
10124,21,100.0,6,2856.0,2003-05-21,Shipped,2,5,2003,Vintage Cars,170,S18_1749,Signal Gift Stores,7025551838,8489 Strong St.,N/A,Las Vegas,NV,83030,USA,NA,King,Sue,Small,2003,5,2,May,Q2,2003-05,NA,2856.0,2142.0,714.0,25.0,Low
10149,34,100.0,11,5375.4,2003-09-12,Shipped,3,9,2003,Vintage Cars,170,S18_1749,Signal Collectibles Ltd.,4155554312,2793 Furth Circle,N/A,Brisbane,CA,94217,USA,NA,Taylor,Sue,Medium,2003,9,3,September,Q3,2003-09,NA,5375.4,3468.0,1907.3999999999996,35.48387096774193,Medium
10162,29,100.0,9,5176.5,2003-10-18,Shipped,4,10,2003,Vintage Cars,170,S18_1749,Corporate Gift Ideas Co.,6505551386,7734 Strong St.,N/A,San Francisco,CA,N/A,USA,NA,Brown,Julie,Medium,2003,10,4,October,Q4,2003-10,NA,5176.5,2958.0,2218.5,42.857142857142854,Medium
10173,24,100.0,13,3508.8,2003-11-05,Shipped,4,11,2003,Vintage Cars,170,S18_1749,Rovelli Gifts,035-640555,Via Ludovico il Moro 22,N/A,Bergamo,N/A,24100,Italy,EMEA,Rovelli,Giovanni,Medium,2003,11,4,November,Q4,2003-11,EMEA,3508.8,2448.0,1060.8000000000002,30.232558139534888,Medium
10182,44,100.0,10,7554.8,2003-11-12,Shipped,4,11,2003,Vintage Cars,170,S18_1749,Mini Gifts Distributors Ltd.,4155551450,5677 Strong St.,N/A,San Rafael,CA,97562,USA,NA,Nelson,Valarie,Large,2003,11,4,November,Q4,2003-11,NA,7554.8,4488.0,3066.8,40.5940594059406,High
10193,21,100.0,14,3141.6,2003-11-21,Shipped,4,11,2003,Vintage Cars,170,S18_1749,"Australian Collectables, Ltd",61-9-3844-6555,7 Allen Street,N/A,Glen Waverly,Victoria,3150,Australia,APAC,Connery,Sean,Medium,2003,11,4,November,Q4,2003-11,APAC,3141.6,2142.0,999.5999999999999,31.818181818181817,Medium
10204,33,100.0,4,5890.5,2003-12-02,Shipped,4,12,2003,Vintage Cars,170,S18_1749,Muscle Machine Inc,2125557413,4092 Furth Circle,Suite 400,NYC,NY,10022,USA,NA,Young,Jeff,Medium,2003,12,4,December,Q4,2003-12,NA,5890.5,3366.0,2524.5,42.857142857142854,Medium
10214,30,100.0,7,5967.0,2004-01-26,Shipped,1,1,2004,Vintage Cars,170,S18_1749,"Corrida Auto Replicas, Ltd",(91) 555 22 82,"C/ Araquil, 67",N/A,Madrid,N/A,28023,Spain,EMEA,Sommer,Mart¡n,Medium,2004,1,1,January,Q1,2004-01,EMEA,5967.0,3060.0,2907.0,48.717948717948715,Medium
10227,26,100.0,10,3712.8,2004-03-02,Shipped,1,3,2004,Vintage Cars,170,S18_1749,"Saveley & Henriot, Co.",78.32.5555,"2, rue du Commerce",N/A,Lyon,N/A,69004,France,EMEA,Saveley,Mary,Medium,2004,3,1,March,Q1,2004-03,EMEA,3712.8,2652.0,1060.8000000000002,28.571428571428577,Medium
10241,41,100.0,2,7597.3,2004-04-13,Shipped,2,4,2004,Vintage Cars,170,S18_1749,Mini Caravy,88.60.1555,"24, place Kluber",N/A,Strasbourg,N/A,67000,France,EMEA,Citeaux,Frederique,Large,2004,4,2,April,Q2,2004-04,EMEA,7597.3,4182.0,3415.3,44.95412844036697,High
10280,26,100.0,16,3668.6,2004-08-17,Shipped,3,8,2004,Vintage Cars,170,S18_1749,Amica Models & Co.,011-4988555,Via Monte Bianco 34,N/A,Torino,N/A,10100,Italy,EMEA,Accorti,Paolo,Medium,2004,8,3,August,Q3,2004-08,EMEA,3668.6,2652.0,1016.5999999999999,27.710843373493976,Medium
10288,32,100.0,5,5875.2,2004-09-01,Shipped,3,9,2004,Vintage Cars,170,S18_1749,Handji Gifts& Co,+65 224 1555,Village Close - 106 Linden Road Sandown,2nd Floor,Singapore,N/A,69045,Singapore,APAC,Victorino,Wendy,Medium,2004,9,3,September,Q3,2004-09,APAC,5875.2,3264.0,2611.2,44.44444444444444,Medium
10302,43,100.0,1,7310.0,2003-10-06,Shipped,4,10,2003,Vintage Cars,170,S18_1749,"UK Collectables, Ltd.",(171) 555-2282,Berkeley Gardens 12  Brewery,N/A,Liverpool,N/A,WX1 6LT,UK,EMEA,Devon,Elizabeth,Large,2003,10,4,October,Q4,2003-10,EMEA,7310.0,4386.0,2924.0,40.0,High
10312,48,100.0,17,8078.4,2004-10-21,Shipped,4,10,2004,Vintage Cars,170,S18_1749,Mini Gifts Distributors Ltd.,4155551450,5677 Strong St.,N/A,San Rafael,CA,97562,USA,NA,Nelson,Valarie,Large,2004,10,4,October,Q4,2004-10,NA,8078.4,4896.0,3182.3999999999996,39.39393939393939,High
10331,44,74.04,7,3257.76,2004-11-17,Shipped,4,11,2004,Vintage Cars,170,S18_1749,Motor Mint Distributors Inc.,2155559857,11328 Douglas Av.,N/A,Philadelphia,PA,71270,USA,NA,Hernandez,Rosa,Medium,2004,11,4,November,Q4,2004-11,NA,3257.76,4488.0,-1230.2399999999998,-37.76337115072933,Medium
10344,45,100.0,1,7650.0,2004-11-25,Shipped,4,11,2004,Vintage Cars,170,S18_1749,Marseille Mini Autos,91.24.4555,"12, rue des Bouchers",N/A,Marseille,N/A,13008,France,EMEA,Lebihan,Laurence,Large,2004,11,4,November,Q4,2004-11,EMEA,7650.0,4590.0,3060.0,40.0,High
10367,37,100.0,3,4703.81,2005-01-12,Resolved,1,1,2005,Vintage Cars,170,S18_1749,Toys4GrownUps.com,6265557265,78934 Hillside Dr.,N/A,Pasadena,CA,90003,USA,NA,Young,Julie,Medium,2005,1,1,January,Q1,2005-01,NA,4703.81,3774.0,929.8100000000004,19.76716746637301,Medium
10379,39,100.0,2,5399.55,2005-02-10,Shipped,1,2,2005,Vintage Cars,170,S18_1749,Euro Shopping Channel,(91) 555 94 44,"C/ Moralzarzal, 86",N/A,Madrid,N/A,28034,Spain,EMEA,Freyre,Diego,Medium,2005,2,1,February,Q1,2005-02,EMEA,5399.55,3978.0,1421.5500000000002,26.327193932827736,Medium
10407,76,100.0,2,14082.8,2005-04-22,On Hold,2,4,2005,Vintage Cars,170,S18_1749,The Sharp Gifts Warehouse,4085553659,3086 Ingle Ln.,N/A,San Jose,CA,94217,USA,NA,Frick,Sue,Large,2005,4,2,April,Q2,2005-04,NA,14082.8,7752.0,6330.799999999999,44.95412844036697,High
10420,37,100.0,5,5283.6,2005-05-29,In Process,2,5,2005,Vintage Cars,170,S18_1749,Souveniers And Things Co.,+61 2 9495 8555,"Monitor Money Building, 815 Pacific Hwy",Level 6,Chatswood,NSW,2067,Australia,APAC,Huxley,Adrian,Medium,2005,5,2,May,Q2,2005-05,APAC,5283.6,3774.0,1509.6000000000004,28.571428571428577,Medium
10108,38,82.39,2,3130.82,2003-03-03,Shipped,1,3,2003,Classic Cars,77,S18_1889,Cruz & Sons Co.,+63 2 555 3587,15 McCallum Street - NatWest Center #13-03,N/A,Makati City,N/A,1227 MM,Philippines,Japan,Cruz,Arnold,Medium,2003,3,1,March,Q1,2003-03,Japan,3130.82,1755.6,1375.2200000000003,43.925233644859816,Medium
10122,43,72.38,6,3112.34,2003-05-08,Shipped,2,5,2003,Classic Cars,77,S18_1889,Marseille Mini Autos,91.24.4555,"12, rue des Bouchers",N/A,Marseille,N/A,13008,France,EMEA,Lebihan,Laurence,Medium,2003,5,2,May,Q2,2003-05,EMEA,3112.34,1986.6,1125.7400000000002,36.17021276595745,Medium
10135,48,79.31,3,3806.88,2003-07-02,Shipped,3,7,2003,Classic Cars,77,S18_1889,Mini Gifts Distributors Ltd.,4155551450,5677 Strong St.,N/A,San Rafael,CA,97562,USA,NA,Nelson,Valarie,Medium,2003,7,3,July,Q3,2003-07,NA,3806.88,2217.6,1589.2800000000002,41.747572815533985,Medium
10147,26,82.39,3,2142.14,2003-09-05,Shipped,3,9,2003,Classic Cars,77,S18_1889,Collectables For Less Inc.,6175558555,7825 Douglas Av.,N/A,Brickhaven,MA,58339,USA,NA,Nelson,Allen,Small,2003,9,3,September,Q3,2003-09,NA,2142.14,1201.2,940.9399999999998,43.92523364485981,Low
10160,38,88.55,4,3364.9,2003-10-11,Shipped,4,10,2003,Classic Cars,77,S18_1889,"Men 'R' US Retailers, Ltd.",2155554369,6047 Douglas Av.,N/A,Los Angeles,CA,N/A,USA,NA,Chandler,Michael,Medium,2003,10,4,October,Q4,2003-10,NA,3364.9,1755.6,1609.3000000000002,47.82608695652174,Medium
10170,20,63.14,2,1262.8,2003-11-04,Shipped,4,11,2003,Classic Cars,77,S18_1889,Mini Auto Werke,7675-3555,Kirchgasse 6,N/A,Graz,N/A,8010,Austria,EMEA,Mendel,Roland,Small,2003,11,4,November,Q4,2003-11,EMEA,1262.8,924.0,338.79999999999995,26.829268292682922,Low
10181,22,73.92,10,1626.24,2003-11-12,Shipped,4,11,2003,Classic Cars,77,S18_1889,Herkku Gifts,+47 2267 3215,"Drammen 121, PR 744 Sentrum",N/A,Bergen,N/A,N 5804,Norway,EMEA,Oeztan,Veysel,Small,2003,11,4,November,Q4,2003-11,EMEA,1626.24,1016.4,609.84,37.5,Low
10192,45,90.86,15,4088.7,2003-11-20,Shipped,4,11,2003,Classic Cars,77,S18_1889,Online Diecast Creations Co.,6035558647,2304 Long Airport Avenue,N/A,Nashua,NH,62005,USA,NA,Young,Valarie,Medium,2003,11,4,November,Q4,2003-11,NA,4088.7,2079.0,2009.6999999999998,49.15254237288135,Medium
10203,45,85.47,4,3846.15,2003-12-02,Shipped,4,12,2003,Classic Cars,77,S18_1889,Euro Shopping Channel,(91) 555 94 44,"C/ Moralzarzal, 86",N/A,Madrid,N/A,28034,Spain,EMEA,Freyre,Diego,Medium,2003,12,4,December,Q4,2003-12,EMEA,3846.15,2079.0,1767.15,45.94594594594595,Medium
10212,20,66.99,14,1339.8,2004-01-16,Shipped,1,1,2004,Classic Cars,77,S18_1889,Euro Shopping Channel,(91) 555 94 44,"C/ Moralzarzal, 86",N/A,Madrid,N/A,28034,Spain,EMEA,Freyre,Diego,Small,2004,1,1,January,Q1,2004-01,EMEA,1339.8,924.0,415.79999999999995,31.034482758620683,Low
10225,47,64.68,5,3039.96,2004-02-22,Shipped,1,2,2004,Classic Cars,77,S18_1889,"Vida Sport, Ltd",0897-034555,Grenzacherweg 237,N/A,Gensve,N/A,1203,Switzerland,EMEA,Holz,Michael,Medium,2004,2,1,February,Q1,2004-02,EMEA,3039.96,2171.4,868.56,28.57142857142857,Medium
10239,46,73.92,4,3400.32,2004-04-12,Shipped,2,4,2004,Classic Cars,77,S18_1889,"Oulu Toy Supplies, Inc.",981-443655,Torikatu 38,N/A,Oulu,N/A,90110,Finland,EMEA,Koskitalo,Pirkko,Medium,2004,4,2,April,Q2,2004-04,EMEA,3400.32,2125.2,1275.1200000000003,37.500000000000014,Medium
10253,23,83.93,9,1930.39,2004-06-01,Cancelled,2,6,2004,Classic Cars,77,S18_1889,"UK Collectables, Ltd.",(171) 555-2282,Berkeley Gardens 12  Brewery,N/A,Liverpool,N/A,WX1 6LT,UK,EMEA,Devon,Elizabeth,Small,2004,6,2,June,Q2,2004-06,EMEA,1930.39,1062.6,867.7900000000002,44.95412844036698,Low
10266,33,74.69,10,2464.77,2004-07-06,Shipped,3,7,2004,Classic Cars,77,S18_1889,L'ordine Souveniers,0522-556555,Strada Provinciale 124,N/A,Reggio Emilia,N/A,42100,Italy,EMEA,Moroni,Maurizio,Small,2004,7,3,July,Q3,2004-07,EMEA,2464.77,1524.6,940.1700000000001,38.14432989690722,Low
10278,29,90.86,10,2634.94,2004-08-06,Shipped,3,8,2004,Classic Cars,77,S18_1889,Signal Gift Stores,7025551838,8489 Strong St.,N/A,Las Vegas,NV,83030,USA,NA,King,Sue,Small,2004,8,3,August,Q3,2004-08,NA,2634.94,1339.8,1295.14,49.152542372881356,Low
10287,44,82.39,8,3625.16,2004-08-30,Shipped,3,8,2004,Classic Cars,77,S18_1889,"Vida Sport, Ltd",0897-034555,Grenzacherweg 237,N/A,Gensve,N/A,1203,Switzerland,EMEA,Holz,Michael,Medium,2004,8,3,August,Q3,2004-08,EMEA,3625.16,2032.8,1592.36,43.925233644859816,Medium
10300,41,92.4,1,3788.4,2003-10-04,Shipped,4,10,2003,Classic Cars,77,S18_1889,"Blauer See Auto, Co.",+49 69 66 90 2555,Lyonerstr. 34,N/A,Frankfurt,N/A,60528,Germany,EMEA,Keitel,Roland,Medium,2003,10,4,October,Q4,2003-10,EMEA,3788.4,1894.1999999999998,1894.2000000000003,50.000000000000014,Medium
10310,20,91.63,6,1832.6,2004-10-16,Shipped,4,10,2004,Classic Cars,77,S18_1889,"Toms Spezialitten, Ltd",0221-5554327,Mehrheimerstr. 369,N/A,Koln,N/A,50739,Germany,EMEA,Pfalzheim,Henriette,Small,2004,10,4,October,Q4,2004-10,EMEA,1832.6,924.0,908.5999999999999,49.579831932773104,Low
10321,37,78.54,14,2905.98,2004-11-04,Shipped,4,11,2004,Classic Cars,77,S18_1889,FunGiftIdeas.com,5085552555,1785 First Street,N/A,New Bedford,MA,50553,USA,NA,Benitez,Violeta,Small,2004,11,4,November,Q4,2004-11,NA,2905.98,1709.3999999999999,1196.5800000000002,41.1764705882353,Low
10329,29,100.0,9,2954.81,2004-11-15,Shipped,4,11,2004,Classic Cars,77,S18_1889,Land of Toys Inc.,2125557818,897 Long Airport Avenue,N/A,NYC,NY,10022,USA,NA,Yu,Kwai,Small,2004,11,4,November,Q4,2004-11,NA,2954.81,1339.8,1615.01,54.6569830209049,Low
10342,55,65.45,1,3599.75,2004-11-24,Shipped,4,11,2004,Classic Cars,77,S18_1889,"Australian Collectors, Co.",03 9520 4555,636 St Kilda Road,Level 3,Melbourne,Victoria,3004,Australia,APAC,Ferguson,Peter,Medium,2004,11,4,November,Q4,2004-11,APAC,3599.75,2541.0,1058.75,29.411764705882355,Medium
10363,22,100.0,7,3686.54,2005-01-06,Shipped,1,1,2005,Classic Cars,77,S18_1889,Suominen Souveniers,+358 9 8045 555,"Software Engineering Center, SEC Oy",N/A,Espoo,N/A,FIN-02271,Finland,EMEA,Suominen,Kalle,Medium,2005,1,1,January,Q1,2005-01,EMEA,3686.54,1016.4,2670.14,72.42943247598018,Medium
10377,31,67.76,4,2100.56,2005-02-09,Shipped,1,2,2005,Classic Cars,77,S18_1889,"Toys of Finland, Co.",90-224 8555,Keskuskatu 45,N/A,Helsinki,N/A,21240,Finland,EMEA,Karttunen,Matti,Small,2005,2,1,February,Q1,2005-02,EMEA,2100.56,1432.2,668.3599999999999,31.818181818181813,Low
10389,49,79.22,3,3881.78,2005-03-03,Shipped,1,3,2005,Classic Cars,77,S18_1889,Scandinavian Gift Ideas,0695-34 6555,?kergatan 24,N/A,Boras,N/A,S-844 67,Sweden,EMEA,Larsson,Maria,Medium,2005,3,1,March,Q1,2005-03,EMEA,3881.78,2263.7999999999997,1617.9800000000005,41.68139358747792,Medium
10405,61,73.92,4,4509.12,2005-04-14,Shipped,2,4,2005,Classic Cars,77,S18_1889,Mini Caravy,88.60.1555,"24, place Kluber",N/A,Strasbourg,N/A,67000,France,EMEA,Citeaux,Frederique,Medium,2005,4,2,April,Q2,2005-04,EMEA,4509.12,2818.2,1690.92,37.5,Medium
10419,39,83.93,9,3273.27,2005-05-17,Shipped,2,5,2005,Classic Cars,77,S18_1889,Salzburg Collectables,6562-9555,Geislweg 14,N/A,Salzburg,N/A,5020,Austria,EMEA,Pipps,Georg,Medium,2005,5,2,May,Q2,2005-05,EMEA,3273.27,1801.8,1471.47,44.95412844036697,Medium
10109,38,100.0,3,4432.7,2003-03-10,Shipped,1,3,2003,Classic Cars,142,S18_1984,Motor Mint Distributors Inc.,2155559857,11328 Douglas Av.,N/A,Philadelphia,PA,71270,USA,NA,Hernandez,Rosa,Medium,2003,3,1,March,Q1,2003-03,NA,4432.7,3237.6,1195.1,26.960994427775397,Medium
10122,31,100.0,1,4100.99,2003-05-08,Shipped,2,5,2003,Classic Cars,142,S18_1984,Marseille Mini Autos,91.24.4555,"12, rue des Bouchers",N/A,Marseille,N/A,13008,France,EMEA,Lebihan,Laurence,Medium,2003,5,2,May,Q2,2003-05,EMEA,4100.99,2641.2,1459.79,35.596039005215815,Medium
10136,36,100.0,1,5274.72,2003-07-04,Shipped,3,7,2003,Classic Cars,142,S18_1984,Alpha Cognac,61.77.6555,1 rue Alsace-Lorraine,N/A,Toulouse,N/A,31000,France,EMEA,Roulet,Annette,Medium,2003,7,3,July,Q3,2003-07,EMEA,5274.72,3067.2,2207.5200000000004,41.85094185094186,Medium
10148,25,100.0,12,4232.0,2003-09-11,Shipped,3,9,2003,Classic Cars,142,S18_1984,"Anna's Decorations, Ltd",02 9936 8555,201 Miller Street,Level 15,North Sydney,NSW,2060,Australia,APAC,O'Hara,Anna,Medium,2003,9,3,September,Q3,2003-09,APAC,4232.0,2130.0,2102.0,49.66918714555766,Medium
10161,48,100.0,11,6145.44,2003-10-17,Shipped,4,10,2003,Classic Cars,142,S18_1984,Heintze Collectables,86 21 3555,Smagsloget 45,N/A,Aaarhus,N/A,8200,Denmark,EMEA,Ibsen,Palle,Medium,2003,10,4,October,Q4,2003-10,EMEA,6145.44,4089.6,2055.8399999999997,33.453096930406936,High
10171,35,100.0,1,4680.2,2003-11-05,Shipped,4,11,2003,Classic Cars,142,S18_1984,Quebec Home Shopping Network,(514) 555-8054,43 rue St. Laurent,N/A,Montreal,Quebec,H1J 1C3,Canada,NA,Fresnisre,Jean,Medium,2003,11,4,November,Q4,2003-11,NA,4680.2,2982.0,1698.1999999999998,36.28477415495064,Medium
10181,21,100.0,5,3286.08,2003-11-12,Shipped,4,11,2003,Classic Cars,142,S18_1984,Herkku Gifts,+47 2267 3215,"Drammen 121, PR 744 Sentrum",N/A,Bergen,N/A,N 5804,Norway,EMEA,Oeztan,Veysel,Medium,2003,11,4,November,Q4,2003-11,EMEA,3286.08,1789.2,1496.8799999999999,45.5521472392638,Medium
10192,47,100.0,10,7421.3,2003-11-20,Shipped,4,11,2003,Classic Cars,142,S18_1984,Online Diecast Creations Co.,6035558647,2304 Long Airport Avenue,N/A,Nashua,NH,62005,USA,NA,Young,Valarie,Large,2003,11,4,November,Q4,2003-11,NA,7421.3,4004.3999999999996,3416.9000000000005,46.041798606713115,High
10204,38,100.0,16,6432.64,2003-12-02,Shipped,4,12,2003,Classic Cars,142,S18_1984,Muscle Machine Inc,2125557413,4092 Furth Circle,Suite 400,NYC,NY,10022,USA,NA,Young,Jeff,Medium,2003,12,4,December,Q4,2003-12,NA,6432.64,3237.6,3195.0400000000004,49.66918714555766,High
10212,41,100.0,9,4840.87,2004-01-16,Shipped,1,1,2004,Classic Cars,142,S18_1984,Euro Shopping Channel,(91) 555 94 44,"C/ Moralzarzal, 86",N/A,Madrid,N/A,28034,Spain,EMEA,Freyre,Diego,Medium,2004,1,1,January,Q1,2004-01,EMEA,4840.87,3493.2,1347.67,27.839417294825108,Medium
10226,24,100.0,7,3892.08,2004-02-26,Shipped,1,2,2004,Classic Cars,142,S18_1984,Collectable Mini Designs Co.,7605558146,361 Furth Circle,N/A,San Diego,CA,91217,USA,NA,Thompson,Valarie,Medium,2004,2,1,February,Q1,2004-02,NA,3892.08,2044.8,1847.28,47.462539310599986,Medium
10240,37,100.0,2,5526.32,2004-04-13,Shipped,2,4,2004,Classic Cars,142,S18_1984,Osaka Souveniers Co.,+81 06 6342 5555,"Dojima Avanza 4F, 1-6-20 Dojima, Kita-ku",N/A,Osaka,Osaka,530-0003,Japan,Japan,Kentary,Mory,Medium,2004,4,2,April,Q2,2004-04,Japan,5526.32,3152.4,2373.9199999999996,42.956614890198175,Medium
10253,33,100.0,4,4459.62,2004-06-01,Cancelled,2,6,2004,Classic Cars,142,S18_1984,"UK Collectables, Ltd.",(171) 555-2282,Berkeley Gardens 12  Brewery,N/A,Liverpool,N/A,WX1 6LT,UK,EMEA,Devon,Elizabeth,Medium,2004,6,2,June,Q2,2004-06,EMEA,4459.62,2811.6,1648.02,36.95426964629274,Medium
10266,49,100.0,5,6203.4,2004-07-06,Shipped,3,7,2004,Classic Cars,142,S18_1984,L'ordine Souveniers,0522-556555,Strada Provinciale 124,N/A,Reggio Emilia,N/A,42100,Italy,EMEA,Moroni,Maurizio,Medium,2004,7,3,July,Q3,2004-07,EMEA,6203.4,4174.8,2028.5999999999995,32.70142180094786,High
10278,29,100.0,5,3754.05,2004-08-06,Shipped,3,8,2004,Classic Cars,142,S18_1984,Signal Gift Stores,7025551838,8489 Strong St.,N/A,Las Vegas,NV,83030,USA,NA,King,Sue,Medium,2004,8,3,August,Q3,2004-08,NA,3754.05,2470.7999999999997,1283.2500000000005,34.18308227114717,Medium
10287,24,100.0,3,3516.48,2004-08-30,Shipped,3,8,2004,Classic Cars,142,S18_1984,"Vida Sport, Ltd",0897-034555,Grenzacherweg 237,N/A,Gensve,N/A,1203,Switzerland,EMEA,Holz,Michael,Medium,2004,8,3,August,Q3,2004-08,EMEA,3516.48,2044.8,1471.68,41.85094185094185,Medium
10301,47,100.0,7,7488.04,2003-10-05,Shipped,4,10,2003,Classic Cars,142,S18_1984,"Norway Gifts By Mail, Co.",+47 2212 1555,"Drammensveien 126 A, PB 744 Sentrum",N/A,Oslo,N/A,N 0106,Norway,EMEA,Klaeboe,Jan,Large,2003,10,4,October,Q4,2003-10,EMEA,7488.04,4004.3999999999996,3483.6400000000003,46.522721566658305,High
10310,24,100.0,1,3448.08,2004-10-16,Shipped,4,10,2004,Classic Cars,142,S18_1984,"Toms Spezialitten, Ltd",0221-5554327,Mehrheimerstr. 369,N/A,Koln,N/A,50739,Germany,EMEA,Pfalzheim,Henriette,Medium,2004,10,4,October,Q4,2004-10,EMEA,3448.08,2044.8,1403.28,40.69743161411568,Medium
10321,25,100.0,9,3734.0,2004-11-04,Shipped,4,11,2004,Classic Cars,142,S18_1984,FunGiftIdeas.com,5085552555,1785 First Street,N/A,New Bedford,MA,50553,USA,NA,Benitez,Violeta,Medium,2004,11,4,November,Q4,2004-11,NA,3734.0,2130.0,1604.0,42.95661489019818,Medium
10331,30,32.47,8,974.1,2004-11-17,Shipped,4,11,2004,Classic Cars,142,S18_1984,Motor Mint Distributors Inc.,2155559857,11328 Douglas Av.,N/A,Philadelphia,PA,71270,USA,NA,Hernandez,Rosa,Small,2004,11,4,November,Q4,2004-11,NA,974.1,2556.0,-1581.9,-162.39605789959964,Low
10342,22,100.0,3,3160.74,2004-11-24,Shipped,4,11,2004,Classic Cars,142,S18_1984,"Australian Collectors, Co.",03 9520 4555,636 St Kilda Road,Level 3,Melbourne,Victoria,3004,Australia,APAC,Ferguson,Peter,Medium,2004,11,4,November,Q4,2004-11,APAC,3160.74,1874.3999999999999,1286.34,40.69743161411568,Medium
10356,27,64.69,2,1746.63,2004-12-09,Shipped,4,12,2004,Classic Cars,142,S18_1984,Lyon Souveniers,+33 1 46 62 7555,27 rue du Colonel Pierre Avia,N/A,Paris,N/A,75508,France,EMEA,Da Cunha,Daniel,Small,2004,12,4,December,Q4,2004-12,EMEA,1746.63,2300.4,-553.77,-31.7050548771062,Low
10366,34,100.0,3,4207.84,2005-01-10,Shipped,1,1,2005,Classic Cars,142,S18_1984,Royale Belge,(071) 23 67 2555,"Boulevard Tirou, 255",N/A,Charleroi,N/A,B-6000,Belgium,EMEA,Cartrain,Pascale,Medium,2005,1,1,January,Q1,2005-01,EMEA,4207.84,2896.7999999999997,1311.0400000000004,31.157078215901755,Medium
10377,36,100.0,6,4352.76,2005-02-09,Shipped,1,2,2005,Classic Cars,142,S18_1984,"Toys of Finland, Co.",90-224 8555,Keskuskatu 45,N/A,Helsinki,N/A,21240,Finland,EMEA,Karttunen,Matti,Medium,2005,2,1,February,Q1,2005-02,EMEA,4352.76,3067.2,1285.5600000000004,29.53436440327517,Medium
10390,34,43.05,15,1463.7,2005-03-04,Shipped,1,3,2005,Classic Cars,142,S18_1984,Mini Gifts Distributors Ltd.,4155551450,5677 Strong St.,N/A,San Rafael,CA,97562,USA,NA,Nelson,Valarie,Small,2005,3,1,March,Q1,2005-03,NA,1463.7,2896.7999999999997,-1433.0999999999997,-97.9094076655052,Low
10406,48,100.0,2,7169.28,2005-04-15,Disputed,2,4,2005,Classic Cars,142,S18_1984,Danish Wholesale Imports,31 12 3555,Vinb'ltet 34,N/A,Kobenhavn,N/A,1734,Denmark,EMEA,Petersen,Jytte,Large,2005,4,2,April,Q2,2005-04,EMEA,7169.28,4089.6,3079.68,42.95661489019818,High
10419,34,100.0,4,4594.76,2005-05-17,Shipped,2,5,2005,Classic Cars,142,S18_1984,Salzburg Collectables,6562-9555,Geislweg 14,N/A,Salzburg,N/A,5020,Austria,EMEA,Pipps,Georg,Medium,2005,5,2,May,Q2,2005-05,EMEA,4594.76,2896.7999999999997,1697.9600000000005,36.954269646292744,Medium
10104,24,100.0,8,3457.92,2003-01-31,Shipped,1,1,2003,Classic Cars,163,S18_2238,Euro Shopping Channel,(91) 555 94 44,"C/ Moralzarzal, 86",N/A,Madrid,N/A,28034,Spain,EMEA,Freyre,Diego,Medium,2003,1,1,January,Q1,2003-01,EMEA,3457.92,2347.2,1110.7200000000003,32.12104386451971,Medium
10115,46,100.0,4,7381.16,2003-04-04,Shipped,2,4,2003,Classic Cars,163,S18_2238,Classic Legends Inc.,2125558493,5905 Pompton St.,Suite 750,NYC,NY,10022,USA,NA,Hernandez,Maria,Large,2003,4,2,April,Q2,2003-04,NA,7381.16,4498.8,2882.3599999999997,39.05023058706219,High
10127,45,100.0,10,7146.9,2003-06-03,Shipped,2,6,2003,Classic Cars,163,S18_2238,Muscle Machine Inc,2125557413,4092 Furth Circle,Suite 400,NYC,NY,10022,USA,NA,Young,Jeff,Large,2003,6,2,June,Q2,2003-06,NA,7146.9,4401.0,2745.8999999999996,38.42085379675104,High
10141,39,100.0,4,5938.53,2003-08-01,Shipped,3,8,2003,Classic Cars,163,S18_2238,Suominen Souveniers,+358 9 8045 555,"Software Engineering Center, SEC Oy",N/A,Espoo,N/A,FIN-02271,Finland,EMEA,Suominen,Kalle,Medium,2003,8,3,August,Q3,2003-08,EMEA,5938.53,3814.2,2124.33,35.771983975832406,Medium
10151,43,100.0,2,7110.91,2003-09-21,Shipped,3,9,2003,Classic Cars,163,S18_2238,"Oulu Toy Supplies, Inc.",981-443655,Torikatu 38,N/A,Oulu,N/A,90110,Finland,EMEA,Koskitalo,Pirkko,Large,2003,9,3,September,Q3,2003-09,EMEA,7110.91,4205.4,2905.51,40.859889943762475,High
10165,29,100.0,11,5032.95,2003-10-22,Shipped,4,10,2003,Classic Cars,163,S18_2238,"Dragon Souveniers, Ltd.",+65 221 7555,"Bronz Sok., Bronz Apt. 3/6 Tesvikiye",N/A,Singapore,N/A,79903,Singapore,Japan,Natividad,Eric,Medium,2003,10,4,October,Q4,2003-10,Japan,5032.95,2836.2,2196.75,43.64736387208297,Medium
10176,20,100.0,10,3667.6,2003-11-06,Shipped,4,11,2003,Classic Cars,163,S18_2238,L'ordine Souveniers,0522-556555,Strada Provinciale 124,N/A,Reggio Emilia,N/A,42100,Italy,EMEA,Moroni,Maurizio,Medium,2003,11,4,November,Q4,2003-11,EMEA,3667.6,1956.0,1711.6,46.6681208419675,Medium
10184,46,100.0,5,7381.16,2003-11-14,Shipped,4,11,2003,Classic Cars,163,S18_2238,"Iberia Gift Imports, Corp.",(95) 555 82 82,"C/ Romero, 33",N/A,Sevilla,N/A,41101,Spain,EMEA,Roel,Jose Pedro,Large,2003,11,4,November,Q4,2003-11,EMEA,7381.16,4498.8,2882.3599999999997,39.05023058706219,High
10195,27,100.0,5,5128.11,2003-11-25,Shipped,4,11,2003,Classic Cars,163,S18_2238,Mini Classics,9145554562,3758 North Pendale Street,N/A,White Plains,NY,24067,USA,NA,Frick,Steve,Medium,2003,11,4,November,Q4,2003-11,NA,5128.11,2640.6,2487.5099999999998,48.50734481124624,Medium
10207,44,100.0,6,7060.24,2003-12-09,Shipped,4,12,2003,Classic Cars,163,S18_2238,Diecast Collectables,6175552555,6251 Ingle Ln.,N/A,Boston,MA,51003,USA,NA,Franco,Valarie,Large,2003,12,4,December,Q4,2003-12,NA,7060.24,4303.2,2757.04,39.050230587062195,High
10219,43,100.0,1,8448.64,2004-02-10,Shipped,1,2,2004,Classic Cars,163,S18_2238,Signal Collectibles Ltd.,4155554312,2793 Furth Circle,N/A,Brisbane,CA,94217,USA,NA,Taylor,Sue,Large,2004,2,1,February,Q1,2004-02,NA,8448.64,4205.4,4243.24,50.22394136807817,High
10230,49,100.0,8,7300.51,2004-03-15,Shipped,1,3,2004,Classic Cars,163,S18_2238,"Blauer See Auto, Co.",+49 69 66 90 2555,Lyonerstr. 34,N/A,Frankfurt,N/A,60528,Germany,EMEA,Keitel,Roland,Large,2004,3,1,March,Q1,2004-03,EMEA,7300.51,4792.2,2508.3100000000004,34.358010604738574,High
10246,40,100.0,4,6549.2,2004-05-05,Shipped,2,5,2004,Classic Cars,163,S18_2238,Euro Shopping Channel,(91) 555 94 44,"C/ Moralzarzal, 86",N/A,Madrid,N/A,28034,Spain,EMEA,Freyre,Diego,Medium,2004,5,2,May,Q2,2004-05,EMEA,6549.2,3912.0,2637.2,40.26751358944603,High
10259,30,100.0,3,5697.9,2004-06-15,Shipped,2,6,2004,Classic Cars,163,S18_2238,Handji Gifts& Co,+65 224 1555,Village Close - 106 Linden Road Sandown,2nd Floor,Singapore,N/A,69045,Singapore,APAC,Victorino,Wendy,Medium,2004,6,2,June,Q2,2004-06,APAC,5697.9,2934.0,2763.8999999999996,48.50734481124624,Medium
10271,50,100.0,4,9169.0,2004-07-20,Shipped,3,7,2004,Classic Cars,163,S18_2238,Mini Gifts Distributors Ltd.,4155551450,5677 Strong St.,N/A,San Rafael,CA,97562,USA,NA,Nelson,Valarie,Large,2004,7,3,July,Q3,2004-07,NA,9169.0,4890.0,4279.0,46.6681208419675,High
10282,23,100.0,13,3238.63,2004-08-20,Shipped,3,8,2004,Classic Cars,163,S18_2238,Mini Gifts Distributors Ltd.,4155551450,5677 Strong St.,N/A,San Rafael,CA,97562,USA,NA,Nelson,Valarie,Medium,2004,8,3,August,Q3,2004-08,NA,3238.63,2249.4,989.23,30.544705631702296,Medium
10292,26,100.0,7,4554.94,2004-09-08,Shipped,3,9,2004,Classic Cars,163,S18_2238,Land of Toys Inc.,2125557818,897 Long Airport Avenue,N/A,NYC,NY,10022,USA,NA,Yu,Kwai,Medium,2004,9,3,September,Q3,2004-09,NA,4554.94,2542.7999999999997,2012.1399999999999,44.17489582738741,Medium
10305,27,100.0,4,3934.44,2004-10-13,Shipped,4,10,2004,Classic Cars,163,S18_2238,Marta's Replicas Co.,6175558555,39323 Spinnaker Dr.,N/A,Cambridge,MA,51247,USA,NA,Hernandez,Marta,Medium,2004,10,4,October,Q4,2004-10,NA,3934.44,2640.6,1293.8400000000001,32.884984902552844,Medium
10314,42,100.0,13,5776.26,2004-10-22,Shipped,4,10,2004,Classic Cars,163,S18_2238,Heintze Collectables,86 21 3555,Smagsloget 45,N/A,Aaarhus,N/A,8200,Denmark,EMEA,Ibsen,Palle,Medium,2004,10,4,October,Q4,2004-10,EMEA,5776.26,4107.599999999999,1668.6600000000008,28.888242565258498,Medium
10324,47,100.0,8,7207.45,2004-11-05,Shipped,4,11,2004,Classic Cars,163,S18_2238,Vitachrome Inc.,2125551500,2678 Kingston Rd.,Suite 101,NYC,NY,10022,USA,NA,Frick,Michael,Large,2004,11,4,November,Q4,2004-11,NA,7207.45,4596.599999999999,2610.8500000000004,36.22432344310402,High
10336,49,100.0,6,7460.74,2004-11-20,Shipped,4,11,2004,Classic Cars,163,S18_2238,"La Corne D'abondance, Co.",(1) 42.34.2555,"265, boulevard Charonne",N/A,Paris,N/A,75012,France,EMEA,Bertrand,Marie,Large,2004,11,4,November,Q4,2004-11,EMEA,7460.74,4792.2,2668.54,35.767765663995796,High
10349,38,100.0,8,6719.54,2004-12-01,Shipped,4,12,2004,Classic Cars,163,S18_2238,Muscle Machine Inc,2125557413,4092 Furth Circle,Suite 400,NYC,NY,10022,USA,NA,Young,Jeff,Medium,2004,12,4,December,Q4,2004-12,NA,6719.54,3716.3999999999996,3003.1400000000003,44.692642651133866,High
10358,20,100.0,10,2428.0,2004-12-10,Shipped,4,12,2004,Classic Cars,163,S18_2238,Euro Shopping Channel,(91) 555 94 44,"C/ Moralzarzal, 86",N/A,Madrid,N/A,28034,Spain,EMEA,Freyre,Diego,Small,2004,12,4,December,Q4,2004-12,EMEA,2428.0,1956.0,472.0,19.43986820428336,Low
10371,25,100.0,7,2602.25,2005-01-23,Shipped,1,1,2005,Classic Cars,163,S18_2238,Mini Gifts Distributors Ltd.,4155551450,5677 Strong St.,N/A,San Rafael,CA,97562,USA,NA,Nelson,Valarie,Small,2005,1,1,January,Q1,2005-01,NA,2602.25,2445.0,157.25,6.042847535786339,Low
10382,25,88.0,5,2200.0,2005-02-17,Shipped,1,2,2005,Classic Cars,163,S18_2238,Mini Gifts Distributors Ltd.,4155551450,5677 Strong St.,N/A,San Rafael,CA,97562,USA,NA,Nelson,Valarie,Small,2005,2,1,February,Q1,2005-02,NA,2200.0,2445.0,-245.0,-11.136363636363637,Low
10412,41,100.0,4,6712.93,2005-05-03,Shipped,2,5,2005,Classic Cars,163,S18_2238,Euro Shopping Channel,(91) 555 94 44,"C/ Moralzarzal, 86",N/A,Madrid,N/A,28034,Spain,EMEA,Freyre,Diego,Medium,2005,5,2,May,Q2,2005-05,EMEA,6712.93,4009.7999999999997,2703.1300000000006,40.26751358944605,High
10425,28,100.0,3,5318.04,2005-05-31,In Process,2,5,2005,Classic Cars,163,S18_2238,La Rochelle Gifts,40.67.8555,"67, rue des Cinquante Otages",N/A,Nantes,N/A,44000,France,EMEA,Labrune,Janine,Medium,2005,5,2,May,Q2,2005-05,EMEA,5318.04,2738.4,2579.64,48.50734481124624,Medium
10100,50,67.8,2,3390.0,2003-01-06,Shipped,1,1,2003,Vintage Cars,60,S18_2248,Online Diecast Creations Co.,6035558647,2304 Long Airport Avenue,N/A,Nashua,NH,62005,USA,NA,Young,Valarie,Medium,2003,1,1,January,Q1,2003-01,NA,3390.0,1800.0,1590.0,46.902654867256636,Medium
10110,32,50.25,6,1608.0,2003-03-18,Shipped,1,3,2003,Vintage Cars,60,S18_2248,"AV Stores, Co.",(171) 555-1555,Fauntleroy Circus,N/A,Manchester,N/A,EC2 5NT,UK,EMEA,Ashworth,Victoria,Small,2003,3,1,March,Q1,2003-03,EMEA,1608.0,1152.0,456.0,28.35820895522388,Low
10124,42,53.88,5,2262.96,2003-05-21,Shipped,2,5,2003,Vintage Cars,60,S18_2248,Signal Gift Stores,7025551838,8489 Strong St.,N/A,Las Vegas,NV,83030,USA,NA,King,Sue,Small,2003,5,2,May,Q2,2003-05,NA,2262.96,1512.0,750.96,33.18485523385301,Low
10149,24,62.36,10,1496.64,2003-09-12,Shipped,3,9,2003,Vintage Cars,60,S18_2248,Signal Collectibles Ltd.,4155554312,2793 Furth Circle,N/A,Brisbane,CA,94217,USA,NA,Taylor,Sue,Small,2003,9,3,September,Q3,2003-09,NA,1496.64,864.0,632.6400000000001,42.270686337395766,Low
10162,27,69.62,8,1879.74,2003-10-18,Shipped,4,10,2003,Vintage Cars,60,S18_2248,Corporate Gift Ideas Co.,6505551386,7734 Strong St.,N/A,San Francisco,CA,N/A,USA,NA,Brown,Julie,Small,2003,10,4,October,Q4,2003-10,NA,1879.74,972.0,907.74,48.29072105716748,Low
10173,26,57.51,12,1495.26,2003-11-05,Shipped,4,11,2003,Vintage Cars,60,S18_2248,Rovelli Gifts,035-640555,Via Ludovico il Moro 22,N/A,Bergamo,N/A,24100,Italy,EMEA,Rovelli,Giovanni,Small,2003,11,4,November,Q4,2003-11,EMEA,1495.26,936.0,559.26,37.40219092331768,Low
10182,38,61.15,9,2323.7,2003-11-12,Shipped,4,11,2003,Vintage Cars,60,S18_2248,Mini Gifts Distributors Ltd.,4155551450,5677 Strong St.,N/A,San Rafael,CA,97562,USA,NA,Nelson,Valarie,Small,2003,11,4,November,Q4,2003-11,NA,2323.7,1368.0,955.6999999999998,41.12837285363859,Low
10193,42,59.33,13,2491.86,2003-11-21,Shipped,4,11,2003,Vintage Cars,60,S18_2248,"Australian Collectables, Ltd",61-9-3844-6555,7 Allen Street,N/A,Glen Waverly,Victoria,3150,Australia,APAC,Connery,Sean,Small,2003,11,4,November,Q4,2003-11,APAC,2491.86,1512.0,979.8600000000001,39.32243384459802,Low
10204,23,71.44,3,1643.12,2003-12-02,Shipped,4,12,2003,Vintage Cars,60,S18_2248,Muscle Machine Inc,2125557413,4092 Furth Circle,Suite 400,NYC,NY,10022,USA,NA,Young,Jeff,Small,2003,12,4,December,Q4,2003-12,NA,1643.12,828.0,815.1199999999999,49.6080627099664,Low
10214,21,62.96,6,1322.16,2004-01-26,Shipped,1,1,2004,Vintage Cars,60,S18_2248,"Corrida Auto Replicas, Ltd",(91) 555 22 82,"C/ Araquil, 67",N/A,Madrid,N/A,28023,Spain,EMEA,Sommer,Mart¡n,Small,2004,1,1,January,Q1,2004-01,EMEA,1322.16,756.0,566.1600000000001,42.820838627700134,Low
10227,28,50.85,9,1423.8,2004-03-02,Shipped,1,3,2004,Vintage Cars,60,S18_2248,"Saveley & Henriot, Co.",78.32.5555,"2, rue du Commerce",N/A,Lyon,N/A,69004,France,EMEA,Saveley,Mary,Small,2004,3,1,March,Q1,2004-03,EMEA,1423.8,1008.0,415.79999999999995,29.203539823008846,Low
10241,33,72.65,1,2397.45,2004-04-13,Shipped,2,4,2004,Vintage Cars,60,S18_2248,Mini Caravy,88.60.1555,"24, place Kluber",N/A,Strasbourg,N/A,67000,France,EMEA,Citeaux,Frederique,Small,2004,4,2,April,Q2,2004-04,EMEA,2397.45,1188.0,1209.4499999999998,50.447350309704056,Low
10280,25,62.96,15,1574.0,2004-08-17,Shipped,3,8,2004,Vintage Cars,60,S18_2248,Amica Models & Co.,011-4988555,Via Monte Bianco 34,N/A,Torino,N/A,10100,Italy,EMEA,Accorti,Paolo,Small,2004,8,3,August,Q3,2004-08,EMEA,1574.0,900.0,674.0,42.82083862770013,Low
10288,28,61.75,4,1729.0,2004-09-01,Shipped,3,9,2004,Vintage Cars,60,S18_2248,Handji Gifts& Co,+65 224 1555,Village Close - 106 Linden Road Sandown,2nd Floor,Singapore,N/A,69045,Singapore,APAC,Victorino,Wendy,Small,2004,9,3,September,Q3,2004-09,APAC,1729.0,1008.0,721.0,41.70040485829959,Low
10303,46,49.04,2,2255.84,2004-10-06,Shipped,4,10,2004,Vintage Cars,60,S18_2248,"Iberia Gift Imports, Corp.",(95) 555 82 82,"C/ Romero, 33",N/A,Sevilla,N/A,41101,Spain,EMEA,Roel,Jose Pedro,Small,2004,10,4,October,Q4,2004-10,EMEA,2255.84,1656.0,599.8400000000001,26.590538336052205,Low
10312,30,61.15,16,1834.5,2004-10-21,Shipped,4,10,2004,Vintage Cars,60,S18_2248,Mini Gifts Distributors Ltd.,4155551450,5677 Strong St.,N/A,San Rafael,CA,97562,USA,NA,Nelson,Valarie,Small,2004,10,4,October,Q4,2004-10,NA,1834.5,1080.0,754.5,41.128372853638595,Low
10332,38,84.25,9,3201.5,2004-11-17,Shipped,4,11,2004,Vintage Cars,60,S18_2248,"AV Stores, Co.",(171) 555-1555,Fauntleroy Circus,N/A,Manchester,N/A,EC2 5NT,UK,EMEA,Ashworth,Victoria,Medium,2004,11,4,November,Q4,2004-11,EMEA,3201.5,1368.0,1833.5,57.27002967359051,Medium
10344,40,56.91,2,2276.4,2004-11-25,Shipped,4,11,2004,Vintage Cars,60,S18_2248,Marseille Mini Autos,91.24.4555,"12, rue des Bouchers",N/A,Marseille,N/A,13008,France,EMEA,Lebihan,Laurence,Small,2004,11,4,November,Q4,2004-11,EMEA,2276.4,1440.0,836.4000000000001,36.7422245651028,Low
10367,45,100.0,4,8884.8,2005-01-12,Resolved,1,1,2005,Vintage Cars,60,S18_2248,Toys4GrownUps.com,6265557265,78934 Hillside Dr.,N/A,Pasadena,CA,90003,USA,NA,Young,Julie,Large,2005,1,1,January,Q1,2005-01,NA,8884.8,1620.0,7264.799999999999,81.76661264181523,High
10379,27,49.3,1,1331.1,2005-02-10,Shipped,1,2,2005,Vintage Cars,60,S18_2248,Euro Shopping Channel,(91) 555 94 44,"C/ Moralzarzal, 86",N/A,Madrid,N/A,28034,Spain,EMEA,Freyre,Diego,Small,2005,2,1,February,Q1,2005-02,EMEA,1331.1,972.0,359.0999999999999,26.977687626774845,Low
10407,42,72.65,1,3051.3,2005-04-22,On Hold,2,4,2005,Vintage Cars,60,S18_2248,The Sharp Gifts Warehouse,4085553659,3086 Ingle Ln.,N/A,San Jose,CA,94217,USA,NA,Frick,Sue,Medium,2005,4,2,April,Q2,2005-04,NA,3051.3,1512.0,1539.3000000000002,50.44735030970406,Medium
10420,36,63.57,4,2288.52,2005-05-29,In Process,2,5,2005,Vintage Cars,60,S18_2248,Souveniers And Things Co.,+61 2 9495 8555,"Monitor Money Building, 815 Pacific Hwy",Level 6,Chatswood,NSW,2067,Australia,APAC,Huxley,Adrian,Small,2005,5,2,May,Q2,2005-05,APAC,2288.52,1296.0,992.52,43.36951392166116,Low
10104,29,100.0,12,3772.61,2003-01-31,Shipped,1,1,2003,Trucks and Buses,122,S18_2319,Euro Shopping Channel,(91) 555 94 44,"C/ Moralzarzal, 86",N/A,Madrid,N/A,28034,Spain,EMEA,Freyre,Diego,Medium,2003,1,1,January,Q1,2003-01,EMEA,3772.61,2122.7999999999997,1649.8100000000004,43.73126297178877,Medium
10114,39,100.0,3,4164.42,2003-04-01,Shipped,2,4,2003,Trucks and Buses,122,S18_2319,"La Corne D'abondance, Co.",(1) 42.34.2555,"265, boulevard Charonne",N/A,Paris,N/A,75012,France,EMEA,Bertrand,Marie,Medium,2003,4,2,April,Q2,2003-04,EMEA,4164.42,2854.7999999999997,1309.6200000000003,31.44783667353438,Medium
10127,45,100.0,14,6295.95,2003-06-03,Shipped,2,6,2003,Trucks and Buses,122,S18_2319,Muscle Machine Inc,2125557413,4092 Furth Circle,Suite 400,NYC,NY,10022,USA,NA,Young,Jeff,Medium,2003,6,2,June,Q2,2003-06,NA,6295.95,3294.0,3001.95,47.680651847616325,High
10141,47,100.0,8,6287.66,2003-08-01,Shipped,3,8,2003,Trucks and Buses,122,S18_2319,Suominen Souveniers,+358 9 8045 555,"Software Engineering Center, SEC Oy",N/A,Espoo,N/A,FIN-02271,Finland,EMEA,Suominen,Kalle,Medium,2003,8,3,August,Q3,2003-08,EMEA,6287.66,3440.4,2847.2599999999998,45.283300941844814,High
10151,49,100.0,6,5412.54,2003-09-21,Shipped,3,9,2003,Trucks and Buses,122,S18_2319,"Oulu Toy Supplies, Inc.",981-443655,Torikatu 38,N/A,Oulu,N/A,90110,Finland,EMEA,Koskitalo,Pirkko,Medium,2003,9,3,September,Q3,2003-09,EMEA,5412.54,3586.7999999999997,1825.7400000000002,33.731667571971755,Medium
10165,46,100.0,15,5984.14,2003-10-22,Shipped,4,10,2003,Trucks and Buses,122,S18_2319,"Dragon Souveniers, Ltd.",+65 221 7555,"Bronz Sok., Bronz Apt. 3/6 Tesvikiye",N/A,Singapore,N/A,79903,Singapore,Japan,Natividad,Eric,Medium,2003,10,4,October,Q4,2003-10,Japan,5984.14,3367.2,2616.9400000000005,43.73126297178877,Medium
10175,48,100.0,4,5891.04,2003-11-06,Shipped,4,11,2003,Trucks and Buses,122,S18_2319,"Stylish Desk Decors, Co.",(171) 555-0297,35 King George,N/A,London,N/A,WX3 6FW,UK,EMEA,Brown,Ann,Medium,2003,11,4,November,Q4,2003-11,EMEA,5891.04,3513.6,2377.44,40.35688095820093,Medium
10184,46,100.0,9,5984.14,2003-11-14,Shipped,4,11,2003,Trucks and Buses,122,S18_2319,"Iberia Gift Imports, Corp.",(95) 555 82 82,"C/ Romero, 33",N/A,Sevilla,N/A,41101,Spain,EMEA,Roel,Jose Pedro,Medium,2003,11,4,November,Q4,2003-11,EMEA,5984.14,3367.2,2616.9400000000005,43.73126297178877,Medium
10195,35,100.0,9,3608.15,2003-11-25,Shipped,4,11,2003,Trucks and Buses,122,S18_2319,Mini Classics,9145554562,3758 North Pendale Street,N/A,White Plains,NY,24067,USA,NA,Frick,Steve,Medium,2003,11,4,November,Q4,2003-11,NA,3608.15,2562.0,1046.15,28.99408284023669,Medium
10207,43,100.0,10,5752.54,2003-12-09,Shipped,4,12,2003,Trucks and Buses,122,S18_2319,Diecast Collectables,6175552555,6251 Ingle Ln.,N/A,Boston,MA,51003,USA,NA,Franco,Valarie,Medium,2003,12,4,December,Q4,2003-12,NA,5752.54,3147.6,2604.94,45.28330094184482,Medium
10229,26,100.0,4,3765.32,2004-03-11,Shipped,1,3,2004,Trucks and Buses,122,S18_2319,Mini Gifts Distributors Ltd.,4155551450,5677 Strong St.,N/A,San Rafael,CA,97562,USA,NA,Nelson,Valarie,Medium,2004,3,1,March,Q1,2004-03,NA,3765.32,1903.1999999999998,1862.1200000000003,49.45449523546473,Medium
10246,22,98.18,8,2159.96,2004-05-05,Shipped,2,5,2004,Trucks and Buses,122,S18_2319,Euro Shopping Channel,(91) 555 94 44,"C/ Moralzarzal, 86",N/A,Madrid,N/A,28034,Spain,EMEA,Freyre,Diego,Small,2004,5,2,May,Q2,2004-05,EMEA,2159.96,1610.3999999999999,549.5600000000002,25.443063760440015,Low
10259,34,99.41,7,3379.94,2004-06-15,Shipped,2,6,2004,Trucks and Buses,122,S18_2319,Handji Gifts& Co,+65 224 1555,Village Close - 106 Linden Road Sandown,2nd Floor,Singapore,N/A,69045,Singapore,APAC,Victorino,Wendy,Medium,2004,6,2,June,Q2,2004-06,APAC,3379.94,2488.7999999999997,891.1400000000003,26.365556785031696,Medium
10271,50,100.0,8,5093.5,2004-07-20,Shipped,3,7,2004,Trucks and Buses,122,S18_2319,Mini Gifts Distributors Ltd.,4155551450,5677 Strong St.,N/A,San Rafael,CA,97562,USA,NA,Nelson,Valarie,Medium,2004,7,3,July,Q3,2004-07,NA,5093.5,3660.0,1433.5,28.143712574850298,Medium
10281,48,100.0,4,5773.44,2004-08-19,Shipped,3,8,2004,Trucks and Buses,122,S18_2319,Diecast Classics Inc.,2155551555,7586 Pompton St.,N/A,Allentown,PA,70267,USA,NA,Yu,Kyung,Medium,2004,8,3,August,Q3,2004-08,NA,5773.44,3513.6,2259.8399999999997,39.142001995344195,Medium
10292,41,100.0,11,4528.86,2004-09-08,Shipped,3,9,2004,Trucks and Buses,122,S18_2319,Land of Toys Inc.,2125557818,897 Long Airport Avenue,N/A,NYC,NY,10022,USA,NA,Yu,Kwai,Medium,2004,9,3,September,Q3,2004-09,NA,4528.86,3001.2,1527.6599999999999,33.731667571971755,Medium
10305,36,100.0,8,4816.08,2004-10-13,Shipped,4,10,2004,Trucks and Buses,122,S18_2319,Marta's Replicas Co.,6175558555,39323 Spinnaker Dr.,N/A,Cambridge,MA,51247,USA,NA,Hernandez,Marta,Medium,2004,10,4,October,Q4,2004-10,NA,4816.08,2635.2,2180.88,45.28330094184482,Medium
10313,29,100.0,2,3416.78,2004-10-22,Shipped,4,10,2004,Trucks and Buses,122,S18_2319,Canadian Gift Exchange Network,(604) 555-3392,1900 Oak St.,N/A,Vancouver,BC,V3F 2K1,Canada,NA,Tannamuri,Yoshi,Medium,2004,10,4,October,Q4,2004-10,NA,3416.78,2122.7999999999997,1293.9800000000005,37.87132914615516,Medium
10324,33,37.48,10,1236.84,2004-11-05,Shipped,4,11,2004,Trucks and Buses,122,S18_2319,Vitachrome Inc.,2125551500,2678 Kingston Rd.,Suite 101,NYC,NY,10022,USA,NA,Frick,Michael,Small,2004,11,4,November,Q4,2004-11,NA,1236.84,2415.6,-1178.76,-95.3041622198506,Low
10334,46,100.0,6,5814.86,2004-11-19,On Hold,4,11,2004,Trucks and Buses,122,S18_2319,"Volvo Model Replicas, Co",0921-12 3555,Berguvsvgen  8,N/A,Lule,N/A,S-958 22,Sweden,EMEA,Berglund,Christina,Medium,2004,11,4,November,Q4,2004-11,EMEA,5814.86,3367.2,2447.66,42.09318882999762,Medium
10349,38,100.0,7,5223.48,2004-12-01,Shipped,4,12,2004,Trucks and Buses,122,S18_2319,Muscle Machine Inc,2125557413,4092 Furth Circle,Suite 400,NYC,NY,10022,USA,NA,Young,Jeff,Medium,2004,12,4,December,Q4,2004-12,NA,5223.48,2781.6,2441.8799999999997,46.74814491488433,Medium
10358,20,36.42,11,728.4,2004-12-10,Shipped,4,12,2004,Trucks and Buses,122,S18_2319,Euro Shopping Channel,(91) 555 94 44,"C/ Moralzarzal, 86",N/A,Madrid,N/A,28034,Spain,EMEA,Freyre,Diego,Small,2004,12,4,December,Q4,2004-12,EMEA,728.4,1464.0,-735.6,-100.98846787479407,Low
10370,22,100.0,5,3949.0,2005-01-20,Shipped,1,1,2005,Trucks and Buses,122,S18_2319,"Anna's Decorations, Ltd",02 9936 8555,201 Miller Street,Level 15,North Sydney,NSW,2060,Australia,APAC,O'Hara,Anna,Medium,2005,1,1,January,Q1,2005-01,APAC,3949.0,1610.3999999999999,2338.6000000000004,59.22005571030642,Medium
10383,27,100.0,11,3843.99,2005-02-22,Shipped,1,2,2005,Trucks and Buses,122,S18_2319,Euro Shopping Channel,(91) 555 94 44,"C/ Moralzarzal, 86",N/A,Madrid,N/A,28034,Spain,EMEA,Freyre,Diego,Medium,2005,2,1,February,Q1,2005-02,EMEA,3843.99,1976.3999999999999,1867.59,48.58467373744469,Medium
10412,56,98.18,8,5498.08,2005-05-03,Shipped,2,5,2005,Trucks and Buses,122,S18_2319,Euro Shopping Channel,(91) 555 94 44,"C/ Moralzarzal, 86",N/A,Madrid,N/A,28034,Spain,EMEA,Freyre,Diego,Medium,2005,5,2,May,Q2,2005-05,EMEA,5498.08,4099.2,1398.88,25.443063760440012,Medium
10425,38,99.41,7,3777.58,2005-05-31,In Process,2,5,2005,Trucks and Buses,122,S18_2319,La Rochelle Gifts,40.67.8555,"67, rue des Cinquante Otages",N/A,Nantes,N/A,44000,France,EMEA,Labrune,Janine,Medium,2005,5,2,May,Q2,2005-05,EMEA,3777.58,2781.6,995.98,26.365556785031686,Medium
10101,25,100.0,4,3782.0,2003-01-09,Shipped,1,1,2003,Vintage Cars,127,S18_2325,"Blauer See Auto, Co.",+49 69 66 90 2555,Lyonerstr. 34,N/A,Frankfurt,N/A,60528,Germany,EMEA,Keitel,Roland,Medium,2003,1,1,January,Q1,2003-01,EMEA,3782.0,1905.0,1877.0,49.629825489159174,Medium
10110,33,100.0,4,3859.68,2003-03-18,Shipped,1,3,2003,Vintage Cars,127,S18_2325,"AV Stores, Co.",(171) 555-1555,Fauntleroy Circus,N/A,Manchester,N/A,EC2 5NT,UK,EMEA,Ashworth,Victoria,Medium,2003,3,1,March,Q1,2003-03,EMEA,3859.68,2514.6,1345.08,34.84952120383037,Medium
10124,42,100.0,3,4431.84,2003-05-21,Shipped,2,5,2003,Vintage Cars,127,S18_2325,Signal Gift Stores,7025551838,8489 Strong St.,N/A,Las Vegas,NV,83030,USA,NA,King,Sue,Medium,2003,5,2,May,Q2,2003-05,NA,4431.84,3200.4,1231.44,27.78620166793025,Medium
10149,33,100.0,8,4950.33,2003-09-12,Shipped,3,9,2003,Vintage Cars,127,S18_2325,Signal Collectibles Ltd.,4155554312,2793 Furth Circle,N/A,Brisbane,CA,94217,USA,NA,Taylor,Sue,Medium,2003,9,3,September,Q3,2003-09,NA,4950.33,2514.6,2435.73,49.20338644090394,Medium
10162,38,100.0,6,4299.7,2003-10-18,Shipped,4,10,2003,Vintage Cars,127,S18_2325,Corporate Gift Ideas Co.,6505551386,7734 Strong St.,N/A,San Francisco,CA,N/A,USA,NA,Brown,Julie,Medium,2003,10,4,October,Q4,2003-10,NA,4299.7,2895.6,1404.1,32.65576668139637,Medium
10173,31,100.0,10,4492.83,2003-11-05,Shipped,4,11,2003,Vintage Cars,127,S18_2325,Rovelli Gifts,035-640555,Via Ludovico il Moro 22,N/A,Bergamo,N/A,24100,Italy,EMEA,Rovelli,Giovanni,Medium,2003,11,4,November,Q4,2003-11,EMEA,4492.83,2362.2,2130.63,47.42289381080522,Medium
10182,20,100.0,7,2212.0,2003-11-12,Shipped,4,11,2003,Vintage Cars,127,S18_2325,Mini Gifts Distributors Ltd.,4155551450,5677 Strong St.,N/A,San Rafael,CA,97562,USA,NA,Nelson,Valarie,Small,2003,11,4,November,Q4,2003-11,NA,2212.0,1524.0,688.0,31.103074141048825,Low
10193,44,100.0,11,4642.88,2003-11-21,Shipped,4,11,2003,Vintage Cars,127,S18_2325,"Australian Collectables, Ltd",61-9-3844-6555,7 Allen Street,N/A,Glen Waverly,Victoria,3150,Australia,APAC,Connery,Sean,Medium,2003,11,4,November,Q4,2003-11,APAC,4642.88,3352.7999999999997,1290.0800000000004,27.78620166793026,Medium
10204,26,100.0,1,3206.32,2003-12-02,Shipped,4,12,2003,Vintage Cars,127,S18_2325,Muscle Machine Inc,2125557413,4092 Furth Circle,Suite 400,NYC,NY,10022,USA,NA,Young,Jeff,Medium,2003,12,4,December,Q4,2003-12,NA,3206.32,1981.1999999999998,1225.1200000000003,38.20953616607202,Medium
10214,27,100.0,4,3604.23,2004-01-26,Shipped,1,1,2004,Vintage Cars,127,S18_2325,"Corrida Auto Replicas, Ltd",(91) 555 22 82,"C/ Araquil, 67",N/A,Madrid,N/A,28023,Spain,EMEA,Sommer,Mart¡n,Medium,2004,1,1,January,Q1,2004-01,EMEA,3604.23,2057.4,1546.83,42.917072439883135,Medium
10227,46,100.0,7,7017.76,2004-03-02,Shipped,1,3,2004,Vintage Cars,127,S18_2325,"Saveley & Henriot, Co.",78.32.5555,"2, rue du Commerce",N/A,Lyon,N/A,69004,France,EMEA,Saveley,Mary,Large,2004,3,1,March,Q1,2004-03,EMEA,7017.76,3505.2,3512.5600000000004,50.05243838489775,High
10243,47,100.0,2,6154.18,2004-04-26,Shipped,2,4,2004,Vintage Cars,127,S18_2325,Diecast Collectables,6175552555,6251 Ingle Ln.,N/A,Boston,MA,51003,USA,NA,Franco,Valarie,Medium,2004,4,2,April,Q2,2004-04,NA,6154.18,3581.4,2572.78,41.80540705666718,High
10280,37,100.0,13,4750.8,2004-08-17,Shipped,3,8,2004,Vintage Cars,127,S18_2325,Amica Models & Co.,011-4988555,Via Monte Bianco 34,N/A,Torino,N/A,10100,Italy,EMEA,Accorti,Paolo,Medium,2004,8,3,August,Q3,2004-08,EMEA,4750.8,2819.4,1931.4,40.654205607476634,Medium
10288,31,100.0,2,3822.92,2004-09-01,Shipped,3,9,2004,Vintage Cars,127,S18_2325,Handji Gifts& Co,+65 224 1555,Village Close - 106 Linden Road Sandown,2nd Floor,Singapore,N/A,69045,Singapore,APAC,Victorino,Wendy,Medium,2004,9,3,September,Q3,2004-09,APAC,3822.92,2362.2,1460.7200000000003,38.20953616607201,Medium
10304,24,100.0,17,2440.8,2004-10-11,Shipped,4,10,2004,Vintage Cars,127,S18_2325,Auto Assoc. & Cie.,30.59.8555,"67, avenue de l'Europe",N/A,Versailles,N/A,78000,France,EMEA,Tonini,Daniel,Small,2004,10,4,October,Q4,2004-10,EMEA,2440.8,1828.8,612.0000000000002,25.073746312684374,Low
10312,31,100.0,14,4729.36,2004-10-21,Shipped,4,10,2004,Vintage Cars,127,S18_2325,Mini Gifts Distributors Ltd.,4155551450,5677 Strong St.,N/A,San Rafael,CA,97562,USA,NA,Nelson,Valarie,Medium,2004,10,4,October,Q4,2004-10,NA,4729.36,2362.2,2367.16,50.05243838489775,Medium
10322,50,100.0,6,12536.5,2004-11-04,Shipped,4,11,2004,Vintage Cars,127,S18_2325,Online Diecast Creations Co.,6035558647,2304 Long Airport Avenue,N/A,Nashua,NH,62005,USA,NA,Young,Valarie,Large,2004,11,4,November,Q4,2004-11,NA,12536.5,3810.0,8726.5,69.60874247198181,High
10332,35,64.69,8,2264.15,2004-11-17,Shipped,4,11,2004,Vintage Cars,127,S18_2325,"AV Stores, Co.",(171) 555-1555,Fauntleroy Circus,N/A,Manchester,N/A,EC2 5NT,UK,EMEA,Ashworth,Victoria,Small,2004,11,4,November,Q4,2004-11,EMEA,2264.15,2667.0,-402.8499999999999,-17.792549080228778,Low
10344,30,100.0,3,3928.2,2004-11-25,Shipped,4,11,2004,Vintage Cars,127,S18_2325,Marseille Mini Autos,91.24.4555,"12, rue des Bouchers",N/A,Marseille,N/A,13008,France,EMEA,Lebihan,Laurence,Medium,2004,11,4,November,Q4,2004-11,EMEA,3928.2,2286.0,1642.1999999999998,41.80540705666717,Medium
10356,29,100.0,3,3630.22,2004-12-09,Shipped,4,12,2004,Vintage Cars,127,S18_2325,Lyon Souveniers,+33 1 46 62 7555,27 rue du Colonel Pierre Avia,N/A,Paris,N/A,75508,France,EMEA,Da Cunha,Daniel,Medium,2004,12,4,December,Q4,2004-12,EMEA,3630.22,2209.7999999999997,1420.42,39.12765617510785,Medium
10367,27,100.0,5,4196.07,2005-01-12,Resolved,1,1,2005,Vintage Cars,127,S18_2325,Toys4GrownUps.com,6265557265,78934 Hillside Dr.,N/A,Pasadena,CA,90003,USA,NA,Young,Julie,Medium,2005,1,1,January,Q1,2005-01,NA,4196.07,2057.4,2138.6699999999996,50.968406151470305,Medium
10380,40,100.0,10,4931.6,2005-02-16,Shipped,1,2,2005,Vintage Cars,127,S18_2325,Euro Shopping Channel,(91) 555 94 44,"C/ Moralzarzal, 86",N/A,Madrid,N/A,28034,Spain,EMEA,Freyre,Diego,Medium,2005,2,1,February,Q1,2005-02,EMEA,4931.6,3048.0,1883.6000000000004,38.194500770541005,Medium
10390,31,98.99,16,3068.69,2005-03-04,Shipped,1,3,2005,Vintage Cars,127,S18_2325,Mini Gifts Distributors Ltd.,4155551450,5677 Strong St.,N/A,San Rafael,CA,97562,USA,NA,Nelson,Valarie,Medium,2005,3,1,March,Q1,2005-03,NA,3068.69,2362.2,706.4900000000002,23.022527528033145,Medium
10409,6,100.0,2,785.64,2005-04-23,Shipped,2,4,2005,Vintage Cars,127,S18_2325,Handji Gifts& Co,+65 224 1555,Village Close - 106 Linden Road Sandown,2nd Floor,Singapore,N/A,69045,Singapore,APAC,Victorino,Wendy,Small,2005,4,2,April,Q2,2005-04,APAC,785.64,457.2,328.44,41.80540705666718,Low
10420,45,100.0,2,4977.0,2005-05-29,In Process,2,5,2005,Vintage Cars,127,S18_2325,Souveniers And Things Co.,+61 2 9495 8555,"Monitor Money Building, 815 Pacific Hwy",Level 6,Chatswood,NSW,2067,Australia,APAC,Huxley,Adrian,Medium,2005,5,2,May,Q2,2005-05,APAC,4977.0,3429.0,1548.0,31.103074141048825,Medium
10103,22,54.09,2,1189.98,2003-01-29,Shipped,1,1,2003,Trucks and Buses,60,S18_2432,Baane Mini Imports,07-98 9555,Erling Skakkes gate 78,N/A,Stavern,N/A,4110,Norway,EMEA,Bergulfsen,Jonas,Small,2003,1,1,January,Q1,2003-01,EMEA,1189.98,792.0,397.98,33.44425956738769,Low
10114,45,68.67,6,3090.15,2003-04-01,Shipped,2,4,2003,Trucks and Buses,60,S18_2432,"La Corne D'abondance, Co.",(1) 42.34.2555,"265, boulevard Charonne",N/A,Paris,N/A,75012,France,EMEA,Bertrand,Marie,Medium,2003,4,2,April,Q2,2003-04,EMEA,3090.15,1620.0,1470.15,47.575360419397114,Medium
10126,43,65.02,2,2795.86,2003-05-28,Shipped,2,5,2003,Trucks and Buses,60,S18_2432,"Corrida Auto Replicas, Ltd",(91) 555 22 82,"C/ Araquil, 67",N/A,Madrid,N/A,28023,Spain,EMEA,Sommer,Mart¡n,Small,2003,5,2,May,Q2,2003-05,EMEA,2795.86,1548.0,1247.8600000000001,44.63242079360197,Low
10140,46,61.99,2,2851.54,2003-07-24,Shipped,3,7,2003,Trucks and Buses,60,S18_2432,Technics Stores Inc.,6505556809,9408 Furth Circle,N/A,Burlingame,CA,94217,USA,NA,Hirano,Juri,Small,2003,7,3,July,Q3,2003-07,NA,2851.54,1656.0,1195.54,41.926117115663814,Low
10151,39,69.28,9,2701.92,2003-09-21,Shipped,3,9,2003,Trucks and Buses,60,S18_2432,"Oulu Toy Supplies, Inc.",981-443655,Torikatu 38,N/A,Oulu,N/A,90110,Finland,EMEA,Koskitalo,Pirkko,Small,2003,9,3,September,Q3,2003-09,EMEA,2701.92,1404.0,1297.92,48.03695150115473,Low
10165,31,71.1,18,2204.1,2003-10-22,Shipped,4,10,2003,Trucks and Buses,60,S18_2432,"Dragon Souveniers, Ltd.",+65 221 7555,"Bronz Sok., Bronz Apt. 3/6 Tesvikiye",N/A,Singapore,N/A,79903,Singapore,Japan,Natividad,Eric,Small,2003,10,4,October,Q4,2003-10,Japan,2204.1,1116.0,1088.1,49.36708860759494,Low
10175,41,69.28,7,2840.48,2003-11-06,Shipped,4,11,2003,Trucks and Buses,60,S18_2432,"Stylish Desk Decors, Co.",(171) 555-0297,35 King George,N/A,London,N/A,WX3 6FW,UK,EMEA,Brown,Ann,Small,2003,11,4,November,Q4,2003-11,EMEA,2840.48,1476.0,1364.48,48.03695150115473,Low
10184,44,60.16,12,2647.04,2003-11-14,Shipped,4,11,2003,Trucks and Buses,60,S18_2432,"Iberia Gift Imports, Corp.",(95) 555 82 82,"C/ Romero, 33",N/A,Sevilla,N/A,41101,Spain,EMEA,Roel,Jose Pedro,Small,2003,11,4,November,Q4,2003-11,EMEA,2647.04,1584.0,1063.04,40.159574468085104,Low
10194,45,70.49,2,3172.05,2003-11-25,Shipped,4,11,2003,Trucks and Buses,60,S18_2432,"Saveley & Henriot, Co.",78.32.5555,"2, rue du Commerce",N/A,Lyon,N/A,69004,France,EMEA,Saveley,Mary,Medium,2003,11,4,November,Q4,2003-11,EMEA,3172.05,1620.0,1552.0500000000002,48.928926088806925,Medium
10207,37,69.89,13,2585.93,2003-12-09,Shipped,4,12,2003,Trucks and Buses,60,S18_2432,Diecast Collectables,6175552555,6251 Ingle Ln.,N/A,Boston,MA,51003,USA,NA,Franco,Valarie,Small,2003,12,4,December,Q4,2003-12,NA,2585.93,1332.0,1253.9299999999998,48.49048504793247,Low
10217,35,61.38,2,2148.3,2004-02-04,Shipped,1,2,2004,Trucks and Buses,60,S18_2432,Handji Gifts& Co,+65 224 1555,Village Close - 106 Linden Road Sandown,2nd Floor,Singapore,N/A,69045,Singapore,APAC,Victorino,Wendy,Small,2004,2,1,February,Q1,2004-02,APAC,2148.3,1260.0,888.3000000000002,41.34897360703813,Low
10229,28,59.55,7,1667.4,2004-03-11,Shipped,1,3,2004,Trucks and Buses,60,S18_2432,Mini Gifts Distributors Ltd.,4155551450,5677 Strong St.,N/A,San Rafael,CA,97562,USA,NA,Nelson,Valarie,Small,2004,3,1,March,Q1,2004-03,NA,1667.4,1008.0,659.4000000000001,39.54659949622167,Low
10246,30,61.99,11,1859.7,2004-05-05,Shipped,2,5,2004,Trucks and Buses,60,S18_2432,Euro Shopping Channel,(91) 555 94 44,"C/ Moralzarzal, 86",N/A,Madrid,N/A,28034,Spain,EMEA,Freyre,Diego,Small,2004,5,2,May,Q2,2004-05,EMEA,1859.7,1080.0,779.7,41.92611711566382,Low
10259,30,49.22,10,1476.6,2004-06-15,Shipped,2,6,2004,Trucks and Buses,60,S18_2432,Handji Gifts& Co,+65 224 1555,Village Close - 106 Linden Road Sandown,2nd Floor,Singapore,N/A,69045,Singapore,APAC,Victorino,Wendy,Small,2004,6,2,June,Q2,2004-06,APAC,1476.6,1080.0,396.5999999999999,26.859000406338886,Low
10271,25,69.28,11,1732.0,2004-07-20,Shipped,3,7,2004,Trucks and Buses,60,S18_2432,Mini Gifts Distributors Ltd.,4155551450,5677 Strong St.,N/A,San Rafael,CA,97562,USA,NA,Nelson,Valarie,Small,2004,7,3,July,Q3,2004-07,NA,1732.0,900.0,832.0,48.03695150115473,Low
10281,29,57.73,7,1674.17,2004-08-19,Shipped,3,8,2004,Trucks and Buses,60,S18_2432,Diecast Classics Inc.,2155551555,7586 Pompton St.,N/A,Allentown,PA,70267,USA,NA,Yu,Kyung,Small,2004,8,3,August,Q3,2004-08,NA,1674.17,1044.0,630.1700000000001,37.6407413822969,Low
10291,26,57.73,2,1500.98,2004-09-08,Shipped,3,9,2004,Trucks and Buses,60,S18_2432,Scandinavian Gift Ideas,0695-34 6555,?kergatan 24,N/A,Boras,N/A,S-844 67,Sweden,EMEA,Larsson,Maria,Small,2004,9,3,September,Q3,2004-09,EMEA,1500.98,936.0,564.98,37.6407413822969,Low
10305,41,53.48,11,2192.68,2004-10-13,Shipped,4,10,2004,Trucks and Buses,60,S18_2432,Marta's Replicas Co.,6175558555,39323 Spinnaker Dr.,N/A,Cambridge,MA,51247,USA,NA,Hernandez,Marta,Small,2004,10,4,October,Q4,2004-10,NA,2192.68,1476.0,716.6799999999998,32.68511593118922,Low
10313,34,52.87,5,1797.58,2004-10-22,Shipped,4,10,2004,Trucks and Buses,60,S18_2432,Canadian Gift Exchange Network,(604) 555-3392,1900 Oak St.,N/A,Vancouver,BC,V3F 2K1,Canada,NA,Tannamuri,Yoshi,Small,2004,10,4,October,Q4,2004-10,NA,1797.58,1224.0,573.5799999999999,31.908454700208054,Low
10322,35,61.21,11,2142.35,2004-11-04,Shipped,4,11,2004,Trucks and Buses,60,S18_2432,Online Diecast Creations Co.,6035558647,2304 Long Airport Avenue,N/A,Nashua,NH,62005,USA,NA,Young,Valarie,Small,2004,11,4,November,Q4,2004-11,NA,2142.35,1260.0,882.3499999999999,41.18608070576703,Low
10334,34,61.38,1,2086.92,2004-11-19,On Hold,4,11,2004,Trucks and Buses,60,S18_2432,"Volvo Model Replicas, Co",0921-12 3555,Berguvsvgen  8,N/A,Lule,N/A,S-958 22,Sweden,EMEA,Berglund,Christina,Small,2004,11,4,November,Q4,2004-11,EMEA,2086.92,1224.0,862.9200000000001,41.348973607038126,Low
10347,50,100.0,8,6834.5,2004-11-29,Shipped,4,11,2004,Trucks and Buses,60,S18_2432,"Australian Collectors, Co.",03 9520 4555,636 St Kilda Road,Level 3,Melbourne,Victoria,3004,Australia,APAC,Ferguson,Peter,Medium,2004,11,4,November,Q4,2004-11,APAC,6834.5,1800.0,5034.5,73.6630331406833,High
10357,41,61.99,7,2541.59,2004-12-10,Shipped,4,12,2004,Trucks and Buses,60,S18_2432,Mini Gifts Distributors Ltd.,4155551450,5677 Strong St.,N/A,San Rafael,CA,97562,USA,NA,Nelson,Valarie,Small,2004,12,4,December,Q4,2004-12,NA,2541.59,1476.0,1065.5900000000001,41.92611711566382,Low
10370,22,96.86,7,2130.92,2005-01-20,Shipped,1,1,2005,Trucks and Buses,60,S18_2432,"Anna's Decorations, Ltd",02 9936 8555,201 Miller Street,Level 15,North Sydney,NSW,2060,Australia,APAC,O'Hara,Anna,Small,2005,1,1,January,Q1,2005-01,APAC,2130.92,792.0,1338.92,62.83295478009499,Low
10381,35,48.62,7,1701.7,2005-02-17,Shipped,1,2,2005,Trucks and Buses,60,S18_2432,Corporate Gift Ideas Co.,6505551386,7734 Strong St.,N/A,San Francisco,CA,N/A,USA,NA,Brown,Julie,Small,2005,2,1,February,Q1,2005-02,NA,1701.7,1260.0,441.70000000000005,25.956396544631843,Low
10391,44,38.5,5,1694.0,2005-03-09,Shipped,1,3,2005,Trucks and Buses,60,S18_2432,"Anna's Decorations, Ltd",02 9936 8555,201 Miller Street,Level 15,North Sydney,NSW,2060,Australia,APAC,O'Hara,Anna,Small,2005,3,1,March,Q1,2005-03,APAC,1694.0,1584.0,110.0,6.493506493506493,Low
10412,47,61.99,11,2913.53,2005-05-03,Shipped,2,5,2005,Trucks and Buses,60,S18_2432,Euro Shopping Channel,(91) 555 94 44,"C/ Moralzarzal, 86",N/A,Madrid,N/A,28034,Spain,EMEA,Freyre,Diego,Small,2005,5,2,May,Q2,2005-05,EMEA,2913.53,1692.0,1221.5300000000002,41.92611711566382,Low
10425,19,49.22,10,935.18,2005-05-31,In Process,2,5,2005,Trucks and Buses,60,S18_2432,La Rochelle Gifts,40.67.8555,"67, rue des Cinquante Otages",N/A,Nantes,N/A,44000,France,EMEA,Labrune,Janine,Small,2005,5,2,May,Q2,2005-05,EMEA,935.18,684.0,251.17999999999995,26.859000406338886,Low
10106,34,90.39,2,3073.26,2003-02-17,Shipped,1,2,2003,Planes,84,S18_2581,Rovelli Gifts,035-640555,Via Ludovico il Moro 22,N/A,Bergamo,N/A,24100,Italy,EMEA,Rovelli,Giovanni,Medium,2003,2,1,February,Q1,2003-02,EMEA,3073.26,1713.6,1359.6600000000003,44.241619648191175,Medium
10120,29,71.81,8,2082.49,2003-04-29,Shipped,2,4,2003,Planes,84,S18_2581,"Australian Collectors, Co.",03 9520 4555,636 St Kilda Road,Level 3,Melbourne,Victoria,3004,Australia,APAC,Ferguson,Peter,Small,2003,4,2,April,Q2,2003-04,APAC,2082.49,1461.6,620.8899999999999,29.814789026597964,Low
10133,49,69.27,3,3394.23,2003-06-27,Shipped,2,6,2003,Planes,84,S18_2581,Euro Shopping Channel,(91) 555 94 44,"C/ Moralzarzal, 86",N/A,Madrid,N/A,28034,Spain,EMEA,Freyre,Diego,Medium,2003,6,2,June,Q2,2003-06,EMEA,3394.23,2469.6,924.6300000000001,27.24122996968385,Medium
10145,30,85.32,14,2559.6,2003-08-25,Shipped,3,8,2003,Planes,84,S18_2581,Toys4GrownUps.com,6265557265,78934 Hillside Dr.,N/A,Pasadena,CA,90003,USA,NA,Young,Julie,Small,2003,8,3,August,Q3,2003-08,NA,2559.6,1512.0,1047.6,40.92827004219409,Low
10168,21,70.96,9,1490.16,2003-10-28,Shipped,4,10,2003,Planes,84,S18_2581,Technics Stores Inc.,6505556809,9408 Furth Circle,N/A,Burlingame,CA,94217,USA,NA,Hirano,Juri,Small,2003,10,4,October,Q4,2003-10,NA,1490.16,1058.3999999999999,431.7600000000002,28.9740698985344,Low
10210,50,76.88,7,3844.0,2004-01-12,Shipped,1,1,2004,Planes,84,S18_2581,Osaka Souveniers Co.,+81 06 6342 5555,"Dojima Avanza 4F, 1-6-20 Dojima, Kita-ku",N/A,Osaka,Osaka,530-0003,Japan,Japan,Kentary,Mory,Medium,2004,1,1,January,Q1,2004-01,Japan,3844.0,2520.0,1324.0,34.443288241415196,Medium
10223,47,100.0,9,4724.91,2004-02-20,Shipped,1,2,2004,Planes,84,S18_2581,"Australian Collectors, Co.",03 9520 4555,636 St Kilda Road,Level 3,Melbourne,Victoria,3004,Australia,APAC,Ferguson,Peter,Medium,2004,2,1,February,Q1,2004-02,APAC,4724.91,2368.7999999999997,2356.11,49.86571172784244,Medium
10235,24,76.03,3,1824.72,2004-04-02,Shipped,2,4,2004,Planes,84,S18_2581,"Royal Canadian Collectables, Ltd.",(604) 555-4555,23 Tsawassen Blvd.,N/A,Tsawassen,BC,T2F 8M4,Canada,NA,Lincoln,Elizabeth,Small,2004,4,2,April,Q2,2004-04,NA,1824.72,1209.6,615.1200000000001,33.710377482572675,Low
10250,27,98.84,4,2668.68,2004-05-11,Shipped,2,5,2004,Planes,84,S18_2581,The Sharp Gifts Warehouse,4085553659,3086 Ingle Ln.,N/A,San Jose,CA,94217,USA,NA,Frick,Sue,Small,2004,5,2,May,Q2,2004-05,NA,2668.68,1360.8,1307.8799999999999,49.008498583569406,Low
10263,33,86.17,10,2843.61,2004-06-28,Shipped,2,6,2004,Planes,84,S18_2581,Gift Depot Inc.,2035552570,25593 South Bay Ln.,N/A,Bridgewater,CT,97562,USA,NA,King,Julie,Small,2004,6,2,June,Q2,2004-06,NA,2843.61,1663.2,1180.41,41.51096669374492,Low
10275,35,90.39,9,3163.65,2004-07-23,Shipped,3,7,2004,Planes,84,S18_2581,La Rochelle Gifts,40.67.8555,"67, rue des Cinquante Otages",N/A,Nantes,N/A,44000,France,EMEA,Labrune,Janine,Medium,2004,7,3,July,Q3,2004-07,EMEA,3163.65,1764.0,1399.65,44.24161964819117,Medium
10284,31,71.81,1,2226.11,2004-08-21,Shipped,3,8,2004,Planes,84,S18_2581,"Norway Gifts By Mail, Co.",+47 2212 1555,"Drammensveien 126 A, PB 744 Sentrum",N/A,Oslo,N/A,N 0106,Norway,EMEA,Klaeboe,Jan,Small,2004,8,3,August,Q3,2004-08,EMEA,2226.11,1562.3999999999999,663.7100000000003,29.81478902659798,Low
10297,25,82.79,4,2069.75,2004-09-16,Shipped,3,9,2004,Planes,84,S18_2581,"Clover Collections, Co.",+353 1862 1555,25 Maiden Lane,Floor No. 4,Dublin,N/A,2,Ireland,EMEA,Cassidy,Dean,Small,2004,9,3,September,Q3,2004-09,EMEA,2069.75,1260.0,809.75,39.123082497886216,Low
10308,27,82.79,7,2235.33,2004-10-15,Shipped,4,10,2004,Planes,84,S18_2581,Mini Classics,9145554562,3758 North Pendale Street,N/A,White Plains,NY,24067,USA,NA,Frick,Steve,Small,2004,10,4,October,Q4,2004-10,NA,2235.33,1360.8,874.53,39.123082497886216,Low
10318,31,100.0,9,3116.43,2004-11-02,Shipped,4,11,2004,Planes,84,S18_2581,Diecast Classics Inc.,2155551555,7586 Pompton St.,N/A,Allentown,PA,70267,USA,NA,Yu,Kyung,Medium,2004,11,4,November,Q4,2004-11,NA,3116.43,1562.3999999999999,1554.03,49.86571172784244,Medium
10327,45,100.0,8,4781.7,2004-11-10,Resolved,4,11,2004,Planes,84,S18_2581,Danish Wholesale Imports,31 12 3555,Vinb'ltet 34,N/A,Kobenhavn,N/A,1734,Denmark,EMEA,Petersen,Jytte,Medium,2004,11,4,November,Q4,2004-11,EMEA,4781.7,2268.0,2513.7,52.569169960474305,Medium
10339,27,100.0,2,2810.7,2004-11-23,Shipped,4,11,2004,Planes,84,S18_2581,"Tokyo Collectables, Ltd",+81 3 3584 0555,2-2-8 Roppongi,N/A,Minato-ku,Tokyo,106-0032,Japan,Japan,Shimamura,Akiko,Small,2004,11,4,November,Q4,2004-11,Japan,2810.7,1360.8,1449.8999999999999,51.5850144092219,Low
10353,27,100.0,1,3515.67,2004-12-04,Shipped,4,12,2004,Planes,84,S18_2581,Gift Ideas Corp.,2035554407,2440 Pompton St.,N/A,Glendale,CT,97561,USA,NA,Lewis,Dan,Medium,2004,12,4,December,Q4,2004-12,NA,3515.67,1360.8,2154.87,61.29329544581829,Medium
10374,42,69.27,2,2909.34,2005-02-02,Shipped,1,2,2005,Planes,84,S18_2581,"Australian Gift Network, Co",61-7-3844-6555,31 Duncan St. West End,N/A,South Brisbane,Queensland,4101,Australia,APAC,Calaghan,Tony,Small,2005,2,1,February,Q1,2005-02,APAC,2909.34,2116.7999999999997,792.5400000000004,27.24122996968386,Low
10386,21,74.77,18,1570.17,2005-03-01,Resolved,1,3,2005,Planes,84,S18_2581,Euro Shopping Channel,(91) 555 94 44,"C/ Moralzarzal, 86",N/A,Madrid,N/A,28034,Spain,EMEA,Freyre,Diego,Small,2005,3,1,March,Q1,2005-03,EMEA,1570.17,1058.3999999999999,511.7700000000002,32.593286077303745,Low
10398,34,76.88,15,2613.92,2005-03-30,Shipped,1,3,2005,Planes,84,S18_2581,Reims Collectables,26.47.1555,59 rue de l'Abbaye,N/A,Reims,N/A,51100,France,EMEA,Henriot,Paul,Small,2005,3,1,March,Q1,2005-03,EMEA,2613.92,1713.6,900.3200000000002,34.443288241415196,Low
10401,42,76.03,3,3193.26,2005-04-03,On Hold,2,4,2005,Planes,84,S18_2581,Tekni Collectables Inc.,2015559350,7476 Moss Rd.,N/A,Newark,NJ,94019,USA,NA,Brown,William,Medium,2005,4,2,April,Q2,2005-04,NA,3193.26,2116.7999999999997,1076.4600000000005,33.71037748257268,Medium
10416,15,98.84,4,1482.6,2005-05-10,Shipped,2,5,2005,Planes,84,S18_2581,L'ordine Souveniers,0522-556555,Strada Provinciale 124,N/A,Reggio Emilia,N/A,42100,Italy,EMEA,Moroni,Maurizio,Small,2005,5,2,May,Q2,2005-05,EMEA,1482.6,756.0,726.5999999999999,49.008498583569406,Low
10107,29,70.87,6,2055.23,2003-02-24,Shipped,1,2,2003,Motorcycles,60,S18_2625,Land of Toys Inc.,2125557818,897 Long Airport Avenue,N/A,NYC,NY,10022,USA,NA,Yu,Kwai,Small,2003,2,1,February,Q1,2003-02,NA,2055.23,1044.0,1011.23,49.20276562720474,Low
10120,46,58.15,4,2674.9,2003-04-29,Shipped,2,4,2003,Motorcycles,60,S18_2625,"Australian Collectors, Co.",03 9520 4555,636 St Kilda Road,Level 3,Melbourne,Victoria,3004,Australia,APAC,Ferguson,Peter,Small,2003,4,2,April,Q2,2003-04,APAC,2674.9,1656.0,1018.9000000000001,38.09114359415305,Low
10134,30,61.78,6,1853.4,2003-07-01,Shipped,3,7,2003,Motorcycles,60,S18_2625,Lyon Souveniers,+33 1 46 62 7555,27 rue du Colonel Pierre Avia,N/A,Paris,N/A,75508,France,EMEA,Da Cunha,Daniel,Small,2003,7,3,July,Q3,2003-07,EMEA,1853.4,1080.0,773.4000000000001,41.72871479443186,Low
10145,30,49.67,10,1490.1,2003-08-25,Shipped,3,8,2003,Motorcycles,60,S18_2625,Toys4GrownUps.com,6265557265,78934 Hillside Dr.,N/A,Pasadena,CA,90003,USA,NA,Young,Julie,Small,2003,8,3,August,Q3,2003-08,NA,1490.1,1080.0,410.0999999999999,27.52164284276223,Low
10159,42,51.48,18,2162.16,2003-10-10,Shipped,4,10,2003,Motorcycles,60,S18_2625,Corporate Gift Ideas Co.,6505551386,7734 Strong St.,N/A,San Francisco,CA,N/A,USA,NA,Brown,Julie,Small,2003,10,4,October,Q4,2003-10,NA,2162.16,1512.0,650.1599999999999,30.069930069930066,Low
10168,46,61.18,5,2814.28,2003-10-28,Shipped,4,10,2003,Motorcycles,60,S18_2625,Technics Stores Inc.,6505556809,9408 Furth Circle,N/A,Burlingame,CA,94217,USA,NA,Hirano,Juri,Small,2003,10,4,October,Q4,2003-10,NA,2814.28,1656.0,1158.2800000000002,41.15724092840798,Low
10180,25,64.2,13,1605.0,2003-11-11,Shipped,4,11,2003,Motorcycles,60,S18_2625,Daedalus Designs Imports,20.16.1555,"184, chausse de Tournai",N/A,Lille,N/A,59000,France,EMEA,Rance,Martine,Small,2003,11,4,November,Q4,2003-11,EMEA,1605.0,900.0,705.0,43.925233644859816,Low
10188,32,65.42,5,2093.44,2003-11-18,Shipped,4,11,2003,Motorcycles,60,S18_2625,Herkku Gifts,+47 2267 3215,"Drammen 121, PR 744 Sentrum",N/A,Bergen,N/A,N 5804,Norway,EMEA,Oeztan,Veysel,Small,2003,11,4,November,Q4,2003-11,EMEA,2093.44,1152.0,941.44,44.97095689391624,Low
10201,30,64.81,6,1944.3,2003-12-01,Shipped,4,12,2003,Motorcycles,60,S18_2625,Mini Wheels Co.,6505555787,5557 North Pendale Street,N/A,San Francisco,CA,N/A,USA,NA,Murphy,Julie,Small,2003,12,4,December,Q4,2003-12,NA,1944.3,1080.0,864.3,44.45301650979787,Low
10210,40,49.67,3,1986.8,2004-01-12,Shipped,1,1,2004,Motorcycles,60,S18_2625,Osaka Souveniers Co.,+81 06 6342 5555,"Dojima Avanza 4F, 1-6-20 Dojima, Kita-ku",N/A,Osaka,Osaka,530-0003,Japan,Japan,Kentary,Mory,Small,2004,1,1,January,Q1,2004-01,Japan,1986.8,1440.0,546.8,27.52164284276223,Low
10223,28,60.57,5,1695.96,2004-02-20,Shipped,1,2,2004,Motorcycles,60,S18_2625,"Australian Collectors, Co.",03 9520 4555,636 St Kilda Road,Level 3,Melbourne,Victoria,3004,Australia,APAC,Ferguson,Peter,Small,2004,2,1,February,Q1,2004-02,APAC,1695.96,1008.0,687.96,40.56463595839524,Low
10236,23,55.72,2,1281.56,2004-04-03,Shipped,2,4,2004,Motorcycles,60,S18_2625,Motor Mint Distributors Inc.,2155559857,11328 Douglas Av.,N/A,Philadelphia,PA,71270,USA,NA,Hernandez,Rosa,Small,2004,4,2,April,Q2,2004-04,NA,1281.56,828.0,453.55999999999995,35.391241923905234,Low
10251,29,61.18,6,1774.22,2004-05-18,Shipped,2,5,2004,Motorcycles,60,S18_2625,Tekni Collectables Inc.,2015559350,7476 Moss Rd.,N/A,Newark,NJ,94019,USA,NA,Brown,William,Small,2004,5,2,May,Q2,2004-05,NA,1774.22,1044.0,730.22,41.15724092840798,Low
10263,34,58.75,6,1997.5,2004-06-28,Shipped,2,6,2004,Motorcycles,60,S18_2625,Gift Depot Inc.,2035552570,25593 South Bay Ln.,N/A,Bridgewater,CT,97562,USA,NA,King,Julie,Small,2004,6,2,June,Q2,2004-06,NA,1997.5,1224.0,773.5,38.72340425531915,Low
10275,37,63.6,5,2353.2,2004-07-23,Shipped,3,7,2004,Motorcycles,60,S18_2625,La Rochelle Gifts,40.67.8555,"67, rue des Cinquante Otages",N/A,Nantes,N/A,44000,France,EMEA,Labrune,Janine,Small,2004,7,3,July,Q3,2004-07,EMEA,2353.2,1332.0,1021.1999999999998,43.39622641509433,Low
10285,20,49.06,10,981.2,2004-08-27,Shipped,3,8,2004,Motorcycles,60,S18_2625,Marta's Replicas Co.,6175558555,39323 Spinnaker Dr.,N/A,Cambridge,MA,51247,USA,NA,Hernandez,Marta,Small,2004,8,3,August,Q3,2004-08,NA,981.2,720.0,261.20000000000005,26.620464737056672,Low
10298,32,48.46,2,1550.72,2004-09-27,Shipped,3,9,2004,Motorcycles,60,S18_2625,Atelier graphique,40.32.2555,"54, rue Royale",N/A,Nantes,N/A,44000,France,EMEA,Schmitt,Carine,Small,2004,9,3,September,Q3,2004-09,EMEA,1550.72,1152.0,398.72,25.711927362773423,Low
10308,34,52.09,3,1771.06,2004-10-15,Shipped,4,10,2004,Motorcycles,60,S18_2625,Mini Classics,9145554562,3758 North Pendale Street,N/A,White Plains,NY,24067,USA,NA,Frick,Steve,Small,2004,10,4,October,Q4,2004-10,NA,1771.06,1224.0,547.06,30.888846227682855,Low
10318,42,52.7,5,2213.4,2004-11-02,Shipped,4,11,2004,Motorcycles,60,S18_2625,Diecast Classics Inc.,2155551555,7586 Pompton St.,N/A,Allentown,PA,70267,USA,NA,Yu,Kyung,Small,2004,11,4,November,Q4,2004-11,NA,2213.4,1512.0,701.4000000000001,31.688804554079695,Low
10329,38,100.0,12,5266.04,2004-11-15,Shipped,4,11,2004,Motorcycles,60,S18_2625,Land of Toys Inc.,2125557818,897 Long Airport Avenue,N/A,NYC,NY,10022,USA,NA,Yu,Kwai,Medium,2004,11,4,November,Q4,2004-11,NA,5266.04,1368.0,3898.04,74.02222542935488,Medium
10339,30,62.16,1,1864.8,2004-11-23,Shipped,4,11,2004,Motorcycles,60,S18_2625,"Tokyo Collectables, Ltd",+81 3 3584 0555,2-2-8 Roppongi,N/A,Minato-ku,Tokyo,106-0032,Japan,Japan,Shimamura,Akiko,Small,2004,11,4,November,Q4,2004-11,Japan,1864.8,1080.0,784.8,42.084942084942085,Low
10362,23,49.67,3,1142.41,2005-01-05,Shipped,1,1,2005,Motorcycles,60,S18_2625,Technics Stores Inc.,6505556809,9408 Furth Circle,N/A,Burlingame,CA,94217,USA,NA,Hirano,Juri,Small,2005,1,1,January,Q1,2005-01,NA,1142.41,828.0,314.4100000000001,27.521642842762233,Low
10374,22,53.3,4,1172.6,2005-02-02,Shipped,1,2,2005,Motorcycles,60,S18_2625,"Australian Gift Network, Co",61-7-3844-6555,31 Duncan St. West End,N/A,South Brisbane,Queensland,4101,Australia,APAC,Calaghan,Tony,Small,2005,2,1,February,Q1,2005-02,APAC,1172.6,792.0,380.5999999999999,32.457786116322694,Low
10389,39,100.0,5,6981.0,2005-03-03,Shipped,1,3,2005,Motorcycles,60,S18_2625,Scandinavian Gift Ideas,0695-34 6555,?kergatan 24,N/A,Boras,N/A,S-844 67,Sweden,EMEA,Larsson,Maria,Medium,2005,3,1,March,Q1,2005-03,EMEA,6981.0,1404.0,5577.0,79.88826815642457,High
10402,55,55.72,2,3064.6,2005-04-07,Shipped,2,4,2005,Motorcycles,60,S18_2625,Auto Canal Petit,(1) 47.55.6555,"25, rue Lauriston",N/A,Paris,N/A,75016,France,EMEA,Perrier,Dominique,Medium,2005,4,2,April,Q2,2005-04,EMEA,3064.6,1980.0,1084.6,35.391241923905234,Medium
10417,36,61.18,6,2202.48,2005-05-13,Disputed,2,5,2005,Motorcycles,60,S18_2625,Euro Shopping Channel,(91) 555 94 44,"C/ Moralzarzal, 86",N/A,Madrid,N/A,28034,Spain,EMEA,Freyre,Diego,Small,2005,5,2,May,Q2,2005-05,EMEA,2202.48,1296.0,906.48,41.15724092840798,Low
10101,26,100.0,1,3773.38,2003-01-09,Shipped,1,1,2003,Vintage Cars,168,S18_2795,"Blauer See Auto, Co.",+49 69 66 90 2555,Lyonerstr. 34,N/A,Frankfurt,N/A,60528,Germany,EMEA,Keitel,Roland,Medium,2003,1,1,January,Q1,2003-01,EMEA,3773.38,2620.7999999999997,1152.5800000000004,30.54502859505272,Medium
10110,31,100.0,1,5074.39,2003-03-18,Shipped,1,3,2003,Vintage Cars,168,S18_2795,"AV Stores, Co.",(171) 555-1555,Fauntleroy Circus,N/A,Manchester,N/A,EC2 5NT,UK,EMEA,Ashworth,Victoria,Medium,2003,3,1,March,Q1,2003-03,EMEA,5074.39,3124.7999999999997,1949.5900000000006,38.420184495082175,Medium
10125,34,100.0,2,6483.46,2003-05-21,Shipped,2,5,2003,Vintage Cars,168,S18_2795,"Australian Collectors, Co.",03 9520 4555,636 St Kilda Road,Level 3,Melbourne,Victoria,3004,Australia,APAC,Ferguson,Peter,Medium,2003,5,2,May,Q2,2003-05,APAC,6483.46,3427.2,3056.26,47.139336095233105,High
10139,41,100.0,8,7956.46,2003-07-16,Shipped,3,7,2003,Vintage Cars,168,S18_2795,Souveniers And Things Co.,+61 2 9495 8555,"Monitor Money Building, 815 Pacific Hwy",Level 6,Chatswood,NSW,2067,Australia,APAC,Huxley,Adrian,Large,2003,7,3,July,Q3,2003-07,APAC,7956.46,4132.8,3823.66,48.05730186540245,High
10149,23,100.0,5,4230.62,2003-09-12,Shipped,3,9,2003,Vintage Cars,168,S18_2795,Signal Collectibles Ltd.,4155554312,2793 Furth Circle,N/A,Brisbane,CA,94217,USA,NA,Taylor,Sue,Medium,2003,9,3,September,Q3,2003-09,NA,4230.62,2318.4,1912.2199999999998,45.19952158312493,Medium
10162,48,100.0,3,7209.12,2003-10-18,Shipped,4,10,2003,Vintage Cars,168,S18_2795,Corporate Gift Ideas Co.,6505551386,7734 Strong St.,N/A,San Francisco,CA,N/A,USA,NA,Brown,Julie,Large,2003,10,4,October,Q4,2003-10,NA,7209.12,4838.4,2370.7200000000003,32.885012317730876,High
10173,22,100.0,7,3452.68,2003-11-05,Shipped,4,11,2003,Vintage Cars,168,S18_2795,Rovelli Gifts,035-640555,Via Ludovico il Moro 22,N/A,Bergamo,N/A,24100,Italy,EMEA,Rovelli,Giovanni,Medium,2003,11,4,November,Q4,2003-11,EMEA,3452.68,2217.6,1235.08,35.77163247100803,Medium
10182,21,100.0,4,3047.73,2003-11-12,Shipped,4,11,2003,Vintage Cars,168,S18_2795,Mini Gifts Distributors Ltd.,4155551450,5677 Strong St.,N/A,San Rafael,CA,97562,USA,NA,Nelson,Valarie,Medium,2003,11,4,November,Q4,2003-11,NA,3047.73,2116.7999999999997,930.9300000000003,30.54502859505272,Medium
10193,22,100.0,8,3675.32,2003-11-21,Shipped,4,11,2003,Vintage Cars,168,S18_2795,"Australian Collectables, Ltd",61-9-3844-6555,7 Allen Street,N/A,Glen Waverly,Victoria,3150,Australia,APAC,Connery,Sean,Medium,2003,11,4,November,Q4,2003-11,APAC,3675.32,2217.6,1457.7200000000003,39.66239674368491,Medium
10205,40,100.0,3,7492.4,2003-12-03,Shipped,4,12,2003,Vintage Cars,168,S18_2795,Euro Shopping Channel,(91) 555 94 44,"C/ Moralzarzal, 86",N/A,Madrid,N/A,28034,Spain,EMEA,Freyre,Diego,Large,2003,12,4,December,Q4,2003-12,EMEA,7492.4,4032.0,3460.3999999999996,46.18546794084672,High
10214,50,100.0,1,9534.5,2004-01-26,Shipped,1,1,2004,Vintage Cars,168,S18_2795,"Corrida Auto Replicas, Ltd",(91) 555 22 82,"C/ Araquil, 67",N/A,Madrid,N/A,28023,Spain,EMEA,Sommer,Mart¡n,Large,2004,1,1,January,Q1,2004-01,EMEA,9534.5,5040.0,4494.5,47.139336095233105,High
10227,29,100.0,4,5579.02,2004-03-02,Shipped,1,3,2004,Vintage Cars,168,S18_2795,"Saveley & Henriot, Co.",78.32.5555,"2, rue du Commerce",N/A,Lyon,N/A,69004,France,EMEA,Saveley,Mary,Medium,2004,3,1,March,Q1,2004-03,EMEA,5579.02,2923.2,2655.8200000000006,47.60370100842084,Medium
10244,43,100.0,8,5950.34,2004-04-29,Shipped,2,4,2004,Vintage Cars,168,S18_2795,Euro Shopping Channel,(91) 555 94 44,"C/ Moralzarzal, 86",N/A,Madrid,N/A,28034,Spain,EMEA,Freyre,Diego,Medium,2004,4,2,April,Q2,2004-04,EMEA,5950.34,4334.4,1615.9400000000005,27.15710362769187,Medium
10255,24,100.0,1,3726.0,2004-06-04,Shipped,2,6,2004,Vintage Cars,168,S18_2795,Mini Caravy,88.60.1555,"24, place Kluber",N/A,Strasbourg,N/A,67000,France,EMEA,Citeaux,Frederique,Medium,2004,6,2,June,Q2,2004-06,EMEA,3726.0,2419.2,1306.8000000000002,35.072463768115945,Medium
10280,22,100.0,10,4455.0,2004-08-17,Shipped,3,8,2004,Vintage Cars,168,S18_2795,Amica Models & Co.,011-4988555,Via Monte Bianco 34,N/A,Torino,N/A,10100,Italy,EMEA,Accorti,Paolo,Medium,2004,8,3,August,Q3,2004-08,EMEA,4455.0,2217.6,2237.4,50.22222222222222,Medium
10289,43,100.0,3,8272.34,2004-09-03,Shipped,3,9,2004,Vintage Cars,168,S18_2795,Herkku Gifts,+47 2267 3215,"Drammen 121, PR 744 Sentrum",N/A,Bergen,N/A,N 5804,Norway,EMEA,Oeztan,Veysel,Large,2004,9,3,September,Q3,2004-09,EMEA,8272.34,4334.4,3937.9400000000005,47.60370100842084,High
10304,20,100.0,14,3577.6,2004-10-11,Shipped,4,10,2004,Vintage Cars,168,S18_2795,Auto Assoc. & Cie.,30.59.8555,"67, avenue de l'Europe",N/A,Versailles,N/A,78000,France,EMEA,Tonini,Daniel,Medium,2004,10,4,October,Q4,2004-10,EMEA,3577.6,2016.0,1561.6,43.64937388193202,Medium
10312,25,100.0,11,3881.25,2004-10-21,Shipped,4,10,2004,Vintage Cars,168,S18_2795,Mini Gifts Distributors Ltd.,4155551450,5677 Strong St.,N/A,San Rafael,CA,97562,USA,NA,Nelson,Valarie,Medium,2004,10,4,October,Q4,2004-10,NA,3881.25,2520.0,1361.25,35.07246376811594,Medium
10322,36,100.0,2,5797.44,2004-11-04,Shipped,4,11,2004,Vintage Cars,168,S18_2795,Online Diecast Creations Co.,6035558647,2304 Long Airport Avenue,N/A,Nashua,NH,62005,USA,NA,Young,Valarie,Medium,2004,11,4,November,Q4,2004-11,NA,5797.44,3628.7999999999997,2168.64,37.40685543964232,Medium
10332,24,52.67,1,1264.08,2004-11-17,Shipped,4,11,2004,Vintage Cars,168,S18_2795,"AV Stores, Co.",(171) 555-1555,Fauntleroy Circus,N/A,Manchester,N/A,EC2 5NT,UK,EMEA,Ashworth,Victoria,Small,2004,11,4,November,Q4,2004-11,EMEA,1264.08,2419.2,-1155.12,-91.3802923865578,Low
10347,21,100.0,6,4815.3,2004-11-29,Shipped,4,11,2004,Vintage Cars,168,S18_2795,"Australian Collectors, Co.",03 9520 4555,636 St Kilda Road,Level 3,Melbourne,Victoria,3004,Australia,APAC,Ferguson,Peter,Medium,2004,11,4,November,Q4,2004-11,APAC,4815.3,2116.7999999999997,2698.5000000000005,56.04012211077192,Medium
10356,30,100.0,1,4462.2,2004-12-09,Shipped,4,12,2004,Vintage Cars,168,S18_2795,Lyon Souveniers,+33 1 46 62 7555,27 rue du Colonel Pierre Avia,N/A,Paris,N/A,75508,France,EMEA,Da Cunha,Daniel,Medium,2004,12,4,December,Q4,2004-12,EMEA,4462.2,3024.0,1438.1999999999998,32.23073820088745,Medium
10367,32,94.79,7,3033.28,2005-01-12,Resolved,1,1,2005,Vintage Cars,168,S18_2795,Toys4GrownUps.com,6265557265,78934 Hillside Dr.,N/A,Pasadena,CA,90003,USA,NA,Young,Julie,Medium,2005,1,1,January,Q1,2005-01,NA,3033.28,3225.6,-192.3199999999997,-6.3403312585715685,Medium
10380,21,47.18,8,990.78,2005-02-16,Shipped,1,2,2005,Vintage Cars,168,S18_2795,Euro Shopping Channel,(91) 555 94 44,"C/ Moralzarzal, 86",N/A,Madrid,N/A,28034,Spain,EMEA,Freyre,Diego,Small,2005,2,1,February,Q1,2005-02,EMEA,990.78,2116.7999999999997,-1126.0199999999998,-113.64985163204746,Low
10390,26,78.11,7,2030.86,2005-03-04,Shipped,1,3,2005,Vintage Cars,168,S18_2795,Mini Gifts Distributors Ltd.,4155551450,5677 Strong St.,N/A,San Rafael,CA,97562,USA,NA,Nelson,Valarie,Small,2005,3,1,March,Q1,2005-03,NA,2030.86,2620.7999999999997,-589.9399999999998,-29.048777365254118,Low
10421,35,100.0,1,5433.75,2005-05-29,In Process,2,5,2005,Vintage Cars,168,S18_2795,Mini Gifts Distributors Ltd.,4155551450,5677 Strong St.,N/A,San Rafael,CA,97562,USA,NA,Nelson,Valarie,Medium,2005,5,2,May,Q2,2005-05,NA,5433.75,3528.0,1905.75,35.07246376811594,Medium
10109,26,100.0,1,3157.44,2003-03-10,Shipped,1,3,2003,Classic Cars,132,S18_2870,Motor Mint Distributors Inc.,2155559857,11328 Douglas Av.,N/A,Philadelphia,PA,71270,USA,NA,Hernandez,Rosa,Medium,2003,3,1,March,Q1,2003-03,NA,3157.44,2059.2,1098.2400000000002,34.78260869565218,Medium
10123,46,100.0,3,5161.2,2003-05-20,Shipped,2,5,2003,Classic Cars,132,S18_2870,Atelier graphique,40.32.2555,"54, rue Royale",N/A,Nantes,N/A,44000,France,EMEA,Schmitt,Carine,Medium,2003,5,2,May,Q2,2003-05,EMEA,5161.2,3643.2,1518.0,29.411764705882355,Medium
10137,37,100.0,3,4346.76,2003-07-10,Shipped,3,7,2003,Classic Cars,132,S18_2870,Reims Collectables,26.47.1555,59 rue de l'Abbaye,N/A,Reims,N/A,51100,France,EMEA,Henriot,Paul,Medium,2003,7,3,July,Q3,2003-07,EMEA,4346.76,2930.4,1416.3600000000001,32.58426966292135,Medium
10148,27,100.0,10,3528.36,2003-09-11,Shipped,3,9,2003,Classic Cars,132,S18_2870,"Anna's Decorations, Ltd",02 9936 8555,201 Miller Street,Level 15,North Sydney,NSW,2060,Australia,APAC,O'Hara,Anna,Medium,2003,9,3,September,Q3,2003-09,APAC,3528.36,2138.4,1389.96,39.39393939393939,Medium
10161,23,100.0,9,3187.8,2003-10-17,Shipped,4,10,2003,Classic Cars,132,S18_2870,Heintze Collectables,86 21 3555,Smagsloget 45,N/A,Aaarhus,N/A,8200,Denmark,EMEA,Ibsen,Palle,Medium,2003,10,4,October,Q4,2003-10,EMEA,3187.8,1821.6,1366.2000000000003,42.85714285714287,Medium
10172,39,100.0,7,6023.16,2003-11-05,Shipped,4,11,2003,Classic Cars,132,S18_2870,Gift Depot Inc.,2035552570,25593 South Bay Ln.,N/A,Bridgewater,CT,97562,USA,NA,King,Julie,Medium,2003,11,4,November,Q4,2003-11,NA,6023.16,3088.7999999999997,2934.36,48.71794871794872,High
10181,27,100.0,3,3884.76,2003-11-12,Shipped,4,11,2003,Classic Cars,132,S18_2870,Herkku Gifts,+47 2267 3215,"Drammen 121, PR 744 Sentrum",N/A,Bergen,N/A,N 5804,Norway,EMEA,Oeztan,Veysel,Medium,2003,11,4,November,Q4,2003-11,EMEA,3884.76,2138.4,1746.3600000000001,44.95412844036697,Medium
10192,38,100.0,8,4965.84,2003-11-20,Shipped,4,11,2003,Classic Cars,132,S18_2870,Online Diecast Creations Co.,6035558647,2304 Long Airport Avenue,N/A,Nashua,NH,62005,USA,NA,Young,Valarie,Medium,2003,11,4,November,Q4,2003-11,NA,4965.84,3009.6,1956.2400000000002,39.3939393939394,Medium
10204,27,100.0,14,4169.88,2003-12-02,Shipped,4,12,2003,Classic Cars,132,S18_2870,Muscle Machine Inc,2125557413,4092 Furth Circle,Suite 400,NYC,NY,10022,USA,NA,Young,Jeff,Medium,2003,12,4,December,Q4,2003-12,NA,4169.88,2138.4,2031.48,48.717948717948715,Medium
10212,40,100.0,7,4910.4,2004-01-16,Shipped,1,1,2004,Classic Cars,132,S18_2870,Euro Shopping Channel,(91) 555 94 44,"C/ Moralzarzal, 86",N/A,Madrid,N/A,28034,Spain,EMEA,Freyre,Diego,Medium,2004,1,1,January,Q1,2004-01,EMEA,4910.4,3168.0,1742.3999999999996,35.48387096774193,Medium
10226,24,100.0,5,3231.36,2004-02-26,Shipped,1,2,2004,Classic Cars,132,S18_2870,Collectable Mini Designs Co.,7605558146,361 Furth Circle,N/A,San Diego,CA,91217,USA,NA,Thompson,Valarie,Medium,2004,2,1,February,Q1,2004-02,NA,3231.36,1900.8,1330.5600000000002,41.1764705882353,Medium
10241,44,100.0,12,6853.44,2004-04-13,Shipped,2,4,2004,Classic Cars,132,S18_2870,Mini Caravy,88.60.1555,"24, place Kluber",N/A,Strasbourg,N/A,67000,France,EMEA,Citeaux,Frederique,Medium,2004,4,2,April,Q2,2004-04,EMEA,6853.44,3484.7999999999997,3368.64,49.152542372881356,High
10253,37,100.0,2,5177.04,2004-06-01,Cancelled,2,6,2004,Classic Cars,132,S18_2870,"UK Collectables, Ltd.",(171) 555-2282,Berkeley Gardens 12  Brewery,N/A,Liverpool,N/A,WX1 6LT,UK,EMEA,Devon,Elizabeth,Medium,2004,6,2,June,Q2,2004-06,EMEA,5177.04,2930.4,2246.64,43.39622641509433,Medium
10266,20,100.0,3,2824.8,2004-07-06,Shipped,3,7,2004,Classic Cars,132,S18_2870,L'ordine Souveniers,0522-556555,Strada Provinciale 124,N/A,Reggio Emilia,N/A,42100,Italy,EMEA,Moroni,Maurizio,Small,2004,7,3,July,Q3,2004-07,EMEA,2824.8,1584.0,1240.8000000000002,43.925233644859816,Low
10278,39,100.0,3,4324.32,2004-08-06,Shipped,3,8,2004,Classic Cars,132,S18_2870,Signal Gift Stores,7025551838,8489 Strong St.,N/A,Las Vegas,NV,83030,USA,NA,King,Sue,Medium,2004,8,3,August,Q3,2004-08,NA,4324.32,3088.7999999999997,1235.52,28.571428571428577,Medium
10287,44,100.0,1,5052.96,2004-08-30,Shipped,3,8,2004,Classic Cars,132,S18_2870,"Vida Sport, Ltd",0897-034555,Grenzacherweg 237,N/A,Gensve,N/A,1203,Switzerland,EMEA,Holz,Michael,Medium,2004,8,3,August,Q3,2004-08,EMEA,5052.96,3484.7999999999997,1568.1600000000003,31.034482758620697,Medium
10301,22,100.0,5,3223.44,2003-10-05,Shipped,4,10,2003,Classic Cars,132,S18_2870,"Norway Gifts By Mail, Co.",+47 2212 1555,"Drammensveien 126 A, PB 744 Sentrum",N/A,Oslo,N/A,N 0106,Norway,EMEA,Klaeboe,Jan,Medium,2003,10,4,October,Q4,2003-10,EMEA,3223.44,1742.3999999999999,1481.0400000000002,45.94594594594595,Medium
10311,43,100.0,10,5278.68,2004-10-16,Shipped,4,10,2004,Classic Cars,132,S18_2870,Euro Shopping Channel,(91) 555 94 44,"C/ Moralzarzal, 86",N/A,Madrid,N/A,28034,Spain,EMEA,Freyre,Diego,Medium,2004,10,4,October,Q4,2004-10,EMEA,5278.68,3405.6,1873.0800000000004,35.48387096774194,Medium
10321,27,100.0,7,2851.2,2004-11-04,Shipped,4,11,2004,Classic Cars,132,S18_2870,FunGiftIdeas.com,5085552555,1785 First Street,N/A,New Bedford,MA,50553,USA,NA,Benitez,Violeta,Small,2004,11,4,November,Q4,2004-11,NA,2851.2,2138.4,712.7999999999997,24.999999999999993,Low
10331,26,64.9,10,1687.4,2004-11-17,Shipped,4,11,2004,Classic Cars,132,S18_2870,Motor Mint Distributors Inc.,2155559857,11328 Douglas Av.,N/A,Philadelphia,PA,71270,USA,NA,Hernandez,Rosa,Small,2004,11,4,November,Q4,2004-11,NA,1687.4,2059.2,-371.7999999999997,-22.03389830508473,Low
10343,25,52.32,3,1308.0,2004-11-24,Shipped,4,11,2004,Classic Cars,132,S18_2870,Reims Collectables,26.47.1555,59 rue de l'Abbaye,N/A,Reims,N/A,51100,France,EMEA,Henriot,Paul,Small,2004,11,4,November,Q4,2004-11,EMEA,1308.0,1980.0,-672.0,-51.37614678899083,Low
10366,49,100.0,2,6144.6,2005-01-10,Shipped,1,1,2005,Classic Cars,132,S18_2870,Royale Belge,(071) 23 67 2555,"Boulevard Tirou, 255",N/A,Charleroi,N/A,B-6000,Belgium,EMEA,Cartrain,Pascale,Medium,2005,1,1,January,Q1,2005-01,EMEA,6144.6,3880.7999999999997,2263.8000000000006,36.842105263157904,High
10379,29,100.0,5,5127.2,2005-02-10,Shipped,1,2,2005,Classic Cars,132,S18_2870,Euro Shopping Channel,(91) 555 94 44,"C/ Moralzarzal, 86",N/A,Madrid,N/A,28034,Spain,EMEA,Freyre,Diego,Medium,2005,2,1,February,Q1,2005-02,EMEA,5127.2,2296.7999999999997,2830.4,55.203619909502265,Medium
10407,41,100.0,12,6386.16,2005-04-22,On Hold,2,4,2005,Classic Cars,132,S18_2870,The Sharp Gifts Warehouse,4085553659,3086 Ingle Ln.,N/A,San Jose,CA,94217,USA,NA,Frick,Sue,Medium,2005,4,2,April,Q2,2005-04,NA,6386.16,3247.2,3138.96,49.152542372881356,High
10419,55,100.0,2,7695.6,2005-05-17,Shipped,2,5,2005,Classic Cars,132,S18_2870,Salzburg Collectables,6562-9555,Geislweg 14,N/A,Salzburg,N/A,5020,Austria,EMEA,Pipps,Georg,Large,2005,5,2,May,Q2,2005-05,EMEA,7695.6,4356.0,3339.6000000000004,43.39622641509434,High
10103,27,83.07,12,2242.89,2003-01-29,Shipped,1,1,2003,Vintage Cars,101,S18_2949,Baane Mini Imports,07-98 9555,Erling Skakkes gate 78,N/A,Stavern,N/A,4110,Norway,EMEA,Bergulfsen,Jonas,Small,2003,1,1,January,Q1,2003-01,EMEA,2242.89,1636.2,606.6899999999998,27.049476345250987,Low
10112,23,100.0,2,2539.89,2003-03-24,Shipped,1,3,2003,Vintage Cars,101,S18_2949,"Volvo Model Replicas, Co",0921-12 3555,Berguvsvgen  8,N/A,Lule,N/A,S-958 22,Sweden,EMEA,Berglund,Christina,Small,2003,3,1,March,Q1,2003-03,EMEA,2539.89,1393.8,1146.09,45.12360771529475,Low
10126,31,90.17,12,2795.27,2003-05-28,Shipped,2,5,2003,Vintage Cars,101,S18_2949,"Corrida Auto Replicas, Ltd",(91) 555 22 82,"C/ Araquil, 67",N/A,Madrid,N/A,28023,Spain,EMEA,Sommer,Mart¡n,Small,2003,5,2,May,Q2,2003-05,EMEA,2795.27,1878.6,916.6700000000001,32.793612066097374,Low
10139,46,100.0,1,5545.76,2003-07-16,Shipped,3,7,2003,Vintage Cars,101,S18_2949,Souveniers And Things Co.,+61 2 9495 8555,"Monitor Money Building, 815 Pacific Hwy",Level 6,Chatswood,NSW,2067,Australia,APAC,Huxley,Adrian,Medium,2003,7,3,July,Q3,2003-07,APAC,5545.76,2787.6,2758.1600000000003,49.734571997345725,Medium
10150,47,91.18,9,4285.46,2003-09-19,Shipped,3,9,2003,Vintage Cars,101,S18_2949,"Dragon Souveniers, Ltd.",+65 221 7555,"Bronz Sok., Bronz Apt. 3/6 Tesvikiye",N/A,Singapore,N/A,79903,Singapore,Japan,Natividad,Eric,Medium,2003,9,3,September,Q3,2003-09,Japan,4285.46,2848.2,1437.2600000000002,33.53805659135776,Medium
10163,31,100.0,2,3329.09,2003-10-20,Shipped,4,10,2003,Vintage Cars,101,S18_2949,Classic Legends Inc.,2125558493,5905 Pompton St.,Suite 750,NYC,NY,10022,USA,NA,Hernandez,Maria,Medium,2003,10,4,October,Q4,2003-10,NA,3329.09,1878.6,1450.4900000000002,43.57016481981563,Medium
10174,46,100.0,5,5592.22,2003-11-06,Shipped,4,11,2003,Vintage Cars,101,S18_2949,"Australian Gift Network, Co",61-7-3844-6555,31 Duncan St. West End,N/A,South Brisbane,Queensland,4101,Australia,APAC,Calaghan,Tony,Medium,2003,11,4,November,Q4,2003-11,APAC,5592.22,2787.6,2804.6200000000003,50.152175701242086,Medium
10183,37,89.15,9,3298.55,2003-11-13,Shipped,4,11,2003,Vintage Cars,101,S18_2949,"Classic Gift Ideas, Inc",2155554695,782 First Street,N/A,Philadelphia,PA,71270,USA,NA,Cervantes,Francisca,Medium,2003,11,4,November,Q4,2003-11,NA,3298.55,2242.2,1056.3500000000004,32.02467750981493,Medium
10193,28,93.21,1,2609.88,2003-11-21,Shipped,4,11,2003,Vintage Cars,101,S18_2949,"Australian Collectables, Ltd",61-9-3844-6555,7 Allen Street,N/A,Glen Waverly,Victoria,3150,Australia,APAC,Connery,Sean,Small,2003,11,4,November,Q4,2003-11,APAC,2609.88,1696.8,913.0800000000002,34.98551657547474,Low
10206,37,90.17,7,3336.29,2003-12-05,Shipped,4,12,2003,Vintage Cars,101,S18_2949,Canadian Gift Exchange Network,(604) 555-3392,1900 Oak St.,N/A,Vancouver,BC,V3F 2K1,Canada,NA,Tannamuri,Yoshi,Medium,2003,12,4,December,Q4,2003-12,NA,3336.29,2242.2,1094.0900000000001,32.793612066097374,Medium
10215,49,100.0,4,5510.05,2004-01-29,Shipped,1,1,2004,Vintage Cars,101,S18_2949,West Coast Collectables Co.,3105553722,3675 Furth Circle,N/A,Burbank,CA,94019,USA,NA,Thompson,Steve,Medium,2004,1,1,January,Q1,2004-01,NA,5510.05,2969.4,2540.65,46.109381947532235,Medium
10228,24,100.0,3,2504.4,2004-03-10,Shipped,1,3,2004,Vintage Cars,101,S18_2949,Cambridge Collectables Co.,6175555555,4658 Baden Av.,N/A,Cambridge,MA,51247,USA,NA,Tseng,Kyung,Small,2004,3,1,March,Q1,2004-03,NA,2504.4,1454.3999999999999,1050.0000000000002,41.9262098706277,Low
10244,30,100.0,1,3525.6,2004-04-29,Shipped,2,4,2004,Vintage Cars,101,S18_2949,Euro Shopping Channel,(91) 555 94 44,"C/ Moralzarzal, 86",N/A,Madrid,N/A,28034,Spain,EMEA,Freyre,Diego,Medium,2004,4,2,April,Q2,2004-04,EMEA,3525.6,1818.0,1707.6,48.43430905377808,Medium
10257,50,88.14,1,4407.0,2004-06-14,Shipped,2,6,2004,Vintage Cars,101,S18_2949,The Sharp Gifts Warehouse,4085553659,3086 Ingle Ln.,N/A,San Jose,CA,94217,USA,NA,Frick,Sue,Medium,2004,6,2,June,Q2,2004-06,NA,4407.0,3030.0,1377.0,31.24574540503744,Medium
10270,31,96.24,10,2983.44,2004-07-19,Shipped,3,7,2004,Vintage Cars,101,S18_2949,Souveniers And Things Co.,+61 2 9495 8555,"Monitor Money Building, 815 Pacific Hwy",Level 6,Chatswood,NSW,2067,Australia,APAC,Huxley,Adrian,Small,2004,7,3,July,Q3,2004-07,APAC,2983.44,1878.6,1104.8400000000001,37.03241895261846,Low
10280,46,100.0,3,5126.24,2004-08-17,Shipped,3,8,2004,Vintage Cars,101,S18_2949,Amica Models & Co.,011-4988555,Via Monte Bianco 34,N/A,Torino,N/A,10100,Italy,EMEA,Accorti,Paolo,Medium,2004,8,3,August,Q3,2004-08,EMEA,5126.24,2787.6,2338.64,45.62096195262024,Medium
10291,47,100.0,12,5713.79,2004-09-08,Shipped,3,9,2004,Vintage Cars,101,S18_2949,Scandinavian Gift Ideas,0695-34 6555,?kergatan 24,N/A,Boras,N/A,S-844 67,Sweden,EMEA,Larsson,Maria,Medium,2004,9,3,September,Q3,2004-09,EMEA,5713.79,2848.2,2865.59,50.152175701242086,Medium
10304,46,100.0,7,4613.8,2004-10-11,Shipped,4,10,2004,Vintage Cars,101,S18_2949,Auto Assoc. & Cie.,30.59.8555,"67, avenue de l'Europe",N/A,Versailles,N/A,78000,France,EMEA,Tonini,Daniel,Medium,2004,10,4,October,Q4,2004-10,EMEA,4613.8,2787.6,1826.2000000000003,39.581256231306085,Medium
10312,37,100.0,4,3711.1,2004-10-21,Shipped,4,10,2004,Vintage Cars,101,S18_2949,Mini Gifts Distributors Ltd.,4155551450,5677 Strong St.,N/A,San Rafael,CA,97562,USA,NA,Nelson,Valarie,Medium,2004,10,4,October,Q4,2004-10,NA,3711.1,2242.2,1468.9,39.581256231306085,Medium
10322,33,100.0,12,3524.73,2004-11-04,Shipped,4,11,2004,Vintage Cars,101,S18_2949,Online Diecast Creations Co.,6035558647,2304 Long Airport Avenue,N/A,Nashua,NH,62005,USA,NA,Young,Valarie,Medium,2004,11,4,November,Q4,2004-11,NA,3524.73,1999.8,1524.93,43.2637393502481,Medium
10333,31,90.17,5,2795.27,2004-11-18,Shipped,4,11,2004,Vintage Cars,101,S18_2949,Mini Wheels Co.,6505555787,5557 North Pendale Street,N/A,San Francisco,CA,N/A,USA,NA,Murphy,Julie,Small,2004,11,4,November,Q4,2004-11,NA,2795.27,1878.6,916.6700000000001,32.793612066097374,Low
10347,48,100.0,9,4814.4,2004-11-29,Shipped,4,11,2004,Vintage Cars,101,S18_2949,"Australian Collectors, Co.",03 9520 4555,636 St Kilda Road,Level 3,Melbourne,Victoria,3004,Australia,APAC,Ferguson,Peter,Medium,2004,11,4,November,Q4,2004-11,APAC,4814.4,2908.7999999999997,1905.6,39.581256231306085,Medium
10357,41,87.13,6,3572.33,2004-12-10,Shipped,4,12,2004,Vintage Cars,101,S18_2949,Mini Gifts Distributors Ltd.,4155551450,5677 Strong St.,N/A,San Rafael,CA,97562,USA,NA,Nelson,Valarie,Medium,2004,12,4,December,Q4,2004-12,NA,3572.33,2484.6,1087.73,30.448754734305062,Medium
10369,42,100.0,1,4581.36,2005-01-20,Shipped,1,1,2005,Vintage Cars,101,S18_2949,Collectables For Less Inc.,6175558555,7825 Douglas Av.,N/A,Brickhaven,MA,58339,USA,NA,Nelson,Allen,Medium,2005,1,1,January,Q1,2005-01,NA,4581.36,2545.2,2036.1599999999999,44.44444444444444,Medium
10381,41,100.0,8,4319.76,2005-02-17,Shipped,1,2,2005,Vintage Cars,101,S18_2949,Corporate Gift Ideas Co.,6505551386,7734 Strong St.,N/A,San Francisco,CA,N/A,USA,NA,Brown,Julie,Medium,2005,2,1,February,Q1,2005-02,NA,4319.76,2484.6,1835.1600000000003,42.48291571753987,Medium
10391,32,45.25,6,1448.0,2005-03-09,Shipped,1,3,2005,Vintage Cars,101,S18_2949,"Anna's Decorations, Ltd",02 9936 8555,201 Miller Street,Level 15,North Sydney,NSW,2060,Australia,APAC,O'Hara,Anna,Small,2005,3,1,March,Q1,2005-03,APAC,1448.0,1939.1999999999998,-491.1999999999998,-33.922651933701644,Low
10423,10,88.14,1,881.4,2005-05-30,In Process,2,5,2005,Vintage Cars,101,S18_2949,Petit Auto,(02) 5554 67,Rue Joseph-Bens 532,N/A,Bruxelles,N/A,B-1180,Belgium,EMEA,Dewey,Catherine,Small,2005,5,2,May,Q2,2005-05,EMEA,881.4,606.0,275.4,31.24574540503744,Low
10103,35,57.46,14,2011.1,2003-01-29,Shipped,1,1,2003,Vintage Cars,62,S18_2957,Baane Mini Imports,07-98 9555,Erling Skakkes gate 78,N/A,Stavern,N/A,4110,Norway,EMEA,Bergulfsen,Jonas,Small,2003,1,1,January,Q1,2003-01,EMEA,2011.1,1302.0,709.0999999999999,35.25931082492168,Low
10111,28,64.33,2,1801.24,2003-03-25,Shipped,1,3,2003,Vintage Cars,62,S18_2957,Mini Wheels Co.,6505555787,5557 North Pendale Street,N/A,San Francisco,CA,N/A,USA,NA,Murphy,Julie,Small,2003,3,1,March,Q1,2003-03,NA,1801.24,1041.6,759.6400000000001,42.1731695942795,Low
10126,46,73.7,14,3390.2,2003-05-28,Shipped,2,5,2003,Vintage Cars,62,S18_2957,"Corrida Auto Replicas, Ltd",(91) 555 22 82,"C/ Araquil, 67",N/A,Madrid,N/A,28023,Spain,EMEA,Sommer,Mart¡n,Medium,2003,5,2,May,Q2,2003-05,EMEA,3390.2,1711.2,1678.9999999999998,49.52510176390773,Medium
10139,20,71.2,3,1424.0,2003-07-16,Shipped,3,7,2003,Vintage Cars,62,S18_2957,Souveniers And Things Co.,+61 2 9495 8555,"Monitor Money Building, 815 Pacific Hwy",Level 6,Chatswood,NSW,2067,Australia,APAC,Huxley,Adrian,Small,2003,7,3,July,Q3,2003-07,APAC,1424.0,744.0,680.0,47.752808988764045,Low
10150,30,49.97,11,1499.1,2003-09-19,Shipped,3,9,2003,Vintage Cars,62,S18_2957,"Dragon Souveniers, Ltd.",+65 221 7555,"Bronz Sok., Bronz Apt. 3/6 Tesvikiye",N/A,Singapore,N/A,79903,Singapore,Japan,Natividad,Eric,Small,2003,9,3,September,Q3,2003-09,Japan,1499.1,1116.0,383.0999999999999,25.55533319991995,Low
10163,48,69.96,4,3358.08,2003-10-20,Shipped,4,10,2003,Vintage Cars,62,S18_2957,Classic Legends Inc.,2125558493,5905 Pompton St.,Suite 750,NYC,NY,10022,USA,NA,Hernandez,Maria,Medium,2003,10,4,October,Q4,2003-10,NA,3358.08,1785.6,1572.48,46.82675814751286,Medium
10173,28,53.72,2,1504.16,2003-11-05,Shipped,4,11,2003,Vintage Cars,62,S18_2957,Rovelli Gifts,035-640555,Via Ludovico il Moro 22,N/A,Bergamo,N/A,24100,Italy,EMEA,Rovelli,Giovanni,Small,2003,11,4,November,Q4,2003-11,EMEA,1504.16,1041.6,462.5600000000002,30.75204765450485,Low
10183,39,68.08,11,2655.12,2003-11-13,Shipped,4,11,2003,Vintage Cars,62,S18_2957,"Classic Gift Ideas, Inc",2155554695,782 First Street,N/A,Philadelphia,PA,71270,USA,NA,Cervantes,Francisca,Small,2003,11,4,November,Q4,2003-11,NA,2655.12,1450.8,1204.32,45.35840188014101,Low
10193,24,51.84,3,1244.16,2003-11-21,Shipped,4,11,2003,Vintage Cars,62,S18_2957,"Australian Collectables, Ltd",61-9-3844-6555,7 Allen Street,N/A,Glen Waverly,Victoria,3150,Australia,APAC,Connery,Sean,Small,2003,11,4,November,Q4,2003-11,APAC,1244.16,892.8,351.3600000000001,28.24074074074075,Low
10206,28,67.46,9,1888.88,2003-12-05,Shipped,4,12,2003,Vintage Cars,62,S18_2957,Canadian Gift Exchange Network,(604) 555-3392,1900 Oak St.,N/A,Vancouver,BC,V3F 2K1,Canada,NA,Tannamuri,Yoshi,Small,2003,12,4,December,Q4,2003-12,NA,1888.88,1041.6,847.2800000000002,44.85621108805219,Low
10215,31,58.71,6,1820.01,2004-01-29,Shipped,1,1,2004,Vintage Cars,62,S18_2957,West Coast Collectables Co.,3105553722,3675 Furth Circle,N/A,Burbank,CA,94019,USA,NA,Thompson,Steve,Small,2004,1,1,January,Q1,2004-01,NA,1820.01,1153.2,666.81,36.63771078180889,Low
10228,45,63.71,5,2866.95,2004-03-10,Shipped,1,3,2004,Vintage Cars,62,S18_2957,Cambridge Collectables Co.,6175555555,4658 Baden Av.,N/A,Cambridge,MA,51247,USA,NA,Tseng,Kyung,Small,2004,3,1,March,Q1,2004-03,NA,2866.95,1674.0,1192.9499999999998,41.610422225710245,Low
10244,24,58.09,3,1394.16,2004-04-29,Shipped,2,4,2004,Vintage Cars,62,S18_2957,Euro Shopping Channel,(91) 555 94 44,"C/ Moralzarzal, 86",N/A,Madrid,N/A,28034,Spain,EMEA,Freyre,Diego,Small,2004,4,2,April,Q2,2004-04,EMEA,1394.16,892.8,501.3600000000001,35.96143914615253,Low
10257,49,53.72,3,2632.28,2004-06-14,Shipped,2,6,2004,Vintage Cars,62,S18_2957,The Sharp Gifts Warehouse,4085553659,3086 Ingle Ln.,N/A,San Jose,CA,94217,USA,NA,Frick,Sue,Small,2004,6,2,June,Q2,2004-06,NA,2632.28,1822.8,809.4800000000002,30.75204765450485,Low
10269,32,63.08,1,2018.56,2004-07-16,Shipped,3,7,2004,Vintage Cars,62,S18_2957,Salzburg Collectables,6562-9555,Geislweg 14,N/A,Salzburg,N/A,5020,Austria,EMEA,Pipps,Georg,Small,2004,7,3,July,Q3,2004-07,EMEA,2018.56,1190.3999999999999,828.1600000000001,41.02726696258719,Low
10280,43,68.71,5,2954.53,2004-08-17,Shipped,3,8,2004,Vintage Cars,62,S18_2957,Amica Models & Co.,011-4988555,Via Monte Bianco 34,N/A,Torino,N/A,10100,Italy,EMEA,Accorti,Paolo,Small,2004,8,3,August,Q3,2004-08,EMEA,2954.53,1599.6,1354.9300000000003,45.85940911075536,Low
10291,37,50.59,14,1871.83,2004-09-08,Shipped,3,9,2004,Vintage Cars,62,S18_2957,Scandinavian Gift Ideas,0695-34 6555,?kergatan 24,N/A,Boras,N/A,S-844 67,Sweden,EMEA,Larsson,Maria,Small,2004,9,3,September,Q3,2004-09,EMEA,1871.83,1376.3999999999999,495.43000000000006,26.467681359952564,Low
10304,24,64.96,9,1559.04,2004-10-11,Shipped,4,10,2004,Vintage Cars,62,S18_2957,Auto Assoc. & Cie.,30.59.8555,"67, avenue de l'Europe",N/A,Versailles,N/A,78000,France,EMEA,Tonini,Daniel,Small,2004,10,4,October,Q4,2004-10,EMEA,1559.04,892.8,666.24,42.73399014778325,Low
10312,35,53.72,6,1880.2,2004-10-21,Shipped,4,10,2004,Vintage Cars,62,S18_2957,Mini Gifts Distributors Ltd.,4155551450,5677 Strong St.,N/A,San Rafael,CA,97562,USA,NA,Nelson,Valarie,Small,2004,10,4,October,Q4,2004-10,NA,1880.2,1302.0,578.2,30.752047654504842,Low
10322,41,29.87,13,1224.67,2004-11-04,Shipped,4,11,2004,Vintage Cars,62,S18_2957,Online Diecast Creations Co.,6035558647,2304 Long Airport Avenue,N/A,Nashua,NH,62005,USA,NA,Young,Valarie,Small,2004,11,4,November,Q4,2004-11,NA,1224.67,1525.2,-300.53,-24.539671911617003,Low
10332,26,100.0,17,2979.08,2004-11-17,Shipped,4,11,2004,Vintage Cars,62,S18_2957,"AV Stores, Co.",(171) 555-1555,Fauntleroy Circus,N/A,Manchester,N/A,EC2 5NT,UK,EMEA,Ashworth,Victoria,Small,2004,11,4,November,Q4,2004-11,EMEA,2979.08,967.1999999999999,2011.88,67.53360097748299,Low
10347,34,64.96,10,2208.64,2004-11-29,Shipped,4,11,2004,Vintage Cars,62,S18_2957,"Australian Collectors, Co.",03 9520 4555,636 St Kilda Road,Level 3,Melbourne,Victoria,3004,Australia,APAC,Ferguson,Peter,Small,2004,11,4,November,Q4,2004-11,APAC,2208.64,1264.8,943.8399999999999,42.73399014778325,Low
10357,49,70.58,5,3458.42,2004-12-10,Shipped,4,12,2004,Vintage Cars,62,S18_2957,Mini Gifts Distributors Ltd.,4155551450,5677 Strong St.,N/A,San Rafael,CA,97562,USA,NA,Nelson,Valarie,Medium,2004,12,4,December,Q4,2004-12,NA,3458.42,1822.8,1635.6200000000001,47.29385094927741,Medium
10369,28,44.21,6,1237.88,2005-01-20,Shipped,1,1,2005,Vintage Cars,62,S18_2957,Collectables For Less Inc.,6175558555,7825 Douglas Av.,N/A,Brickhaven,MA,58339,USA,NA,Nelson,Allen,Small,2005,1,1,January,Q1,2005-01,NA,1237.88,1041.6,196.2800000000002,15.85614114453745,Low
10381,40,68.08,4,2723.2,2005-02-17,Shipped,1,2,2005,Vintage Cars,62,S18_2957,Corporate Gift Ideas Co.,6505551386,7734 Strong St.,N/A,San Francisco,CA,N/A,USA,NA,Brown,Julie,Small,2005,2,1,February,Q1,2005-02,NA,2723.2,1488.0,1235.1999999999998,45.35840188014101,Low
10392,37,59.96,3,2218.52,2005-03-10,Shipped,1,3,2005,Vintage Cars,62,S18_2957,Mini Auto Werke,7675-3555,Kirchgasse 6,N/A,Graz,N/A,8010,Austria,EMEA,Mendel,Roland,Small,2005,3,1,March,Q1,2005-03,EMEA,2218.52,1376.3999999999999,842.1200000000001,37.95863909272849,Low
10423,31,53.72,3,1665.32,2005-05-30,In Process,2,5,2005,Vintage Cars,62,S18_2957,Petit Auto,(02) 5554 67,Rue Joseph-Bens 532,N/A,Bruxelles,N/A,B-1180,Belgium,EMEA,Dewey,Catherine,Small,2005,5,2,May,Q2,2005-05,EMEA,1665.32,1153.2,512.1199999999999,30.752047654504832,Low
10106,41,83.44,18,3421.04,2003-02-17,Shipped,1,2,2003,Ships,86,S18_3029,Rovelli Gifts,035-640555,Via Ludovico il Moro 22,N/A,Bergamo,N/A,24100,Italy,EMEA,Rovelli,Giovanni,Medium,2003,2,1,February,Q1,2003-02,EMEA,3421.04,2115.6,1305.44,38.15915627996166,Medium
10119,21,89.46,9,1878.66,2003-04-28,Shipped,2,4,2003,Ships,86,S18_3029,Salzburg Collectables,6562-9555,Geislweg 14,N/A,Salzburg,N/A,5020,Austria,EMEA,Pipps,Georg,Small,2003,4,2,April,Q2,2003-04,EMEA,1878.66,1083.6,795.0600000000002,42.32059020791416,Low
10130,40,96.34,2,3853.6,2003-06-16,Shipped,2,6,2003,Ships,86,S18_3029,Auto-Moto Classics Inc.,6175558428,16780 Pompton St.,N/A,Brickhaven,MA,58339,USA,NA,Taylor,Leslie,Medium,2003,6,2,June,Q2,2003-06,NA,3853.6,2064.0,1789.6,46.43969275482666,Medium
10143,46,74.84,13,3442.64,2003-08-10,Shipped,3,8,2003,Ships,86,S18_3029,Mini Creations Ltd.,5085559555,4575 Hillside Dr.,N/A,New Bedford,MA,50553,USA,NA,Tam,Wing C,Medium,2003,8,3,August,Q3,2003-08,NA,3442.64,2373.6,1069.04,31.0529128808124,Medium
10155,44,79.14,11,3482.16,2003-10-06,Shipped,4,10,2003,Ships,86,S18_3029,"Toys of Finland, Co.",90-224 8555,Keskuskatu 45,N/A,Helsinki,N/A,21240,Finland,EMEA,Karttunen,Matti,Medium,2003,10,4,October,Q4,2003-10,EMEA,3482.16,2270.4,1211.7599999999998,34.79909021986353,Medium
10167,46,73.12,7,3363.52,2003-10-23,Cancelled,4,10,2003,Ships,86,S18_3029,Scandinavian Gift Ideas,0695-34 6555,?kergatan 24,N/A,Boras,N/A,S-844 67,Sweden,EMEA,Larsson,Maria,Medium,2003,10,4,October,Q4,2003-10,EMEA,3363.52,2373.6,989.9200000000001,29.431072210065643,Medium
10178,41,81.72,10,3350.52,2003-11-08,Shipped,4,11,2003,Ships,86,S18_3029,Alpha Cognac,61.77.6555,1 rue Alsace-Lorraine,N/A,Toulouse,N/A,31000,France,EMEA,Roulet,Annette,Medium,2003,11,4,November,Q4,2003-11,EMEA,3350.52,2115.6,1234.92,36.8575624082232,Medium
10186,32,89.46,7,2862.72,2003-11-14,Shipped,4,11,2003,Ships,86,S18_3029,"Double Decker Gift Stores, Ltd",(171) 555-7555,120 Hanover Sq.,N/A,London,N/A,WA1 1DP,UK,EMEA,Hardy,Thomas,Small,2003,11,4,November,Q4,2003-11,EMEA,2862.72,1651.2,1211.5199999999998,42.320590207914144,Low
10197,46,87.74,4,4036.04,2003-11-26,Shipped,4,11,2003,Ships,86,S18_3029,Enaco Distributors,(93) 203 4555,"Rambla de Catalu¤a, 23",N/A,Barcelona,N/A,8022,Spain,EMEA,Saavedra,Eduardo,Medium,2003,11,4,November,Q4,2003-11,EMEA,4036.04,2373.6,1662.44,41.18987918851151,Medium
10209,28,100.0,6,2817.92,2004-01-09,Shipped,1,1,2004,Ships,86,S18_3029,"Men 'R' US Retailers, Ltd.",2155554369,6047 Douglas Av.,N/A,Los Angeles,CA,N/A,USA,NA,Chandler,Michael,Small,2004,1,1,January,Q1,2004-01,NA,2817.92,1444.8,1373.1200000000001,48.728139904610494,Low
10222,49,94.62,10,4636.38,2004-02-19,Shipped,1,2,2004,Ships,86,S18_3029,Collectable Mini Designs Co.,7605558146,361 Furth Circle,N/A,San Diego,CA,91217,USA,NA,Thompson,Valarie,Medium,2004,2,1,February,Q1,2004-02,NA,4636.38,2528.4,2107.98,45.466074825618264,Medium
10248,21,73.98,1,1553.58,2004-05-07,Cancelled,2,5,2004,Ships,86,S18_3029,Land of Toys Inc.,2125557818,897 Long Airport Avenue,N/A,NYC,NY,10022,USA,NA,Yu,Kwai,Small,2004,5,2,May,Q2,2004-05,NA,1553.58,1083.6,469.98,30.251419302514194,Low
10262,32,84.3,15,2697.6,2004-06-24,Cancelled,2,6,2004,Ships,86,S18_3029,Euro Shopping Channel,(91) 555 94 44,"C/ Moralzarzal, 86",N/A,Madrid,N/A,28034,Spain,EMEA,Freyre,Diego,Small,2004,6,2,June,Q2,2004-06,EMEA,2697.6,1651.2,1046.3999999999999,38.79003558718861,Low
10273,34,98.06,2,3334.04,2004-07-21,Shipped,3,7,2004,Ships,86,S18_3029,Petit Auto,(02) 5554 67,Rue Joseph-Bens 532,N/A,Bruxelles,N/A,B-1180,Belgium,EMEA,Dewey,Catherine,Medium,2004,7,3,July,Q3,2004-07,EMEA,3334.04,1754.3999999999999,1579.64,47.37915561900877,Medium
10283,21,98.06,4,2059.26,2004-08-20,Shipped,3,8,2004,Ships,86,S18_3029,"Royal Canadian Collectables, Ltd.",(604) 555-4555,23 Tsawassen Blvd.,N/A,Tsawassen,BC,T2F 8M4,Canada,NA,Lincoln,Elizabeth,Small,2004,8,3,August,Q3,2004-08,NA,2059.26,1083.6,975.6600000000003,47.37915561900878,Low
10296,21,96.34,13,2023.14,2004-09-15,Shipped,3,9,2004,Ships,86,S18_3029,"Bavarian Collectables Imports, Co.",+49 89 61 08 9555,Hansastr. 15,N/A,Munich,N/A,80686,Germany,EMEA,Donnermeyer,Michael,Small,2004,9,3,September,Q3,2004-09,EMEA,2023.14,1083.6,939.5400000000002,46.43969275482666,Low
10307,31,83.44,7,2586.64,2004-10-14,Shipped,4,10,2004,Ships,86,S18_3029,"Classic Gift Ideas, Inc",2155554695,782 First Street,N/A,Philadelphia,PA,71270,USA,NA,Cervantes,Francisca,Small,2004,10,4,October,Q4,2004-10,NA,2586.64,1599.6,987.04,38.15915627996165,Low
10316,21,94.62,15,1987.02,2004-11-01,Shipped,4,11,2004,Ships,86,S18_3029,giftsbymail.co.uk,(198) 555-8888,Garden House Crowther Way,N/A,Cowes,Isle of Wight,PO31 7PJ,UK,EMEA,Bennett,Helen,Small,2004,11,4,November,Q4,2004-11,EMEA,1987.02,1083.6,903.4200000000001,45.46607482561827,Low
10327,25,45.86,5,1146.5,2004-11-10,Resolved,4,11,2004,Ships,86,S18_3029,Danish Wholesale Imports,31 12 3555,Vinb'ltet 34,N/A,Kobenhavn,N/A,1734,Denmark,EMEA,Petersen,Jytte,Small,2004,11,4,November,Q4,2004-11,EMEA,1146.5,1290.0,-143.5,-12.516354121238551,Low
10338,28,82.58,3,2312.24,2004-11-22,Shipped,4,11,2004,Ships,86,S18_3029,Royale Belge,(071) 23 67 2555,"Boulevard Tirou, 255",N/A,Charleroi,N/A,B-6000,Belgium,EMEA,Cartrain,Pascale,Small,2004,11,4,November,Q4,2004-11,EMEA,2312.24,1444.8,867.4399999999998,37.51513683700654,Low
10350,43,64.97,6,2793.71,2004-12-02,Shipped,4,12,2004,Ships,86,S18_3029,Euro Shopping Channel,(91) 555 94 44,"C/ Moralzarzal, 86",N/A,Madrid,N/A,28034,Spain,EMEA,Freyre,Diego,Small,2004,12,4,December,Q4,2004-12,EMEA,2793.71,2218.7999999999997,574.9100000000003,20.578728643989542,Low
10373,22,86.74,5,1908.28,2005-01-31,Shipped,1,1,2005,Ships,86,S18_3029,"Oulu Toy Supplies, Inc.",981-443655,Torikatu 38,N/A,Oulu,N/A,90110,Finland,EMEA,Koskitalo,Pirkko,Small,2005,1,1,January,Q1,2005-01,EMEA,1908.28,1135.2,773.0799999999999,40.51187456767351,Low
10386,37,93.01,5,3441.37,2005-03-01,Resolved,1,3,2005,Ships,86,S18_3029,Euro Shopping Channel,(91) 555 94 44,"C/ Moralzarzal, 86",N/A,Madrid,N/A,28034,Spain,EMEA,Freyre,Diego,Medium,2005,3,1,March,Q1,2005-03,EMEA,3441.37,1909.1999999999998,1532.17,44.522094398451785,Medium
10398,28,72.26,18,2023.28,2005-03-30,Shipped,1,3,2005,Ships,86,S18_3029,Reims Collectables,26.47.1555,59 rue de l'Abbaye,N/A,Reims,N/A,51100,France,EMEA,Henriot,Paul,Small,2005,3,1,March,Q1,2005-03,EMEA,2023.28,1444.8,578.48,28.591198450041517,Low
10400,30,74.84,7,2245.2,2005-04-01,Shipped,2,4,2005,Ships,86,S18_3029,The Sharp Gifts Warehouse,4085553659,3086 Ingle Ln.,N/A,San Jose,CA,94217,USA,NA,Frick,Sue,Small,2005,4,2,April,Q2,2005-04,NA,2245.2,1548.0,697.1999999999998,31.052912880812393,Low
10414,44,73.98,1,3255.12,2005-05-06,On Hold,2,5,2005,Ships,86,S18_3029,Gifts4AllAges.com,6175559555,8616 Spinnaker Dr.,N/A,Boston,MA,51003,USA,NA,Yoshido,Juri,Medium,2005,5,2,May,Q2,2005-05,NA,3255.12,2270.4,984.7199999999998,30.251419302514186,Medium
10103,25,100.0,13,2539.5,2003-01-29,Shipped,1,1,2003,Vintage Cars,104,S18_3136,Baane Mini Imports,07-98 9555,Erling Skakkes gate 78,N/A,Stavern,N/A,4110,Norway,EMEA,Bergulfsen,Jonas,Small,2003,1,1,January,Q1,2003-01,EMEA,2539.5,1560.0,979.5,38.57058476077968,Low
10111,43,100.0,1,4818.15,2003-03-25,Shipped,1,3,2003,Vintage Cars,104,S18_3136,Mini Wheels Co.,6505555787,5557 North Pendale Street,N/A,San Francisco,CA,N/A,USA,NA,Murphy,Julie,Medium,2003,3,1,March,Q1,2003-03,NA,4818.15,2683.2,2134.95,44.310575635876845,Medium
10126,30,97.39,13,2921.7,2003-05-28,Shipped,2,5,2003,Vintage Cars,104,S18_3136,"Corrida Auto Replicas, Ltd",(91) 555 22 82,"C/ Araquil, 67",N/A,Madrid,N/A,28023,Spain,EMEA,Sommer,Mart¡n,Small,2003,5,2,May,Q2,2003-05,EMEA,2921.7,1872.0,1049.6999999999998,35.927713317589074,Low
10139,20,90.06,2,1801.2,2003-07-16,Shipped,3,7,2003,Vintage Cars,104,S18_3136,Souveniers And Things Co.,+61 2 9495 8555,"Monitor Money Building, 815 Pacific Hwy",Level 6,Chatswood,NSW,2067,Australia,APAC,Huxley,Adrian,Small,2003,7,3,July,Q3,2003-07,APAC,1801.2,1248.0,553.2,30.7128580946036,Low
10150,26,100.0,10,2804.36,2003-09-19,Shipped,3,9,2003,Vintage Cars,104,S18_3136,"Dragon Souveniers, Ltd.",+65 221 7555,"Bronz Sok., Bronz Apt. 3/6 Tesvikiye",N/A,Singapore,N/A,79903,Singapore,Japan,Natividad,Eric,Small,2003,9,3,September,Q3,2003-09,Japan,2804.36,1622.3999999999999,1181.9600000000003,42.14722788800297,Low
10163,40,100.0,3,4900.8,2003-10-20,Shipped,4,10,2003,Vintage Cars,104,S18_3136,Classic Legends Inc.,2125558493,5905 Pompton St.,Suite 750,NYC,NY,10022,USA,NA,Hernandez,Maria,Medium,2003,10,4,October,Q4,2003-10,NA,4900.8,2496.0,2404.8,49.069539666993144,Medium
10173,31,89.01,1,2759.31,2003-11-05,Shipped,4,11,2003,Vintage Cars,104,S18_3136,Rovelli Gifts,035-640555,Via Ludovico il Moro 22,N/A,Bergamo,N/A,24100,Italy,EMEA,Rovelli,Giovanni,Small,2003,11,4,November,Q4,2003-11,EMEA,2759.31,1934.3999999999999,824.9100000000001,29.89551735760027,Low
10183,22,100.0,10,2488.2,2003-11-13,Shipped,4,11,2003,Vintage Cars,104,S18_3136,"Classic Gift Ideas, Inc",2155554695,782 First Street,N/A,Philadelphia,PA,71270,USA,NA,Cervantes,Francisca,Small,2003,11,4,November,Q4,2003-11,NA,2488.2,1372.8,1115.3999999999999,44.82758620689655,Low
10193,23,100.0,2,2769.89,2003-11-21,Shipped,4,11,2003,Vintage Cars,104,S18_3136,"Australian Collectables, Ltd",61-9-3844-6555,7 Allen Street,N/A,Glen Waverly,Victoria,3150,Australia,APAC,Connery,Sean,Small,2003,11,4,November,Q4,2003-11,APAC,2769.89,1435.2,1334.6899999999998,48.18566802291787,Low
10206,30,100.0,8,3581.4,2003-12-05,Shipped,4,12,2003,Vintage Cars,104,S18_3136,Canadian Gift Exchange Network,(604) 555-3392,1900 Oak St.,N/A,Vancouver,BC,V3F 2K1,Canada,NA,Tannamuri,Yoshi,Medium,2003,12,4,December,Q4,2003-12,NA,3581.4,1872.0,1709.4,47.72993801306752,Medium
10215,49,100.0,5,5285.14,2004-01-29,Shipped,1,1,2004,Vintage Cars,104,S18_3136,West Coast Collectables Co.,3105553722,3675 Furth Circle,N/A,Burbank,CA,94019,USA,NA,Thompson,Steve,Medium,2004,1,1,January,Q1,2004-01,NA,5285.14,3057.6,2227.5400000000004,42.147227888002966,Medium
10228,31,100.0,4,3181.53,2004-03-10,Shipped,1,3,2004,Vintage Cars,104,S18_3136,Cambridge Collectables Co.,6175555555,4658 Baden Av.,N/A,Cambridge,MA,51247,USA,NA,Tseng,Kyung,Medium,2004,3,1,March,Q1,2004-03,NA,3181.53,1934.3999999999999,1247.1300000000003,39.19906460099387,Medium
10244,29,100.0,2,3340.51,2004-04-29,Shipped,2,4,2004,Vintage Cars,104,S18_3136,Euro Shopping Channel,(91) 555 94 44,"C/ Moralzarzal, 86",N/A,Madrid,N/A,28034,Spain,EMEA,Freyre,Diego,Medium,2004,4,2,April,Q2,2004-04,EMEA,3340.51,1809.6,1530.9100000000003,45.828630957548405,Medium
10257,37,84.82,2,3138.34,2004-06-14,Shipped,2,6,2004,Vintage Cars,104,S18_3136,The Sharp Gifts Warehouse,4085553659,3086 Ingle Ln.,N/A,San Jose,CA,94217,USA,NA,Frick,Sue,Medium,2004,6,2,June,Q2,2004-06,NA,3138.34,2308.7999999999997,829.5400000000004,26.43244517802406,Medium
10270,38,100.0,11,4775.08,2004-07-19,Shipped,3,7,2004,Vintage Cars,104,S18_3136,Souveniers And Things Co.,+61 2 9495 8555,"Monitor Money Building, 815 Pacific Hwy",Level 6,Chatswood,NSW,2067,Australia,APAC,Huxley,Adrian,Medium,2004,7,3,July,Q3,2004-07,APAC,4775.08,2371.2,2403.88,50.342193219799455,Medium
10280,29,100.0,4,3006.43,2004-08-17,Shipped,3,8,2004,Vintage Cars,104,S18_3136,Amica Models & Co.,011-4988555,Via Monte Bianco 34,N/A,Torino,N/A,10100,Italy,EMEA,Accorti,Paolo,Medium,2004,8,3,August,Q3,2004-08,EMEA,3006.43,1809.6,1196.83,39.80900935661233,Medium
10291,23,100.0,13,2866.26,2004-09-08,Shipped,3,9,2004,Vintage Cars,104,S18_3136,Scandinavian Gift Ideas,0695-34 6555,?kergatan 24,N/A,Boras,N/A,S-844 67,Sweden,EMEA,Larsson,Maria,Small,2004,9,3,September,Q3,2004-09,EMEA,2866.26,1435.2,1431.0600000000002,49.92778045257583,Low
10304,26,85.87,8,2232.62,2004-10-11,Shipped,4,10,2004,Vintage Cars,104,S18_3136,Auto Assoc. & Cie.,30.59.8555,"67, avenue de l'Europe",N/A,Versailles,N/A,78000,France,EMEA,Tonini,Daniel,Small,2004,10,4,October,Q4,2004-10,EMEA,2232.62,1622.3999999999999,610.22,27.332013508792365,Low
10312,38,100.0,5,4457.02,2004-10-21,Shipped,4,10,2004,Vintage Cars,104,S18_3136,Mini Gifts Distributors Ltd.,4155551450,5677 Strong St.,N/A,San Rafael,CA,97562,USA,NA,Nelson,Valarie,Medium,2004,10,4,October,Q4,2004-10,NA,4457.02,2371.2,2085.8200000000006,46.7985335493222,Medium
10322,48,47.04,7,2257.92,2004-11-04,Shipped,4,11,2004,Vintage Cars,104,S18_3136,Online Diecast Creations Co.,6035558647,2304 Long Airport Avenue,N/A,Nashua,NH,62005,USA,NA,Young,Valarie,Small,2004,11,4,November,Q4,2004-11,NA,2257.92,2995.2,-737.2799999999997,-32.65306122448978,Low
10332,40,39.8,18,1592.0,2004-11-17,Shipped,4,11,2004,Vintage Cars,104,S18_3136,"AV Stores, Co.",(171) 555-1555,Fauntleroy Circus,N/A,Manchester,N/A,EC2 5NT,UK,EMEA,Ashworth,Victoria,Small,2004,11,4,November,Q4,2004-11,EMEA,1592.0,2496.0,-904.0,-56.78391959798995,Low
10347,45,100.0,11,4948.2,2004-11-29,Shipped,4,11,2004,Vintage Cars,104,S18_3136,"Australian Collectors, Co.",03 9520 4555,636 St Kilda Road,Level 3,Melbourne,Victoria,3004,Australia,APAC,Ferguson,Peter,Medium,2004,11,4,November,Q4,2004-11,APAC,4948.2,2808.0,2140.2,43.25209166969807,Medium
10357,44,100.0,4,5160.76,2004-12-10,Shipped,4,12,2004,Vintage Cars,104,S18_3136,Mini Gifts Distributors Ltd.,4155551450,5677 Strong St.,N/A,San Rafael,CA,97562,USA,NA,Nelson,Valarie,Medium,2004,12,4,December,Q4,2004-12,NA,5160.76,2745.6,2415.1600000000003,46.798533549322194,Medium
10369,21,94.22,5,1978.62,2005-01-20,Shipped,1,1,2005,Vintage Cars,104,S18_3136,Collectables For Less Inc.,6175558555,7825 Douglas Av.,N/A,Brickhaven,MA,58339,USA,NA,Nelson,Allen,Small,2005,1,1,January,Q1,2005-01,NA,1978.62,1310.3999999999999,668.22,33.77202292506899,Low
10381,35,100.0,5,4288.2,2005-02-17,Shipped,1,2,2005,Vintage Cars,104,S18_3136,Corporate Gift Ideas Co.,6505551386,7734 Strong St.,N/A,San Francisco,CA,N/A,USA,NA,Brown,Julie,Medium,2005,2,1,February,Q1,2005-02,NA,4288.2,2184.0,2104.2,49.06953966699314,Medium
10392,29,86.92,2,2520.68,2005-03-10,Shipped,1,3,2005,Vintage Cars,104,S18_3136,Mini Auto Werke,7675-3555,Kirchgasse 6,N/A,Graz,N/A,8010,Austria,EMEA,Mendel,Roland,Small,2005,3,1,March,Q1,2005-03,EMEA,2520.68,1809.6,711.0799999999999,28.209848136217207,Low
10423,21,84.82,2,1781.22,2005-05-30,In Process,2,5,2005,Vintage Cars,104,S18_3136,Petit Auto,(02) 5554 67,Rue Joseph-Bens 532,N/A,Bruxelles,N/A,B-1180,Belgium,EMEA,Dewey,Catherine,Small,2005,5,2,May,Q2,2005-05,EMEA,1781.22,1310.3999999999999,470.82000000000016,26.43244517802406,Low
10105,22,100.0,11,3065.04,2003-02-11,Shipped,1,2,2003,Vintage Cars,136,S18_3140,Danish Wholesale Imports,31 12 3555,Vinb'ltet 34,N/A,Kobenhavn,N/A,1734,Denmark,EMEA,Petersen,Jytte,Medium,2003,2,1,February,Q1,2003-02,EMEA,3065.04,1795.2,1269.84,41.42980189491817,Medium
10117,26,100.0,5,3551.34,2003-04-16,Shipped,2,4,2003,Vintage Cars,136,S18_3140,"Dragon Souveniers, Ltd.",+65 221 7555,"Bronz Sok., Bronz Apt. 3/6 Tesvikiye",N/A,Singapore,N/A,79903,Singapore,Japan,Natividad,Eric,Medium,2003,4,2,April,Q2,2003-04,Japan,3551.34,2121.6,1429.7400000000002,40.25916977816825,Medium
10128,41,100.0,2,5544.02,2003-06-06,Shipped,2,6,2003,Vintage Cars,136,S18_3140,Euro Shopping Channel,(91) 555 94 44,"C/ Moralzarzal, 86",N/A,Madrid,N/A,28034,Spain,EMEA,Freyre,Diego,Medium,2003,6,2,June,Q2,2003-06,EMEA,5544.02,3345.6,2198.4200000000005,39.65389735246266,Medium
10142,47,100.0,8,6034.33,2003-08-08,Shipped,3,8,2003,Vintage Cars,136,S18_3140,Mini Gifts Distributors Ltd.,4155551450,5677 Strong St.,N/A,San Rafael,CA,97562,USA,NA,Nelson,Valarie,Medium,2003,8,3,August,Q3,2003-08,NA,6034.33,3835.2,2199.13,36.44364825921022,High
10153,31,100.0,7,3641.57,2003-09-28,Shipped,3,9,2003,Vintage Cars,136,S18_3140,Euro Shopping Channel,(91) 555 94 44,"C/ Moralzarzal, 86",N/A,Madrid,N/A,28034,Spain,EMEA,Freyre,Diego,Medium,2003,9,3,September,Q3,2003-09,EMEA,3641.57,2529.6,1111.9700000000003,30.535455861070915,Medium
10166,43,100.0,2,6930.74,2003-10-21,Shipped,4,10,2003,Vintage Cars,136,S18_3140,FunGiftIdeas.com,5085552555,1785 First Street,N/A,New Bedford,MA,50553,USA,NA,Benitez,Violeta,Medium,2003,10,4,October,Q4,2003-10,NA,6930.74,3508.7999999999997,3421.94,49.37337138602805,High
10177,23,100.0,9,3675.63,2003-11-07,Shipped,4,11,2003,Vintage Cars,136,S18_3140,CAF Imports,+34 913 728 555,"Merchants House, 27-30 Merchant's Quay",N/A,Madrid,N/A,28023,Spain,EMEA,Fernandez,Jesus,Medium,2003,11,4,November,Q4,2003-11,EMEA,3675.63,1876.8,1798.8300000000002,48.939365496527124,Medium
10185,28,100.0,9,3442.04,2003-11-14,Shipped,4,11,2003,Vintage Cars,136,S18_3140,Mini Creations Ltd.,5085559555,4575 Hillside Dr.,N/A,New Bedford,MA,50553,USA,NA,Tam,Wing C,Medium,2003,11,4,November,Q4,2003-11,NA,3442.04,2284.7999999999997,1157.2400000000002,33.620759781989754,Medium
10196,49,100.0,1,6893.81,2003-11-26,Shipped,4,11,2003,Vintage Cars,136,S18_3140,Super Scale Inc.,2035559545,567 North Pendale Street,N/A,New Haven,CT,97823,USA,NA,Murphy,Leslie,Medium,2003,11,4,November,Q4,2003-11,NA,6893.81,3998.3999999999996,2895.4100000000008,42.00014215651433,High
10208,24,100.0,9,2622.48,2004-01-02,Shipped,1,1,2004,Vintage Cars,136,S18_3140,"Saveley & Henriot, Co.",78.32.5555,"2, rue du Commerce",N/A,Lyon,N/A,69004,France,EMEA,Saveley,Mary,Small,2004,1,1,January,Q1,2004-01,EMEA,2622.48,1958.3999999999999,664.0800000000002,25.322595405875358,Low
10221,33,100.0,3,4417.38,2004-02-18,Shipped,1,2,2004,Vintage Cars,136,S18_3140,Petit Auto,(02) 5554 67,Rue Joseph-Bens 532,N/A,Bruxelles,N/A,B-1180,Belgium,EMEA,Dewey,Catherine,Medium,2004,2,1,February,Q1,2004-02,EMEA,4417.38,2692.7999999999997,1724.5800000000004,39.04078888390857,Medium
10232,22,100.0,6,3606.02,2004-03-20,Shipped,1,3,2004,Vintage Cars,136,S18_3140,giftsbymail.co.uk,(198) 555-8888,Garden House Crowther Way,N/A,Cowes,Isle of Wight,PO31 7PJ,UK,EMEA,Bennett,Helen,Medium,2004,3,1,March,Q1,2004-03,EMEA,3606.02,1795.2,1810.82,50.21658227075834,Medium
10248,32,100.0,12,3802.56,2004-05-07,Cancelled,2,5,2004,Vintage Cars,136,S18_3140,Land of Toys Inc.,2125557818,897 Long Airport Avenue,N/A,NYC,NY,10022,USA,NA,Yu,Kwai,Medium,2004,5,2,May,Q2,2004-05,NA,3802.56,2611.2,1191.3600000000001,31.330472103004297,Medium
10273,40,100.0,13,5026.4,2004-07-21,Shipped,3,7,2004,Vintage Cars,136,S18_3140,Petit Auto,(02) 5554 67,Rue Joseph-Bens 532,N/A,Bruxelles,N/A,B-1180,Belgium,EMEA,Dewey,Catherine,Medium,2004,7,3,July,Q3,2004-07,EMEA,5026.4,3264.0,1762.3999999999996,35.062868056660825,Medium
10282,43,100.0,1,6695.53,2004-08-20,Shipped,3,8,2004,Vintage Cars,136,S18_3140,Mini Gifts Distributors Ltd.,4155551450,5677 Strong St.,N/A,San Rafael,CA,97562,USA,NA,Nelson,Valarie,Medium,2004,8,3,August,Q3,2004-08,NA,6695.53,3508.7999999999997,3186.73,47.59488793269539,High
10293,24,100.0,4,2819.28,2004-09-09,Shipped,3,9,2004,Vintage Cars,136,S18_3140,Amica Models & Co.,011-4988555,Via Monte Bianco 34,N/A,Torino,N/A,10100,Italy,EMEA,Accorti,Paolo,Small,2004,9,3,September,Q3,2004-09,EMEA,2819.28,1958.3999999999999,860.8800000000003,30.535455861070922,Low
10306,32,100.0,9,3759.04,2004-10-14,Shipped,4,10,2004,Vintage Cars,136,S18_3140,"AV Stores, Co.",(171) 555-1555,Fauntleroy Circus,N/A,Manchester,N/A,EC2 5NT,UK,EMEA,Ashworth,Victoria,Medium,2004,10,4,October,Q4,2004-10,EMEA,3759.04,2611.2,1147.8400000000001,30.535455861070915,Medium
10314,20,100.0,1,2731.8,2004-10-22,Shipped,4,10,2004,Vintage Cars,136,S18_3140,Heintze Collectables,86 21 3555,Smagsloget 45,N/A,Aaarhus,N/A,8200,Denmark,EMEA,Ibsen,Palle,Small,2004,10,4,October,Q4,2004-10,EMEA,2731.8,1632.0,1099.8000000000002,40.25916977816825,Low
10325,24,69.12,9,1658.88,2004-11-05,Shipped,4,11,2004,Vintage Cars,136,S18_3140,Baane Mini Imports,07-98 9555,Erling Skakkes gate 78,N/A,Stavern,N/A,4110,Norway,EMEA,Bergulfsen,Jonas,Small,2004,11,4,November,Q4,2004-11,EMEA,1658.88,1958.3999999999999,-299.51999999999975,-18.05555555555554,Low
10336,48,100.0,12,5778.24,2004-11-20,Shipped,4,11,2004,Vintage Cars,136,S18_3140,"La Corne D'abondance, Co.",(1) 42.34.2555,"265, boulevard Charonne",N/A,Paris,N/A,75012,France,EMEA,Bertrand,Marie,Medium,2004,11,4,November,Q4,2004-11,EMEA,5778.24,3916.7999999999997,1861.44,32.214653596943016,Medium
10350,44,100.0,1,5191.12,2004-12-02,Shipped,4,12,2004,Vintage Cars,136,S18_3140,Euro Shopping Channel,(91) 555 94 44,"C/ Moralzarzal, 86",N/A,Madrid,N/A,28034,Spain,EMEA,Freyre,Diego,Medium,2004,12,4,December,Q4,2004-12,EMEA,5191.12,3590.4,1600.7199999999998,30.835734870317,Medium
10372,28,100.0,3,3862.88,2005-01-26,Shipped,1,1,2005,Vintage Cars,136,S18_3140,"Tokyo Collectables, Ltd",+81 3 3584 0555,2-2-8 Roppongi,N/A,Minato-ku,Tokyo,106-0032,Japan,Japan,Shimamura,Akiko,Medium,2005,1,1,January,Q1,2005-01,Japan,3862.88,2284.7999999999997,1578.0800000000004,40.85242099159178,Medium
10383,24,61.52,9,1476.48,2005-02-22,Shipped,1,2,2005,Vintage Cars,136,S18_3140,Euro Shopping Channel,(91) 555 94 44,"C/ Moralzarzal, 86",N/A,Madrid,N/A,28034,Spain,EMEA,Freyre,Diego,Small,2005,2,1,February,Q1,2005-02,EMEA,1476.48,1958.3999999999999,-481.91999999999985,-32.639791937581265,Low
10396,33,100.0,2,5273.73,2005-03-23,Shipped,1,3,2005,Vintage Cars,136,S18_3140,Mini Gifts Distributors Ltd.,4155551450,5677 Strong St.,N/A,San Rafael,CA,97562,USA,NA,Nelson,Valarie,Medium,2005,3,1,March,Q1,2005-03,NA,5273.73,2692.7999999999997,2580.93,48.939365496527124,Medium
10414,41,100.0,12,4872.03,2005-05-06,On Hold,2,5,2005,Vintage Cars,136,S18_3140,Gifts4AllAges.com,6175559555,8616 Spinnaker Dr.,N/A,Boston,MA,51003,USA,NA,Yoshido,Juri,Medium,2005,5,2,May,Q2,2005-05,NA,4872.03,3345.6,1526.4299999999998,31.330472103004293,Medium
10104,23,100.0,13,4556.99,2003-01-31,Shipped,1,1,2003,Classic Cars,169,S18_3232,Euro Shopping Channel,(91) 555 94 44,"C/ Moralzarzal, 86",N/A,Madrid,N/A,28034,Spain,EMEA,Freyre,Diego,Medium,2003,1,1,January,Q1,2003-01,EMEA,4556.99,2332.2,2224.79,48.82148084590926,Medium
10109,46,100.0,5,8257.0,2003-03-10,Shipped,1,3,2003,Classic Cars,169,S18_3232,Motor Mint Distributors Inc.,2155559857,11328 Douglas Av.,N/A,Philadelphia,PA,71270,USA,NA,Hernandez,Rosa,Large,2003,3,1,March,Q1,2003-03,NA,8257.0,4664.4,3592.6000000000004,43.50974930362118,High
10114,48,100.0,4,8209.44,2003-04-01,Shipped,2,4,2003,Classic Cars,169,S18_3232,"La Corne D'abondance, Co.",(1) 42.34.2555,"265, boulevard Charonne",N/A,Paris,N/A,75012,France,EMEA,Bertrand,Marie,Large,2003,4,2,April,Q2,2003-04,EMEA,8209.44,4867.2,3342.2400000000007,40.71215576214699,High
10122,25,100.0,3,3598.5,2003-05-08,Shipped,2,5,2003,Classic Cars,169,S18_3232,Marseille Mini Autos,91.24.4555,"12, rue des Bouchers",N/A,Marseille,N/A,13008,France,EMEA,Lebihan,Laurence,Medium,2003,5,2,May,Q2,2003-05,EMEA,3598.5,2535.0,1063.5,29.553980825343896,Medium
10127,22,100.0,15,3837.24,2003-06-03,Shipped,2,6,2003,Classic Cars,169,S18_3232,Muscle Machine Inc,2125557413,4092 Furth Circle,Suite 400,NYC,NY,10022,USA,NA,Young,Jeff,Medium,2003,6,2,June,Q2,2003-06,NA,3837.24,2230.7999999999997,1606.44,41.86446508427933,Medium
10136,41,100.0,3,8331.61,2003-07-04,Shipped,3,7,2003,Classic Cars,169,S18_3232,Alpha Cognac,61.77.6555,1 rue Alsace-Lorraine,N/A,Toulouse,N/A,31000,France,EMEA,Roulet,Annette,Large,2003,7,3,July,Q3,2003-07,EMEA,8331.61,4157.4,4174.210000000001,50.1008808621623,High
10141,34,100.0,9,4836.5,2003-08-01,Shipped,3,8,2003,Classic Cars,169,S18_3232,Suominen Souveniers,+358 9 8045 555,"Software Engineering Center, SEC Oy",N/A,Espoo,N/A,FIN-02271,Finland,EMEA,Suominen,Kalle,Medium,2003,8,3,August,Q3,2003-08,EMEA,4836.5,3447.6,1388.9,28.717047451669597,Medium
10148,32,100.0,14,5418.88,2003-09-11,Shipped,3,9,2003,Classic Cars,169,S18_3232,"Anna's Decorations, Ltd",02 9936 8555,201 Miller Street,Level 15,North Sydney,NSW,2060,Australia,APAC,O'Hara,Anna,Medium,2003,9,3,September,Q3,2003-09,APAC,5418.88,3244.7999999999997,2174.0800000000004,40.12046769812213,Medium
10151,21,100.0,7,3734.01,2003-09-21,Shipped,3,9,2003,Classic Cars,169,S18_3232,"Oulu Toy Supplies, Inc.",981-443655,Torikatu 38,N/A,Oulu,N/A,90110,Finland,EMEA,Koskitalo,Pirkko,Medium,2003,9,3,September,Q3,2003-09,EMEA,3734.01,2129.4,1604.6100000000001,42.97283617344356,Medium
10160,20,100.0,1,3996.4,2003-10-11,Shipped,4,10,2003,Classic Cars,169,S18_3232,"Men 'R' US Retailers, Ltd.",2155554369,6047 Douglas Av.,N/A,Los Angeles,CA,N/A,USA,NA,Chandler,Michael,Medium,2003,10,4,October,Q4,2003-10,NA,3996.4,2028.0,1968.4,49.254328896006406,Medium
10165,47,100.0,16,8754.69,2003-10-22,Shipped,4,10,2003,Classic Cars,169,S18_3232,"Dragon Souveniers, Ltd.",+65 221 7555,"Bronz Sok., Bronz Apt. 3/6 Tesvikiye",N/A,Singapore,N/A,79903,Singapore,Japan,Natividad,Eric,Large,2003,10,4,October,Q4,2003-10,Japan,8754.69,4765.8,3988.8900000000003,45.56289257529393,High
10171,39,100.0,3,5481.45,2003-11-05,Shipped,4,11,2003,Classic Cars,169,S18_3232,Quebec Home Shopping Network,(514) 555-8054,43 rue St. Laurent,N/A,Montreal,Quebec,H1J 1C3,Canada,NA,Fresnisre,Jean,Medium,2003,11,4,November,Q4,2003-11,NA,5481.45,3954.6,1526.85,27.854855923159015,Medium
10175,29,100.0,5,4419.89,2003-11-06,Shipped,4,11,2003,Classic Cars,169,S18_3232,"Stylish Desk Decors, Co.",(171) 555-0297,35 King George,N/A,London,N/A,WX3 6FW,UK,EMEA,Brown,Ann,Medium,2003,11,4,November,Q4,2003-11,EMEA,4419.89,2940.6,1479.2900000000004,33.4689324847451,Medium
10181,45,100.0,7,6324.75,2003-11-12,Shipped,4,11,2003,Classic Cars,169,S18_3232,Herkku Gifts,+47 2267 3215,"Drammen 121, PR 744 Sentrum",N/A,Bergen,N/A,N 5804,Norway,EMEA,Oeztan,Veysel,Medium,2003,11,4,November,Q4,2003-11,EMEA,6324.75,4563.0,1761.75,27.854855923159015,High
10184,28,100.0,10,4409.72,2003-11-14,Shipped,4,11,2003,Classic Cars,169,S18_3232,"Iberia Gift Imports, Corp.",(95) 555 82 82,"C/ Romero, 33",N/A,Sevilla,N/A,41101,Spain,EMEA,Roel,Jose Pedro,Medium,2003,11,4,November,Q4,2003-11,EMEA,4409.72,2839.2,1570.5200000000004,35.61495967997969,Medium
10192,26,100.0,12,3918.46,2003-11-20,Shipped,4,11,2003,Classic Cars,169,S18_3232,Online Diecast Creations Co.,6035558647,2304 Long Airport Avenue,N/A,Nashua,NH,62005,USA,NA,Young,Valarie,Medium,2003,11,4,November,Q4,2003-11,NA,3918.46,2636.4,1282.06,32.718465927941075,Medium
10195,50,100.0,10,7620.5,2003-11-25,Shipped,4,11,2003,Classic Cars,169,S18_3232,Mini Classics,9145554562,3758 North Pendale Street,N/A,White Plains,NY,24067,USA,NA,Frick,Steve,Large,2003,11,4,November,Q4,2003-11,NA,7620.5,5070.0,2550.5,33.468932484745096,High
10203,48,100.0,1,8291.04,2003-12-02,Shipped,4,12,2003,Classic Cars,169,S18_3232,Euro Shopping Channel,(91) 555 94 44,"C/ Moralzarzal, 86",N/A,Madrid,N/A,28034,Spain,EMEA,Freyre,Diego,Large,2003,12,4,December,Q4,2003-12,EMEA,8291.04,4867.2,3423.840000000001,41.2956637526776,High
10207,25,100.0,11,3937.25,2003-12-09,Shipped,4,12,2003,Classic Cars,169,S18_3232,Diecast Collectables,6175552555,6251 Ingle Ln.,N/A,Boston,MA,51003,USA,NA,Franco,Valarie,Medium,2003,12,4,December,Q4,2003-12,NA,3937.25,2535.0,1402.25,35.61495967997968,Medium
10212,40,100.0,11,5554.4,2004-01-16,Shipped,1,1,2004,Classic Cars,169,S18_3232,Euro Shopping Channel,(91) 555 94 44,"C/ Moralzarzal, 86",N/A,Madrid,N/A,28034,Spain,EMEA,Freyre,Diego,Medium,2004,1,1,January,Q1,2004-01,EMEA,5554.4,4056.0,1498.3999999999996,26.976811176724752,Medium
10225,43,100.0,2,6407.86,2004-02-22,Shipped,1,2,2004,Classic Cars,169,S18_3232,"Vida Sport, Ltd",0897-034555,Grenzacherweg 237,N/A,Gensve,N/A,1203,Switzerland,EMEA,Holz,Michael,Medium,2004,2,1,February,Q1,2004-02,EMEA,6407.86,4360.2,2047.6599999999999,31.955442222520464,High
10229,22,100.0,5,4172.52,2004-03-11,Shipped,1,3,2004,Classic Cars,169,S18_3232,Mini Gifts Distributors Ltd.,4155551450,5677 Strong St.,N/A,San Rafael,CA,97562,USA,NA,Nelson,Valarie,Medium,2004,3,1,March,Q1,2004-03,NA,4172.52,2230.7999999999997,1941.7200000000007,46.53590635874724,Medium
10239,47,100.0,1,7083.37,2004-04-12,Shipped,2,4,2004,Classic Cars,169,S18_3232,"Oulu Toy Supplies, Inc.",981-443655,Torikatu 38,N/A,Oulu,N/A,90110,Finland,EMEA,Koskitalo,Pirkko,Large,2004,4,2,April,Q2,2004-04,EMEA,7083.37,4765.8,2317.5699999999997,32.718465927941075,High
10246,36,100.0,9,7132.68,2004-05-05,Shipped,2,5,2004,Classic Cars,169,S18_3232,Euro Shopping Channel,(91) 555 94 44,"C/ Moralzarzal, 86",N/A,Madrid,N/A,28034,Spain,EMEA,Freyre,Diego,Large,2004,5,2,May,Q2,2004-05,EMEA,7132.68,3650.4,3482.28,48.82148084590926,High
10253,40,100.0,6,6773.6,2004-06-01,Cancelled,2,6,2004,Classic Cars,169,S18_3232,"UK Collectables, Ltd.",(171) 555-2282,Berkeley Gardens 12  Brewery,N/A,Liverpool,N/A,WX1 6LT,UK,EMEA,Devon,Elizabeth,Medium,2004,6,2,June,Q2,2004-06,EMEA,6773.6,4056.0,2717.6000000000004,40.12046769812213,High
10259,27,100.0,8,3657.69,2004-06-15,Shipped,2,6,2004,Classic Cars,169,S18_3232,Handji Gifts& Co,+65 224 1555,Village Close - 106 Linden Road Sandown,2nd Floor,Singapore,N/A,69045,Singapore,APAC,Victorino,Wendy,Medium,2004,6,2,June,Q2,2004-06,APAC,3657.69,2737.7999999999997,919.8900000000003,25.149479589577034,Medium
10266,29,100.0,7,4812.55,2004-07-06,Shipped,3,7,2004,Classic Cars,169,S18_3232,L'ordine Souveniers,0522-556555,Strada Provinciale 124,N/A,Reggio Emilia,N/A,42100,Italy,EMEA,Moroni,Maurizio,Medium,2004,7,3,July,Q3,2004-07,EMEA,4812.55,2940.6,1871.9500000000003,38.897258210304315,Medium
10271,20,100.0,9,3928.6,2004-07-20,Shipped,3,7,2004,Classic Cars,169,S18_3232,Mini Gifts Distributors Ltd.,4155551450,5677 Strong St.,N/A,San Rafael,CA,97562,USA,NA,Nelson,Valarie,Medium,2004,7,3,July,Q3,2004-07,NA,3928.6,2028.0,1900.6,48.37855724685639,Medium
10278,42,100.0,7,6401.22,2004-08-06,Shipped,3,8,2004,Classic Cars,169,S18_3232,Signal Gift Stores,7025551838,8489 Strong St.,N/A,Las Vegas,NV,83030,USA,NA,King,Sue,Medium,2004,8,3,August,Q3,2004-08,NA,6401.22,4258.8,2142.42,33.468932484745096,High
10281,25,100.0,5,4191.25,2004-08-19,Shipped,3,8,2004,Classic Cars,169,S18_3232,Diecast Classics Inc.,2155551555,7586 Pompton St.,N/A,Allentown,PA,70267,USA,NA,Yu,Kyung,Medium,2004,8,3,August,Q3,2004-08,NA,4191.25,2535.0,1656.25,39.51685058156875,Medium
10287,36,100.0,5,5852.52,2004-08-30,Shipped,3,8,2004,Classic Cars,169,S18_3232,"Vida Sport, Ltd",0897-034555,Grenzacherweg 237,N/A,Gensve,N/A,1203,Switzerland,EMEA,Holz,Michael,Medium,2004,8,3,August,Q3,2004-08,EMEA,5852.52,3650.4,2202.1200000000003,37.626868425908846,Medium
10292,21,100.0,12,2844.87,2004-09-08,Shipped,3,9,2004,Classic Cars,169,S18_3232,Land of Toys Inc.,2125557818,897 Long Airport Avenue,N/A,NYC,NY,10022,USA,NA,Yu,Kwai,Small,2004,9,3,September,Q3,2004-09,NA,2844.87,2129.4,715.4699999999998,25.149479589577023,Low
10301,23,100.0,9,4011.66,2003-10-05,Shipped,4,10,2003,Classic Cars,169,S18_3232,"Norway Gifts By Mail, Co.",+47 2212 1555,"Drammensveien 126 A, PB 744 Sentrum",N/A,Oslo,N/A,N 0106,Norway,EMEA,Klaeboe,Jan,Medium,2003,10,4,October,Q4,2003-10,EMEA,4011.66,2332.2,1679.46,41.86446508427933,Medium
10305,37,100.0,9,7455.87,2004-10-13,Shipped,4,10,2004,Classic Cars,169,S18_3232,Marta's Replicas Co.,6175558555,39323 Spinnaker Dr.,N/A,Cambridge,MA,51247,USA,NA,Hernandez,Marta,Large,2004,10,4,October,Q4,2004-10,NA,7455.87,3751.7999999999997,3704.07,49.679916629447675,High
10310,48,100.0,3,8940.96,2004-10-16,Shipped,4,10,2004,Classic Cars,169,S18_3232,"Toms Spezialitten, Ltd",0221-5554327,Mehrheimerstr. 369,N/A,Koln,N/A,50739,Germany,EMEA,Pfalzheim,Henriette,Large,2004,10,4,October,Q4,2004-10,EMEA,8940.96,4867.2,4073.7599999999993,45.56289257529392,High
10313,25,100.0,3,4572.25,2004-10-22,Shipped,4,10,2004,Classic Cars,169,S18_3232,Canadian Gift Exchange Network,(604) 555-3392,1900 Oak St.,N/A,Vancouver,BC,V3F 2K1,Canada,NA,Tannamuri,Yoshi,Medium,2004,10,4,October,Q4,2004-10,NA,4572.25,2535.0,2037.25,44.55683744327191,Medium
10321,33,100.0,11,5700.09,2004-11-04,Shipped,4,11,2004,Classic Cars,169,S18_3232,FunGiftIdeas.com,5085552555,1785 First Street,N/A,New Bedford,MA,50553,USA,NA,Benitez,Violeta,Medium,2004,11,4,November,Q4,2004-11,NA,5700.09,3346.2,2353.8900000000003,41.29566375267759,Medium
10324,27,100.0,12,3155.49,2004-11-05,Shipped,4,11,2004,Classic Cars,169,S18_3232,Vitachrome Inc.,2125551500,2678 Kingston Rd.,Suite 101,NYC,NY,10022,USA,NA,Frick,Michael,Medium,2004,11,4,November,Q4,2004-11,NA,3155.49,2737.7999999999997,417.69000000000005,13.23692992213571,Medium
10331,27,100.0,11,4170.69,2004-11-17,Shipped,4,11,2004,Classic Cars,169,S18_3232,Motor Mint Distributors Inc.,2155559857,11328 Douglas Av.,N/A,Philadelphia,PA,71270,USA,NA,Hernandez,Rosa,Medium,2004,11,4,November,Q4,2004-11,NA,4170.69,2737.7999999999997,1432.8899999999999,34.35618566711983,Medium
10334,20,100.0,3,2878.8,2004-11-19,On Hold,4,11,2004,Classic Cars,169,S18_3232,"Volvo Model Replicas, Co",0921-12 3555,Berguvsvgen  8,N/A,Lule,N/A,S-958 22,Sweden,EMEA,Berglund,Christina,Small,2004,11,4,November,Q4,2004-11,EMEA,2878.8,2028.0,850.8000000000002,29.553980825343896,Low
10342,30,100.0,4,5029.5,2004-11-24,Shipped,4,11,2004,Classic Cars,169,S18_3232,"Australian Collectors, Co.",03 9520 4555,636 St Kilda Road,Level 3,Melbourne,Victoria,3004,Australia,APAC,Ferguson,Peter,Medium,2004,11,4,November,Q4,2004-11,APAC,5029.5,3042.0,1987.5,39.51685058156875,Medium
10349,48,100.0,6,7396.8,2004-12-01,Shipped,4,12,2004,Classic Cars,169,S18_3232,Muscle Machine Inc,2125557413,4092 Furth Circle,Suite 400,NYC,NY,10022,USA,NA,Young,Jeff,Large,2004,12,4,December,Q4,2004-12,NA,7396.8,4867.2,2529.6000000000004,34.198572355613244,High
10358,32,93.49,12,2991.68,2004-12-10,Shipped,4,12,2004,Classic Cars,169,S18_3232,Euro Shopping Channel,(91) 555 94 44,"C/ Moralzarzal, 86",N/A,Madrid,N/A,28034,Spain,EMEA,Freyre,Diego,Small,2004,12,4,December,Q4,2004-12,EMEA,2991.68,3244.7999999999997,-253.1199999999999,-8.460797946304414,Low
10366,34,100.0,1,6275.72,2005-01-10,Shipped,1,1,2005,Classic Cars,169,S18_3232,Royale Belge,(071) 23 67 2555,"Boulevard Tirou, 255",N/A,Charleroi,N/A,B-6000,Belgium,EMEA,Cartrain,Pascale,Medium,2005,1,1,January,Q1,2005-01,EMEA,6275.72,3447.6,2828.1200000000003,45.06447069021563,High
10370,27,56.85,9,1534.95,2005-01-20,Shipped,1,1,2005,Classic Cars,169,S18_3232,"Anna's Decorations, Ltd",02 9936 8555,201 Miller Street,Level 15,North Sydney,NSW,2060,Australia,APAC,O'Hara,Anna,Small,2005,1,1,January,Q1,2005-01,APAC,1534.95,2737.7999999999997,-1202.8499999999997,-78.36411609498678,Low
10377,39,100.0,3,7264.53,2005-02-09,Shipped,1,2,2005,Classic Cars,169,S18_3232,"Toys of Finland, Co.",90-224 8555,Keskuskatu 45,N/A,Helsinki,N/A,21240,Finland,EMEA,Karttunen,Matti,Large,2005,2,1,February,Q1,2005-02,EMEA,7264.53,3954.6,3309.93,45.56289257529393,High
10383,47,100.0,6,6869.05,2005-02-22,Shipped,1,2,2005,Classic Cars,169,S18_3232,Euro Shopping Channel,(91) 555 94 44,"C/ Moralzarzal, 86",N/A,Madrid,N/A,28034,Spain,EMEA,Freyre,Diego,Medium,2005,2,1,February,Q1,2005-02,EMEA,6869.05,4765.8,2103.25,30.619226821758467,High
10394,22,100.0,5,3353.02,2005-03-15,Shipped,1,3,2005,Classic Cars,169,S18_3232,Euro Shopping Channel,(91) 555 94 44,"C/ Moralzarzal, 86",N/A,Madrid,N/A,28034,Spain,EMEA,Freyre,Diego,Medium,2005,3,1,March,Q1,2005-03,EMEA,3353.02,2230.7999999999997,1122.2200000000003,33.4689324847451,Medium
10405,55,100.0,1,8289.05,2005-04-14,Shipped,2,4,2005,Classic Cars,169,S18_3232,Mini Caravy,88.60.1555,"24, place Kluber",N/A,Strasbourg,N/A,67000,France,EMEA,Citeaux,Frederique,Large,2005,4,2,April,Q2,2005-04,EMEA,8289.05,5577.0,2712.0499999999993,32.71846592794107,High
10412,60,100.0,9,11887.8,2005-05-03,Shipped,2,5,2005,Classic Cars,169,S18_3232,Euro Shopping Channel,(91) 555 94 44,"C/ Moralzarzal, 86",N/A,Madrid,N/A,28034,Spain,EMEA,Freyre,Diego,Large,2005,5,2,May,Q2,2005-05,EMEA,11887.8,6084.0,5803.799999999999,48.82148084590925,High
10419,35,100.0,6,5926.9,2005-05-17,Shipped,2,5,2005,Classic Cars,169,S18_3232,Salzburg Collectables,6562-9555,Geislweg 14,N/A,Salzburg,N/A,5020,Austria,EMEA,Pipps,Georg,Medium,2005,5,2,May,Q2,2005-05,EMEA,5926.9,3549.0,2377.8999999999996,40.12046769812212,Medium
10425,28,100.0,8,3793.16,2005-05-31,In Process,2,5,2005,Classic Cars,169,S18_3232,La Rochelle Gifts,40.67.8555,"67, rue des Cinquante Otages",N/A,Nantes,N/A,44000,France,EMEA,Labrune,Janine,Medium,2005,5,2,May,Q2,2005-05,EMEA,3793.16,2839.2,953.96,25.149479589577027,Medium
10105,38,100.0,13,4330.1,2003-02-11,Shipped,1,2,2003,Trains,100,S18_3259,Danish Wholesale Imports,31 12 3555,Vinb'ltet 34,N/A,Kobenhavn,N/A,1734,Denmark,EMEA,Petersen,Jytte,Medium,2003,2,1,February,Q1,2003-02,EMEA,4330.1,2280.0,2050.1000000000004,47.34532689776218,Medium
10117,21,95.8,7,2011.8,2003-04-16,Shipped,2,4,2003,Trains,100,S18_3259,"Dragon Souveniers, Ltd.",+65 221 7555,"Bronz Sok., Bronz Apt. 3/6 Tesvikiye",N/A,Singapore,N/A,79903,Singapore,Japan,Natividad,Eric,Small,2003,4,2,April,Q2,2003-04,Japan,2011.8,1260.0,751.8,37.36951983298539,Low
10128,41,100.0,4,4837.18,2003-06-06,Shipped,2,6,2003,Trains,100,S18_3259,Euro Shopping Channel,(91) 555 94 44,"C/ Moralzarzal, 86",N/A,Madrid,N/A,28034,Spain,EMEA,Freyre,Diego,Medium,2003,6,2,June,Q2,2003-06,EMEA,4837.18,2460.0,2377.1800000000003,49.1439226987625,Medium
10142,22,97.81,10,2151.82,2003-08-08,Shipped,3,8,2003,Trains,100,S18_3259,Mini Gifts Distributors Ltd.,4155551450,5677 Strong St.,N/A,San Rafael,CA,97562,USA,NA,Nelson,Valarie,Small,2003,8,3,August,Q3,2003-08,NA,2151.82,1320.0,831.8200000000002,38.65657908189347,Low
10153,29,88.74,9,2573.46,2003-09-28,Shipped,3,9,2003,Trains,100,S18_3259,Euro Shopping Channel,(91) 555 94 44,"C/ Moralzarzal, 86",N/A,Madrid,N/A,28034,Spain,EMEA,Freyre,Diego,Small,2003,9,3,September,Q3,2003-09,EMEA,2573.46,1740.0,833.46,32.3867478025693,Low
10165,50,100.0,1,5344.5,2003-10-22,Shipped,4,10,2003,Trains,100,S18_3259,"Dragon Souveniers, Ltd.",+65 221 7555,"Bronz Sok., Bronz Apt. 3/6 Tesvikiye",N/A,Singapore,N/A,79903,Singapore,Japan,Natividad,Eric,Medium,2003,10,4,October,Q4,2003-10,Japan,5344.5,3000.0,2344.5,43.86752736458041,Medium
10177,29,100.0,11,3070.52,2003-11-07,Shipped,4,11,2003,Trains,100,S18_3259,CAF Imports,+34 913 728 555,"Merchants House, 27-30 Merchant's Quay",N/A,Madrid,N/A,28023,Spain,EMEA,Fernandez,Jesus,Medium,2003,11,4,November,Q4,2003-11,EMEA,3070.52,1740.0,1330.52,43.332074046089915,Medium
10185,49,80.67,11,3952.83,2003-11-14,Shipped,4,11,2003,Trains,100,S18_3259,Mini Creations Ltd.,5085559555,4575 Hillside Dr.,N/A,New Bedford,MA,50553,USA,NA,Tam,Wing C,Medium,2003,11,4,November,Q4,2003-11,NA,3952.83,2940.0,1012.8299999999999,25.622908144291557,Medium
10196,35,100.0,3,3564.75,2003-11-26,Shipped,4,11,2003,Trains,100,S18_3259,Super Scale Inc.,2035559545,567 North Pendale Street,N/A,New Haven,CT,97823,USA,NA,Murphy,Leslie,Medium,2003,11,4,November,Q4,2003-11,NA,3564.75,2100.0,1464.75,41.08983799705449,Medium
10208,48,100.0,11,5614.56,2004-01-02,Shipped,1,1,2004,Trains,100,S18_3259,"Saveley & Henriot, Co.",78.32.5555,"2, rue du Commerce",N/A,Lyon,N/A,69004,France,EMEA,Saveley,Mary,Medium,2004,1,1,January,Q1,2004-01,EMEA,5614.56,2880.0,2734.5600000000004,48.704796101564504,Medium
10221,23,80.67,5,1855.41,2004-02-18,Shipped,1,2,2004,Trains,100,S18_3259,Petit Auto,(02) 5554 67,Rue Joseph-Bens 532,N/A,Bruxelles,N/A,B-1180,Belgium,EMEA,Dewey,Catherine,Small,2004,2,1,February,Q1,2004-02,EMEA,1855.41,1380.0,475.4100000000001,25.62290814429156,Low
10232,48,95.8,8,4598.4,2004-03-20,Shipped,1,3,2004,Trains,100,S18_3259,giftsbymail.co.uk,(198) 555-8888,Garden House Crowther Way,N/A,Cowes,Isle of Wight,PO31 7PJ,UK,EMEA,Bennett,Helen,Medium,2004,3,1,March,Q1,2004-03,EMEA,4598.4,2880.0,1718.3999999999996,37.36951983298538,Medium
10248,42,100.0,14,5082.42,2004-05-07,Cancelled,2,5,2004,Trains,100,S18_3259,Land of Toys Inc.,2125557818,897 Long Airport Avenue,N/A,NYC,NY,10022,USA,NA,Yu,Kwai,Medium,2004,5,2,May,Q2,2004-05,NA,5082.42,2520.0,2562.42,50.417320882571694,Medium
10273,47,100.0,15,5450.59,2004-07-21,Shipped,3,7,2004,Trains,100,S18_3259,Petit Auto,(02) 5554 67,Rue Joseph-Bens 532,N/A,Bruxelles,N/A,B-1180,Belgium,EMEA,Dewey,Catherine,Medium,2004,7,3,July,Q3,2004-07,EMEA,5450.59,2820.0,2630.59,48.26248167629559,Medium
10282,36,100.0,3,4174.92,2004-08-20,Shipped,3,8,2004,Trains,100,S18_3259,Mini Gifts Distributors Ltd.,4155551450,5677 Strong St.,N/A,San Rafael,CA,97562,USA,NA,Nelson,Valarie,Medium,2004,8,3,August,Q3,2004-08,NA,4174.92,2160.0,2014.92,48.26248167629559,Medium
10293,22,100.0,6,2418.24,2004-09-09,Shipped,3,9,2004,Trains,100,S18_3259,Amica Models & Co.,011-4988555,Via Monte Bianco 34,N/A,Torino,N/A,10100,Italy,EMEA,Accorti,Paolo,Small,2004,9,3,September,Q3,2004-09,EMEA,2418.24,1320.0,1098.2399999999998,45.41484716157205,Low
10306,40,91.76,11,3670.4,2004-10-14,Shipped,4,10,2004,Trains,100,S18_3259,"AV Stores, Co.",(171) 555-1555,Fauntleroy Circus,N/A,Manchester,N/A,EC2 5NT,UK,EMEA,Ashworth,Victoria,Medium,2004,10,4,October,Q4,2004-10,EMEA,3670.4,2400.0,1270.4,34.612031386224935,Medium
10314,23,100.0,3,2481.7,2004-10-22,Shipped,4,10,2004,Trains,100,S18_3259,Heintze Collectables,86 21 3555,Smagsloget 45,N/A,Aaarhus,N/A,8200,Denmark,EMEA,Ibsen,Palle,Small,2004,10,4,October,Q4,2004-10,EMEA,2481.7,1380.0,1101.6999999999998,44.39295644114921,Low
10326,32,100.0,6,3807.68,2004-11-09,Shipped,4,11,2004,Trains,100,S18_3259,"Volvo Model Replicas, Co",0921-12 3555,Berguvsvgen  8,N/A,Lule,N/A,S-958 22,Sweden,EMEA,Berglund,Christina,Medium,2004,11,4,November,Q4,2004-11,EMEA,3807.68,1920.0,1887.6799999999998,49.575594587780486,Medium
10336,21,100.0,7,2230.41,2004-11-20,Shipped,4,11,2004,Trains,100,S18_3259,"La Corne D'abondance, Co.",(1) 42.34.2555,"265, boulevard Charonne",N/A,Paris,N/A,75012,France,EMEA,Bertrand,Marie,Small,2004,11,4,November,Q4,2004-11,EMEA,2230.41,1260.0,970.4099999999999,43.508144242538364,Low
10350,41,93.04,2,3814.64,2004-12-02,Shipped,4,12,2004,Trains,100,S18_3259,Euro Shopping Channel,(91) 555 94 44,"C/ Moralzarzal, 86",N/A,Madrid,N/A,28034,Spain,EMEA,Freyre,Diego,Medium,2004,12,4,December,Q4,2004-12,EMEA,3814.64,2460.0,1354.6399999999999,35.511607910576096,Medium
10372,25,84.71,5,2117.75,2005-01-26,Shipped,1,1,2005,Trains,100,S18_3259,"Tokyo Collectables, Ltd",+81 3 3584 0555,2-2-8 Roppongi,N/A,Minato-ku,Tokyo,106-0032,Japan,Japan,Shimamura,Akiko,Small,2005,1,1,January,Q1,2005-01,Japan,2117.75,1500.0,617.75,29.170109786329828,Low
10383,26,100.0,12,3340.48,2005-02-22,Shipped,1,2,2005,Trains,100,S18_3259,Euro Shopping Channel,(91) 555 94 44,"C/ Moralzarzal, 86",N/A,Madrid,N/A,28034,Spain,EMEA,Freyre,Diego,Medium,2005,2,1,February,Q1,2005-02,EMEA,3340.48,1560.0,1780.48,53.300124533001245,Medium
10396,24,89.75,4,2154.0,2005-03-23,Shipped,1,3,2005,Trains,100,S18_3259,Mini Gifts Distributors Ltd.,4155551450,5677 Strong St.,N/A,San Rafael,CA,97562,USA,NA,Nelson,Valarie,Small,2005,3,1,March,Q1,2005-03,NA,2154.0,1440.0,714.0,33.147632311977716,Low
10414,48,100.0,14,5808.48,2005-05-06,On Hold,2,5,2005,Trains,100,S18_3259,Gifts4AllAges.com,6175559555,8616 Spinnaker Dr.,N/A,Boston,MA,51003,USA,NA,Yoshido,Juri,Medium,2005,5,2,May,Q2,2005-05,NA,5808.48,2880.0,2928.4799999999996,50.41732088257168,Medium
10108,26,68.35,9,1777.1,2003-03-03,Shipped,1,3,2003,Classic Cars,80,S18_3278,Cruz & Sons Co.,+63 2 555 3587,15 McCallum Street - NatWest Center #13-03,N/A,Makati City,N/A,1227 MM,Philippines,Japan,Cruz,Arnold,Small,2003,3,1,March,Q1,2003-03,Japan,1777.1,1248.0,529.0999999999999,29.773226042428675,Low
10122,21,73.17,13,1536.57,2003-05-08,Shipped,2,5,2003,Classic Cars,80,S18_3278,Marseille Mini Autos,91.24.4555,"12, rue des Bouchers",N/A,Marseille,N/A,13008,France,EMEA,Lebihan,Laurence,Small,2003,5,2,May,Q2,2003-05,EMEA,1536.57,1008.0,528.5699999999999,34.39934399343993,Low
10135,45,78.0,10,3510.0,2003-07-02,Shipped,3,7,2003,Classic Cars,80,S18_3278,Mini Gifts Distributors Ltd.,4155551450,5677 Strong St.,N/A,San Rafael,CA,97562,USA,NA,Nelson,Valarie,Medium,2003,7,3,July,Q3,2003-07,NA,3510.0,2160.0,1350.0,38.46153846153847,Medium
10147,36,86.04,10,3097.44,2003-09-05,Shipped,3,9,2003,Classic Cars,80,S18_3278,Collectables For Less Inc.,6175558555,7825 Douglas Av.,N/A,Brickhaven,MA,58339,USA,NA,Nelson,Allen,Medium,2003,9,3,September,Q3,2003-09,NA,3097.44,1728.0,1369.44,44.21199442119944,Medium
10159,21,81.21,5,1705.41,2003-10-10,Shipped,4,10,2003,Classic Cars,80,S18_3278,Corporate Gift Ideas Co.,6505551386,7734 Strong St.,N/A,San Francisco,CA,N/A,USA,NA,Brown,Julie,Small,2003,10,4,October,Q4,2003-10,NA,1705.41,1008.0,697.4100000000001,40.89397857406723,Low
10169,32,70.76,5,2264.32,2003-11-04,Shipped,4,11,2003,Classic Cars,80,S18_3278,"Anna's Decorations, Ltd",02 9936 8555,201 Miller Street,Level 15,North Sydney,NSW,2060,Australia,APAC,O'Hara,Anna,Small,2003,11,4,November,Q4,2003-11,APAC,2264.32,1536.0,728.3200000000002,32.165065008479374,Low
10181,30,82.82,17,2484.6,2003-11-12,Shipped,4,11,2003,Classic Cars,80,S18_3278,Herkku Gifts,+47 2267 3215,"Drammen 121, PR 744 Sentrum",N/A,Bergen,N/A,N 5804,Norway,EMEA,Oeztan,Veysel,Small,2003,11,4,November,Q4,2003-11,EMEA,2484.6,1440.0,1044.6,42.042984786283505,Low
10191,36,94.88,6,3415.68,2003-11-20,Shipped,4,11,2003,Classic Cars,80,S18_3278,"Toms Spezialitten, Ltd",0221-5554327,Mehrheimerstr. 369,N/A,Koln,N/A,50739,Germany,EMEA,Pfalzheim,Henriette,Medium,2003,11,4,November,Q4,2003-11,EMEA,3415.68,1728.0,1687.6799999999998,49.4097807757167,Medium
10203,33,86.04,11,2839.32,2003-12-02,Shipped,4,12,2003,Classic Cars,80,S18_3278,Euro Shopping Channel,(91) 555 94 44,"C/ Moralzarzal, 86",N/A,Madrid,N/A,28034,Spain,EMEA,Freyre,Diego,Small,2003,12,4,December,Q4,2003-12,EMEA,2839.32,1584.0,1255.3200000000002,44.21199442119945,Low
10211,35,78.0,5,2730.0,2004-01-15,Shipped,1,1,2004,Classic Cars,80,S18_3278,Auto Canal Petit,(1) 47.55.6555,"25, rue Lauriston",N/A,Paris,N/A,75016,France,EMEA,Perrier,Dominique,Small,2004,1,1,January,Q1,2004-01,EMEA,2730.0,1680.0,1050.0,38.46153846153847,Low
10225,37,95.69,12,3540.53,2004-02-22,Shipped,1,2,2004,Classic Cars,80,S18_3278,"Vida Sport, Ltd",0897-034555,Grenzacherweg 237,N/A,Gensve,N/A,1203,Switzerland,EMEA,Holz,Michael,Medium,2004,2,1,February,Q1,2004-02,EMEA,3540.53,1776.0,1764.5300000000002,49.838018601734774,Medium
10238,41,73.17,6,2999.97,2004-04-09,Shipped,2,4,2004,Classic Cars,80,S18_3278,Danish Wholesale Imports,31 12 3555,Vinb'ltet 34,N/A,Kobenhavn,N/A,1734,Denmark,EMEA,Petersen,Jytte,Small,2004,4,2,April,Q2,2004-04,EMEA,2999.97,1968.0,1031.9699999999998,34.39934399343993,Low
10252,20,76.39,2,1527.8,2004-05-26,Shipped,2,5,2004,Classic Cars,80,S18_3278,Auto Canal Petit,(1) 47.55.6555,"25, rue Lauriston",N/A,Paris,N/A,75016,France,EMEA,Perrier,Dominique,Small,2004,5,2,May,Q2,2004-05,EMEA,1527.8,960.0,567.8,37.164550333813324,Low
10265,45,86.84,2,3907.8,2004-07-02,Shipped,3,7,2004,Classic Cars,80,S18_3278,"Australian Collectables, Ltd",61-9-3844-6555,7 Allen Street,N/A,Glen Waverly,Victoria,3150,Australia,APAC,Connery,Sean,Medium,2004,7,3,July,Q3,2004-07,APAC,3907.8,2160.0,1747.8000000000002,44.72593274988485,Medium
10276,38,69.96,6,2658.48,2004-08-02,Shipped,3,8,2004,Classic Cars,80,S18_3278,Online Mini Collectables,6175557555,7635 Spinnaker Dr.,N/A,Brickhaven,MA,58339,USA,NA,Barajas,Miguel,Small,2004,8,3,August,Q3,2004-08,NA,2658.48,1824.0,834.48,31.389365351629507,Low
10287,43,70.76,15,3042.68,2004-08-30,Shipped,3,8,2004,Classic Cars,80,S18_3278,"Vida Sport, Ltd",0897-034555,Grenzacherweg 237,N/A,Gensve,N/A,1203,Switzerland,EMEA,Holz,Michael,Medium,2004,8,3,August,Q3,2004-08,EMEA,3042.68,2064.0,978.6799999999998,32.16506500847937,Medium
10300,49,78.8,8,3861.2,2003-10-04,Shipped,4,10,2003,Classic Cars,80,S18_3278,"Blauer See Auto, Co.",+49 69 66 90 2555,Lyonerstr. 34,N/A,Frankfurt,N/A,60528,Germany,EMEA,Keitel,Roland,Medium,2003,10,4,October,Q4,2003-10,EMEA,3861.2,2352.0,1509.1999999999998,39.086294416243646,Medium
10310,27,80.41,13,2171.07,2004-10-16,Shipped,4,10,2004,Classic Cars,80,S18_3278,"Toms Spezialitten, Ltd",0221-5554327,Mehrheimerstr. 369,N/A,Koln,N/A,50739,Germany,EMEA,Pfalzheim,Henriette,Small,2004,10,4,October,Q4,2004-10,EMEA,2171.07,1296.0,875.0700000000002,40.30593209799777,Low
10319,46,73.98,1,3403.08,2004-11-03,Shipped,4,11,2004,Classic Cars,80,S18_3278,Microscale Inc.,2125551957,5290 North Pendale Street,Suite 200,NYC,NY,10022,USA,NA,Kuo,Kee,Medium,2004,11,4,November,Q4,2004-11,NA,3403.08,2208.0,1195.08,35.11759935117599,Medium
10329,38,59.1,10,2245.8,2004-11-15,Shipped,4,11,2004,Classic Cars,80,S18_3278,Land of Toys Inc.,2125557818,897 Long Airport Avenue,N/A,NYC,NY,10022,USA,NA,Yu,Kwai,Small,2004,11,4,November,Q4,2004-11,NA,2245.8,1824.0,421.8000000000002,18.78172588832488,Low
10342,25,66.74,5,1668.5,2004-11-24,Shipped,4,11,2004,Classic Cars,80,S18_3278,"Australian Collectors, Co.",03 9520 4555,636 St Kilda Road,Level 3,Melbourne,Victoria,3004,Australia,APAC,Ferguson,Peter,Small,2004,11,4,November,Q4,2004-11,APAC,1668.5,1200.0,468.5,28.0791129757267,Low
10363,46,60.3,10,2773.8,2005-01-06,Shipped,1,1,2005,Classic Cars,80,S18_3278,Suominen Souveniers,+358 9 8045 555,"Software Engineering Center, SEC Oy",N/A,Espoo,N/A,FIN-02271,Finland,EMEA,Suominen,Kalle,Small,2005,1,1,January,Q1,2005-01,EMEA,2773.8,2208.0,565.8000000000002,20.39800995024876,Low
10378,22,100.0,4,2464.0,2005-02-10,Shipped,1,2,2005,Classic Cars,80,S18_3278,Euro Shopping Channel,(91) 555 94 44,"C/ Moralzarzal, 86",N/A,Madrid,N/A,28034,Spain,EMEA,Freyre,Diego,Small,2005,2,1,February,Q1,2005-02,EMEA,2464.0,1056.0,1408.0,57.14285714285714,Low
10390,40,100.0,9,5491.6,2005-03-04,Shipped,1,3,2005,Classic Cars,80,S18_3278,Mini Gifts Distributors Ltd.,4155551450,5677 Strong St.,N/A,San Rafael,CA,97562,USA,NA,Nelson,Valarie,Medium,2005,3,1,March,Q1,2005-03,NA,5491.6,1920.0,3571.6000000000004,65.03751183625901,Medium
10103,46,100.0,16,4791.82,2003-01-29,Shipped,1,1,2003,Vintage Cars,99,S18_3320,Baane Mini Imports,07-98 9555,Erling Skakkes gate 78,N/A,Stavern,N/A,4110,Norway,EMEA,Bergulfsen,Jonas,Medium,2003,1,1,January,Q1,2003-01,EMEA,4791.82,2732.4,2059.4199999999996,42.97782470960929,Medium
10111,39,100.0,4,4178.85,2003-03-25,Shipped,1,3,2003,Vintage Cars,99,S18_3320,Mini Wheels Co.,6505555787,5557 North Pendale Street,N/A,San Francisco,CA,N/A,USA,NA,Murphy,Julie,Medium,2003,3,1,March,Q1,2003-03,NA,4178.85,2316.6,1862.2500000000005,44.563695753616436,Medium
10126,38,82.34,16,3128.92,2003-05-28,Shipped,2,5,2003,Vintage Cars,99,S18_3320,"Corrida Auto Replicas, Ltd",(91) 555 22 82,"C/ Araquil, 67",N/A,Madrid,N/A,28023,Spain,EMEA,Sommer,Mart¡n,Medium,2003,5,2,May,Q2,2003-05,EMEA,3128.92,2257.2,871.7200000000003,27.860092300218614,Medium
10139,30,100.0,5,3095.4,2003-07-16,Shipped,3,7,2003,Vintage Cars,99,S18_3320,Souveniers And Things Co.,+61 2 9495 8555,"Monitor Money Building, 815 Pacific Hwy",Level 6,Chatswood,NSW,2067,Australia,APAC,Huxley,Adrian,Medium,2003,7,3,July,Q3,2003-07,APAC,3095.4,1782.0,1313.4,42.43070362473348,Medium
10149,42,94.25,2,3958.5,2003-09-12,Shipped,3,9,2003,Vintage Cars,99,S18_3320,Signal Collectibles Ltd.,4155554312,2793 Furth Circle,N/A,Brisbane,CA,94217,USA,NA,Taylor,Sue,Medium,2003,9,3,September,Q3,2003-09,NA,3958.5,2494.7999999999997,1463.7000000000003,36.976127320954916,Medium
10163,43,100.0,6,4991.44,2003-10-20,Shipped,4,10,2003,Vintage Cars,99,S18_3320,Classic Legends Inc.,2125558493,5905 Pompton St.,Suite 750,NYC,NY,10022,USA,NA,Hernandez,Maria,Medium,2003,10,4,October,Q4,2003-10,NA,4991.44,2554.2,2437.24,48.828394210889044,Medium
10173,29,95.24,4,2761.96,2003-11-05,Shipped,4,11,2003,Vintage Cars,99,S18_3320,Rovelli Gifts,035-640555,Via Ludovico il Moro 22,N/A,Bergamo,N/A,24100,Italy,EMEA,Rovelli,Giovanni,Small,2003,11,4,November,Q4,2003-11,EMEA,2761.96,1722.6,1039.3600000000001,37.6312473750525,Low
10182,33,86.31,1,2848.23,2003-11-12,Shipped,4,11,2003,Vintage Cars,99,S18_3320,Mini Gifts Distributors Ltd.,4155551450,5677 Strong St.,N/A,San Rafael,CA,97562,USA,NA,Nelson,Valarie,Small,2003,11,4,November,Q4,2003-11,NA,2848.23,1960.1999999999998,888.0300000000002,31.178310740354544,Low
10193,32,79.37,5,2539.84,2003-11-21,Shipped,4,11,2003,Vintage Cars,99,S18_3320,"Australian Collectables, Ltd",61-9-3844-6555,7 Allen Street,N/A,Glen Waverly,Victoria,3150,Australia,APAC,Connery,Sean,Small,2003,11,4,November,Q4,2003-11,APAC,2539.84,1900.8,639.0400000000002,25.160640040317507,Low
10206,28,87.3,11,2444.4,2003-12-05,Shipped,4,12,2003,Vintage Cars,99,S18_3320,Canadian Gift Exchange Network,(604) 555-3392,1900 Oak St.,N/A,Vancouver,BC,V3F 2K1,Canada,NA,Tannamuri,Yoshi,Small,2003,12,4,December,Q4,2003-12,NA,2444.4,1663.2,781.2,31.958762886597942,Low
10215,41,100.0,8,4555.92,2004-01-29,Shipped,1,1,2004,Vintage Cars,99,S18_3320,West Coast Collectables Co.,3105553722,3675 Furth Circle,N/A,Burbank,CA,94019,USA,NA,Thompson,Steve,Medium,2004,1,1,January,Q1,2004-01,NA,4555.92,2435.4,2120.52,46.54427645788336,Medium
10227,33,100.0,1,3666.96,2004-03-02,Shipped,1,3,2004,Vintage Cars,99,S18_3320,"Saveley & Henriot, Co.",78.32.5555,"2, rue du Commerce",N/A,Lyon,N/A,69004,France,EMEA,Saveley,Mary,Medium,2004,3,1,March,Q1,2004-03,EMEA,3666.96,1960.1999999999998,1706.7600000000002,46.54427645788338,Medium
10244,36,84.33,5,3035.88,2004-04-29,Shipped,2,4,2004,Vintage Cars,99,S18_3320,Euro Shopping Channel,(91) 555 94 44,"C/ Moralzarzal, 86",N/A,Madrid,N/A,28034,Spain,EMEA,Freyre,Diego,Medium,2004,4,2,April,Q2,2004-04,EMEA,3035.88,2138.4,897.48,29.562433297758805,Medium
10257,26,89.29,5,2321.54,2004-06-14,Shipped,2,6,2004,Vintage Cars,99,S18_3320,The Sharp Gifts Warehouse,4085553659,3086 Ingle Ln.,N/A,San Jose,CA,94217,USA,NA,Frick,Sue,Small,2004,6,2,June,Q2,2004-06,NA,2321.54,1544.3999999999999,777.1400000000001,33.47519319072685,Low
10280,34,100.0,7,3474.46,2004-08-17,Shipped,3,8,2004,Vintage Cars,99,S18_3320,Amica Models & Co.,011-4988555,Via Monte Bianco 34,N/A,Torino,N/A,10100,Italy,EMEA,Accorti,Paolo,Medium,2004,8,3,August,Q3,2004-08,EMEA,3474.46,2019.6,1454.8600000000001,41.872981700753506,Medium
10290,26,96.23,2,2501.98,2004-09-07,Shipped,3,9,2004,Vintage Cars,99,S18_3320,Auto-Moto Classics Inc.,6175558428,16780 Pompton St.,N/A,Brickhaven,MA,58339,USA,NA,Taylor,Leslie,Small,2004,9,3,September,Q3,2004-09,NA,2501.98,1544.3999999999999,957.5800000000002,38.272887872804745,Low
10304,38,100.0,11,3958.46,2004-10-11,Shipped,4,10,2004,Vintage Cars,99,S18_3320,Auto Assoc. & Cie.,30.59.8555,"67, avenue de l'Europe",N/A,Versailles,N/A,78000,France,EMEA,Tonini,Daniel,Medium,2004,10,4,October,Q4,2004-10,EMEA,3958.46,2257.2,1701.2600000000002,42.977824709609294,Medium
10312,33,100.0,8,3535.95,2004-10-21,Shipped,4,10,2004,Vintage Cars,99,S18_3320,Mini Gifts Distributors Ltd.,4155551450,5677 Strong St.,N/A,San Rafael,CA,97562,USA,NA,Nelson,Valarie,Medium,2004,10,4,October,Q4,2004-10,NA,3535.95,1960.1999999999998,1575.75,44.56369575361643,Medium
10323,33,91.27,2,3011.91,2004-11-05,Shipped,4,11,2004,Vintage Cars,99,S18_3320,"Blauer See Auto, Co.",+49 69 66 90 2555,Lyonerstr. 34,N/A,Frankfurt,N/A,60528,Germany,EMEA,Keitel,Roland,Medium,2004,11,4,November,Q4,2004-11,EMEA,3011.91,1960.1999999999998,1051.71,34.91837405500164,Medium
10333,46,100.0,2,11336.7,2004-11-18,Shipped,4,11,2004,Vintage Cars,99,S18_3320,Mini Wheels Co.,6505555787,5557 North Pendale Street,N/A,San Francisco,CA,N/A,USA,NA,Murphy,Julie,Large,2004,11,4,November,Q4,2004-11,NA,11336.7,2732.4,8604.300000000001,75.89774802191114,High
10347,26,100.0,12,2656.94,2004-11-29,Shipped,4,11,2004,Vintage Cars,99,S18_3320,"Australian Collectors, Co.",03 9520 4555,636 St Kilda Road,Level 3,Melbourne,Victoria,3004,Australia,APAC,Ferguson,Peter,Small,2004,11,4,November,Q4,2004-11,APAC,2656.94,1544.3999999999999,1112.5400000000002,41.872981700753506,Low
10357,25,100.0,3,2604.25,2004-12-10,Shipped,4,12,2004,Vintage Cars,99,S18_3320,Mini Gifts Distributors Ltd.,4155551450,5677 Strong St.,N/A,San Rafael,CA,97562,USA,NA,Nelson,Valarie,Small,2004,12,4,December,Q4,2004-12,NA,2604.25,1485.0,1119.25,42.977824709609294,Low
10369,45,73.08,4,3288.6,2005-01-20,Shipped,1,1,2005,Vintage Cars,99,S18_3320,Collectables For Less Inc.,6175558555,7825 Douglas Av.,N/A,Brickhaven,MA,58339,USA,NA,Nelson,Allen,Medium,2005,1,1,January,Q1,2005-01,NA,3288.6,2673.0,615.5999999999999,18.719211822660096,Medium
10382,50,100.0,7,8935.5,2005-02-17,Shipped,1,2,2005,Vintage Cars,99,S18_3320,Mini Gifts Distributors Ltd.,4155551450,5677 Strong St.,N/A,San Rafael,CA,97562,USA,NA,Nelson,Valarie,Large,2005,2,1,February,Q1,2005-02,NA,8935.5,2970.0,5965.5,66.76179284874937,High
10392,36,100.0,1,4035.96,2005-03-10,Shipped,1,3,2005,Vintage Cars,99,S18_3320,Mini Auto Werke,7675-3555,Kirchgasse 6,N/A,Graz,N/A,8010,Austria,EMEA,Mendel,Roland,Medium,2005,3,1,March,Q1,2005-03,EMEA,4035.96,2138.4,1897.56,47.016323253947014,Medium
10423,21,89.29,5,1875.09,2005-05-30,In Process,2,5,2005,Vintage Cars,99,S18_3320,Petit Auto,(02) 5554 67,Rue Joseph-Bens 532,N/A,Bruxelles,N/A,B-1180,Belgium,EMEA,Dewey,Catherine,Small,2005,5,2,May,Q2,2005-05,EMEA,1875.09,1247.3999999999999,627.69,33.47519319072685,Low
10108,29,100.0,8,4049.56,2003-03-03,Shipped,1,3,2003,Classic Cars,146,S18_3482,Cruz & Sons Co.,+63 2 555 3587,15 McCallum Street - NatWest Center #13-03,N/A,Makati City,N/A,1227 MM,Philippines,Japan,Cruz,Arnold,Medium,2003,3,1,March,Q1,2003-03,Japan,4049.56,2540.4,1509.1599999999999,37.267258665138925,Medium
10122,21,100.0,12,2469.39,2003-05-08,Shipped,2,5,2003,Classic Cars,146,S18_3482,Marseille Mini Autos,91.24.4555,"12, rue des Bouchers",N/A,Marseille,N/A,13008,France,EMEA,Lebihan,Laurence,Small,2003,5,2,May,Q2,2003-05,EMEA,2469.39,1839.6,629.79,25.503869376647675,Low
10135,42,100.0,9,5432.7,2003-07-02,Shipped,3,7,2003,Classic Cars,146,S18_3482,Mini Gifts Distributors Ltd.,4155551450,5677 Strong St.,N/A,San Rafael,CA,97562,USA,NA,Nelson,Valarie,Medium,2003,7,3,July,Q3,2003-07,NA,5432.7,3679.2,1753.5,32.276768457672986,Medium
10147,37,100.0,9,4405.22,2003-09-05,Shipped,3,9,2003,Classic Cars,146,S18_3482,Collectables For Less Inc.,6175558555,7825 Douglas Av.,N/A,Brickhaven,MA,58339,USA,NA,Nelson,Allen,Medium,2003,9,3,September,Q3,2003-09,NA,4405.22,3241.2,1164.0200000000004,26.42365194019823,Medium
10159,25,100.0,4,3638.0,2003-10-10,Shipped,4,10,2003,Classic Cars,146,S18_3482,Corporate Gift Ideas Co.,6505551386,7734 Strong St.,N/A,San Francisco,CA,N/A,USA,NA,Brown,Julie,Medium,2003,10,4,October,Q4,2003-10,NA,3638.0,2190.0,1448.0,39.802089059923034,Medium
10169,36,100.0,4,4444.92,2003-11-04,Shipped,4,11,2003,Classic Cars,146,S18_3482,"Anna's Decorations, Ltd",02 9936 8555,201 Miller Street,Level 15,North Sydney,NSW,2060,Australia,APAC,O'Hara,Anna,Medium,2003,11,4,November,Q4,2003-11,APAC,4444.92,3153.6,1291.3200000000002,29.051591479711675,Medium
10181,22,100.0,16,3395.48,2003-11-12,Shipped,4,11,2003,Classic Cars,146,S18_3482,Herkku Gifts,+47 2267 3215,"Drammen 121, PR 744 Sentrum",N/A,Bergen,N/A,N 5804,Norway,EMEA,Oeztan,Veysel,Medium,2003,11,4,November,Q4,2003-11,EMEA,3395.48,1927.1999999999998,1468.2800000000002,43.24219256187638,Medium
10191,23,100.0,5,3414.58,2003-11-20,Shipped,4,11,2003,Classic Cars,146,S18_3482,"Toms Spezialitten, Ltd",0221-5554327,Mehrheimerstr. 369,N/A,Koln,N/A,50739,Germany,EMEA,Pfalzheim,Henriette,Medium,2003,11,4,November,Q4,2003-11,EMEA,3414.58,2014.8,1399.78,40.99420719385693,Medium
10203,32,100.0,10,5127.04,2003-12-02,Shipped,4,12,2003,Classic Cars,146,S18_3482,Euro Shopping Channel,(91) 555 94 44,"C/ Moralzarzal, 86",N/A,Madrid,N/A,28034,Spain,EMEA,Freyre,Diego,Medium,2003,12,4,December,Q4,2003-12,EMEA,5127.04,2803.2,2323.84,45.32517788041444,Medium
10211,28,100.0,4,3745.28,2004-01-15,Shipped,1,1,2004,Classic Cars,146,S18_3482,Auto Canal Petit,(1) 47.55.6555,"25, rue Lauriston",N/A,Paris,N/A,75016,France,EMEA,Perrier,Dominique,Medium,2004,1,1,January,Q1,2004-01,EMEA,3745.28,2452.7999999999997,1292.4800000000005,34.50956937799044,Medium
10225,27,100.0,11,4564.08,2004-02-22,Shipped,1,2,2004,Classic Cars,146,S18_3482,"Vida Sport, Ltd",0897-034555,Grenzacherweg 237,N/A,Gensve,N/A,1203,Switzerland,EMEA,Holz,Michael,Medium,2004,2,1,February,Q1,2004-02,EMEA,4564.08,2365.2,2198.88,48.1779460482726,Medium
10238,49,100.0,5,6554.24,2004-04-09,Shipped,2,4,2004,Classic Cars,146,S18_3482,Danish Wholesale Imports,31 12 3555,Vinb'ltet 34,N/A,Kobenhavn,N/A,1734,Denmark,EMEA,Petersen,Jytte,Medium,2004,4,2,April,Q2,2004-04,EMEA,6554.24,4292.4,2261.84,34.50956937799043,High
10252,41,100.0,1,6749.83,2004-05-26,Shipped,2,5,2004,Classic Cars,146,S18_3482,Auto Canal Petit,(1) 47.55.6555,"25, rue Lauriston",N/A,Paris,N/A,75016,France,EMEA,Perrier,Dominique,Medium,2004,5,2,May,Q2,2004-05,EMEA,6749.83,3591.6,3158.23,46.78977100164004,High
10265,49,100.0,1,8427.02,2004-07-02,Shipped,3,7,2004,Classic Cars,146,S18_3482,"Australian Collectables, Ltd",61-9-3844-6555,7 Allen Street,N/A,Glen Waverly,Victoria,3150,Australia,APAC,Connery,Sean,Large,2004,7,3,July,Q3,2004-07,APAC,8427.02,4292.4,4134.620000000001,49.063844633096885,High
10276,30,100.0,5,3924.6,2004-08-02,Shipped,3,8,2004,Classic Cars,146,S18_3482,Online Mini Collectables,6175557555,7635 Spinnaker Dr.,N/A,Brickhaven,MA,58339,USA,NA,Barajas,Miguel,Medium,2004,8,3,August,Q3,2004-08,NA,3924.6,2628.0,1296.6,33.03776181012078,Medium
10287,40,100.0,14,6761.6,2004-08-30,Shipped,3,8,2004,Classic Cars,146,S18_3482,"Vida Sport, Ltd",0897-034555,Grenzacherweg 237,N/A,Gensve,N/A,1203,Switzerland,EMEA,Holz,Michael,Medium,2004,8,3,August,Q3,2004-08,EMEA,6761.6,3504.0,3257.6000000000004,48.1779460482726,High
10300,23,100.0,7,3786.49,2003-10-04,Shipped,4,10,2003,Classic Cars,146,S18_3482,"Blauer See Auto, Co.",+49 69 66 90 2555,Lyonerstr. 34,N/A,Frankfurt,N/A,60528,Germany,EMEA,Keitel,Roland,Medium,2003,10,4,October,Q4,2003-10,EMEA,3786.49,2014.8,1771.6899999999998,46.78977100164004,Medium
10310,49,100.0,12,6266.12,2004-10-16,Shipped,4,10,2004,Classic Cars,146,S18_3482,"Toms Spezialitten, Ltd",0221-5554327,Mehrheimerstr. 369,N/A,Koln,N/A,50739,Germany,EMEA,Pfalzheim,Henriette,Medium,2004,10,4,October,Q4,2004-10,EMEA,6266.12,4292.4,1973.7200000000003,31.498279637159843,High
10320,25,100.0,5,3491.0,2004-11-03,Shipped,4,11,2004,Classic Cars,146,S18_3482,"Volvo Model Replicas, Co",0921-12 3555,Berguvsvgen  8,N/A,Lule,N/A,S-958 22,Sweden,EMEA,Berglund,Christina,Medium,2004,11,4,November,Q4,2004-11,EMEA,3491.0,2190.0,1301.0,37.26725866513893,Medium
10330,37,100.0,3,4405.22,2004-11-16,Shipped,4,11,2004,Classic Cars,146,S18_3482,Cruz & Sons Co.,+63 2 555 3587,15 McCallum Street - NatWest Center #13-03,N/A,Makati City,N/A,1227 MM,Philippines,Japan,Cruz,Arnold,Medium,2004,11,4,November,Q4,2004-11,Japan,4405.22,3241.2,1164.0200000000004,26.42365194019823,Medium
10342,55,100.0,7,6548.3,2004-11-24,Shipped,4,11,2004,Classic Cars,146,S18_3482,"Australian Collectors, Co.",03 9520 4555,636 St Kilda Road,Level 3,Melbourne,Victoria,3004,Australia,APAC,Ferguson,Peter,Medium,2004,11,4,November,Q4,2004-11,APAC,6548.3,4818.0,1730.3000000000002,26.423651940198223,High
10355,23,100.0,7,3177.91,2004-12-07,Shipped,4,12,2004,Classic Cars,146,S18_3482,Euro Shopping Channel,(91) 555 94 44,"C/ Moralzarzal, 86",N/A,Madrid,N/A,28034,Spain,EMEA,Freyre,Diego,Medium,2004,12,4,December,Q4,2004-12,EMEA,3177.91,2014.8,1163.11,36.59984077585583,Medium
10363,24,100.0,11,4142.64,2005-01-06,Shipped,1,1,2005,Classic Cars,146,S18_3482,Suominen Souveniers,+358 9 8045 555,"Software Engineering Center, SEC Oy",N/A,Espoo,N/A,FIN-02271,Finland,EMEA,Suominen,Kalle,Medium,2005,1,1,January,Q1,2005-01,EMEA,4142.64,2102.4,2040.2400000000002,49.249753780198134,Medium
10378,43,96.49,10,4149.07,2005-02-10,Shipped,1,2,2005,Classic Cars,146,S18_3482,Euro Shopping Channel,(91) 555 94 44,"C/ Moralzarzal, 86",N/A,Madrid,N/A,28034,Spain,EMEA,Freyre,Diego,Medium,2005,2,1,February,Q1,2005-02,EMEA,4149.07,3766.7999999999997,382.27,9.213389988599856,Medium
10390,50,100.0,1,7397.0,2005-03-04,Shipped,1,3,2005,Classic Cars,146,S18_3482,Mini Gifts Distributors Ltd.,4155551450,5677 Strong St.,N/A,San Rafael,CA,97562,USA,NA,Nelson,Valarie,Large,2005,3,1,March,Q1,2005-03,NA,7397.0,4380.0,3017.0,40.78680546167365,High
10109,47,100.0,2,6241.6,2003-03-10,Shipped,1,3,2003,Classic Cars,141,S18_3685,Motor Mint Distributors Inc.,2155559857,11328 Douglas Av.,N/A,Philadelphia,PA,71270,USA,NA,Hernandez,Rosa,Medium,2003,3,1,March,Q1,2003-03,NA,6241.6,3976.2,2265.4000000000005,36.29518072289157,High
10123,34,100.0,4,5331.88,2003-05-20,Shipped,2,5,2003,Classic Cars,141,S18_3685,Atelier graphique,40.32.2555,"54, rue Royale",N/A,Nantes,N/A,44000,France,EMEA,Schmitt,Carine,Medium,2003,5,2,May,Q2,2003-05,EMEA,5331.88,2876.4,2455.48,46.05279938783318,Medium
10137,31,100.0,4,5124.3,2003-07-10,Shipped,3,7,2003,Classic Cars,141,S18_3685,Reims Collectables,26.47.1555,59 rue de l'Abbaye,N/A,Reims,N/A,51100,France,EMEA,Henriot,Paul,Medium,2003,7,3,July,Q3,2003-07,EMEA,5124.3,2622.6,2501.7000000000003,48.82032667876589,Medium
10148,28,100.0,11,3639.44,2003-09-11,Shipped,3,9,2003,Classic Cars,141,S18_3685,"Anna's Decorations, Ltd",02 9936 8555,201 Miller Street,Level 15,North Sydney,NSW,2060,Australia,APAC,O'Hara,Anna,Medium,2003,9,3,September,Q3,2003-09,APAC,3639.44,2368.7999999999997,1270.6400000000003,34.9130635482382,Medium
10161,36,100.0,10,5544.0,2003-10-17,Shipped,4,10,2003,Classic Cars,141,S18_3685,Heintze Collectables,86 21 3555,Smagsloget 45,N/A,Aaarhus,N/A,8200,Denmark,EMEA,Ibsen,Palle,Medium,2003,10,4,October,Q4,2003-10,EMEA,5544.0,3045.6,2498.4,45.06493506493507,Medium
10172,48,100.0,8,5493.12,2003-11-05,Shipped,4,11,2003,Classic Cars,141,S18_3685,Gift Depot Inc.,2035552570,25593 South Bay Ln.,N/A,Bridgewater,CT,97562,USA,NA,King,Julie,Medium,2003,11,4,November,Q4,2003-11,NA,5493.12,4060.7999999999997,1432.3200000000002,26.074799021321223,Medium
10181,39,100.0,4,5785.26,2003-11-12,Shipped,4,11,2003,Classic Cars,141,S18_3685,Herkku Gifts,+47 2267 3215,"Drammen 121, PR 744 Sentrum",N/A,Bergen,N/A,N 5804,Norway,EMEA,Oeztan,Veysel,Medium,2003,11,4,November,Q4,2003-11,EMEA,5785.26,3299.4,2485.86,42.96885533234461,Medium
10192,45,100.0,9,5340.6,2003-11-20,Shipped,4,11,2003,Classic Cars,141,S18_3685,Online Diecast Creations Co.,6035558647,2304 Long Airport Avenue,N/A,Nashua,NH,62005,USA,NA,Young,Valarie,Medium,2003,11,4,November,Q4,2003-11,NA,5340.6,3807.0,1533.6000000000004,28.715874620829123,Medium
10204,35,100.0,15,5735.8,2003-12-02,Shipped,4,12,2003,Classic Cars,141,S18_3685,Muscle Machine Inc,2125557413,4092 Furth Circle,Suite 400,NYC,NY,10022,USA,NA,Young,Jeff,Medium,2003,12,4,December,Q4,2003-12,NA,5735.8,2961.0,2774.8,48.37686111789114,Medium
10212,45,100.0,8,6357.6,2004-01-16,Shipped,1,1,2004,Classic Cars,141,S18_3685,Euro Shopping Channel,(91) 555 94 44,"C/ Moralzarzal, 86",N/A,Madrid,N/A,28034,Spain,EMEA,Freyre,Diego,Medium,2004,1,1,January,Q1,2004-01,EMEA,6357.6,3807.0,2550.6000000000004,40.118912797282,High
10226,46,100.0,6,7343.9,2004-02-26,Shipped,1,2,2004,Classic Cars,141,S18_3685,Collectable Mini Designs Co.,7605558146,361 Furth Circle,N/A,San Diego,CA,91217,USA,NA,Thompson,Valarie,Large,2004,2,1,February,Q1,2004-02,NA,7343.9,3891.6,3452.2999999999997,47.0090823676793,High
10240,37,100.0,1,5959.22,2004-04-13,Shipped,2,4,2004,Classic Cars,141,S18_3685,Osaka Souveniers Co.,+81 06 6342 5555,"Dojima Avanza 4F, 1-6-20 Dojima, Kita-ku",N/A,Osaka,Osaka,530-0003,Japan,Japan,Kentary,Mory,Medium,2004,4,2,April,Q2,2004-04,Japan,5959.22,3130.2,2829.0200000000004,47.47299143176457,Medium
10253,31,100.0,3,4029.38,2004-06-01,Cancelled,2,6,2004,Classic Cars,141,S18_3685,"UK Collectables, Ltd.",(171) 555-2282,Berkeley Gardens 12  Brewery,N/A,Liverpool,N/A,WX1 6LT,UK,EMEA,Devon,Elizabeth,Medium,2004,6,2,June,Q2,2004-06,EMEA,4029.38,2622.6,1406.7800000000002,34.91306354823819,Medium
10266,33,100.0,4,5035.14,2004-07-06,Shipped,3,7,2004,Classic Cars,141,S18_3685,L'ordine Souveniers,0522-556555,Strada Provinciale 124,N/A,Reggio Emilia,N/A,42100,Italy,EMEA,Moroni,Maurizio,Medium,2004,7,3,July,Q3,2004-07,EMEA,5035.14,2791.7999999999997,2243.3400000000006,44.55367675973261,Medium
10278,31,100.0,4,4116.8,2004-08-06,Shipped,3,8,2004,Classic Cars,141,S18_3685,Signal Gift Stores,7025551838,8489 Strong St.,N/A,Las Vegas,NV,83030,USA,NA,King,Sue,Medium,2004,8,3,August,Q3,2004-08,NA,4116.8,2622.6,1494.2000000000003,36.29518072289157,Medium
10287,27,100.0,2,4310.55,2004-08-30,Shipped,3,8,2004,Classic Cars,141,S18_3685,"Vida Sport, Ltd",0897-034555,Grenzacherweg 237,N/A,Gensve,N/A,1203,Switzerland,EMEA,Holz,Michael,Medium,2004,8,3,August,Q3,2004-08,EMEA,4310.55,2284.2,2026.3500000000004,47.009082367679305,Medium
10301,39,100.0,6,6446.7,2003-10-05,Shipped,4,10,2003,Classic Cars,141,S18_3685,"Norway Gifts By Mail, Co.",+47 2212 1555,"Drammensveien 126 A, PB 744 Sentrum",N/A,Oslo,N/A,N 0106,Norway,EMEA,Klaeboe,Jan,Medium,2003,10,4,October,Q4,2003-10,EMEA,6446.7,3299.4,3147.2999999999997,48.82032667876588,High
10311,32,100.0,11,3616.64,2004-10-16,Shipped,4,10,2004,Classic Cars,141,S18_3685,Euro Shopping Channel,(91) 555 94 44,"C/ Moralzarzal, 86",N/A,Madrid,N/A,28034,Spain,EMEA,Freyre,Diego,Medium,2004,10,4,October,Q4,2004-10,EMEA,3616.64,2707.2,909.44,25.145991859847815,Medium
10321,28,100.0,8,4232.76,2004-11-04,Shipped,4,11,2004,Classic Cars,141,S18_3685,FunGiftIdeas.com,5085552555,1785 First Street,N/A,New Bedford,MA,50553,USA,NA,Benitez,Violeta,Medium,2004,11,4,November,Q4,2004-11,NA,4232.76,2368.7999999999997,1863.9600000000005,44.03651518158366,Medium
10331,26,67.91,12,1765.66,2004-11-17,Shipped,4,11,2004,Classic Cars,141,S18_3685,Motor Mint Distributors Inc.,2155559857,11328 Douglas Av.,N/A,Philadelphia,PA,71270,USA,NA,Hernandez,Rosa,Small,2004,11,4,November,Q4,2004-11,NA,1765.66,2199.6,-433.9399999999998,-24.576645560300385,Low
10343,44,84.88,2,3734.72,2004-11-24,Shipped,4,11,2004,Classic Cars,141,S18_3685,Reims Collectables,26.47.1555,59 rue de l'Abbaye,N/A,Reims,N/A,51100,France,EMEA,Henriot,Paul,Medium,2004,11,4,November,Q4,2004-11,EMEA,3734.72,3722.3999999999996,12.320000000000164,0.32987747408106,Medium
10367,46,100.0,6,4808.38,2005-01-12,Resolved,1,1,2005,Classic Cars,141,S18_3685,Toys4GrownUps.com,6265557265,78934 Hillside Dr.,N/A,Pasadena,CA,90003,USA,NA,Young,Julie,Medium,2005,1,1,January,Q1,2005-01,NA,4808.38,3891.6,916.7800000000002,19.066296756911896,Medium
10379,32,70.83,4,2266.56,2005-02-10,Shipped,1,2,2005,Classic Cars,141,S18_3685,Euro Shopping Channel,(91) 555 94 44,"C/ Moralzarzal, 86",N/A,Madrid,N/A,28034,Spain,EMEA,Freyre,Diego,Small,2005,2,1,February,Q1,2005-02,EMEA,2266.56,2707.2,-440.6399999999999,-19.440914866581952,Low
10406,65,100.0,1,10468.9,2005-04-15,Disputed,2,4,2005,Classic Cars,141,S18_3685,Danish Wholesale Imports,31 12 3555,Vinb'ltet 34,N/A,Kobenhavn,N/A,1734,Denmark,EMEA,Petersen,Jytte,Large,2005,4,2,April,Q2,2005-04,EMEA,10468.9,5499.0,4969.9,47.47299143176456,High
10419,43,100.0,3,5589.14,2005-05-17,Shipped,2,5,2005,Classic Cars,141,S18_3685,Salzburg Collectables,6562-9555,Geislweg 14,N/A,Salzburg,N/A,5020,Austria,EMEA,Pipps,Georg,Medium,2005,5,2,May,Q2,2005-05,EMEA,5589.14,3637.7999999999997,1951.3400000000006,34.9130635482382,Medium
10108,43,67.77,12,2914.11,2003-03-03,Shipped,1,3,2003,Motorcycles,62,S18_3782,Cruz & Sons Co.,+63 2 555 3587,15 McCallum Street - NatWest Center #13-03,N/A,Makati City,N/A,1227 MM,Philippines,Japan,Cruz,Arnold,Small,2003,3,1,March,Q1,2003-03,Japan,2914.11,1599.6,1314.5100000000002,45.10845506861444,Low
10122,35,49.74,16,1740.9,2003-05-08,Shipped,2,5,2003,Motorcycles,62,S18_3782,Marseille Mini Autos,91.24.4555,"12, rue des Bouchers",N/A,Marseille,N/A,13008,France,EMEA,Lebihan,Laurence,Small,2003,5,2,May,Q2,2003-05,EMEA,1740.9,1302.0,438.9000000000001,25.21109770808203,Low
10135,45,50.36,13,2266.2,2003-07-02,Shipped,3,7,2003,Motorcycles,62,S18_3782,Mini Gifts Distributors Ltd.,4155551450,5677 Strong St.,N/A,San Rafael,CA,97562,USA,NA,Nelson,Valarie,Small,2003,7,3,July,Q3,2003-07,NA,2266.2,1674.0,592.1999999999998,26.131850675138995,Low
10146,47,67.14,2,3155.58,2003-09-03,Shipped,3,9,2003,Motorcycles,62,S18_3782,Gift Ideas Corp.,2035554407,2440 Pompton St.,N/A,Glendale,CT,97561,USA,NA,Lewis,Dan,Medium,2003,9,3,September,Q3,2003-09,NA,3155.58,1748.3999999999999,1407.18,44.59338695263629,Medium
10159,21,64.66,8,1357.86,2003-10-10,Shipped,4,10,2003,Motorcycles,62,S18_3782,Corporate Gift Ideas Co.,6505551386,7734 Strong St.,N/A,San Francisco,CA,N/A,USA,NA,Brown,Julie,Small,2003,10,4,October,Q4,2003-10,NA,1357.86,781.1999999999999,576.66,42.46829570058769,Low
10169,38,68.39,8,2598.82,2003-11-04,Shipped,4,11,2003,Motorcycles,62,S18_3782,"Anna's Decorations, Ltd",02 9936 8555,201 Miller Street,Level 15,North Sydney,NSW,2060,Australia,APAC,O'Hara,Anna,Small,2003,11,4,November,Q4,2003-11,APAC,2598.82,1413.6,1185.2200000000003,45.60608276063753,Low
10180,21,50.36,3,1057.56,2003-11-11,Shipped,4,11,2003,Motorcycles,62,S18_3782,Daedalus Designs Imports,20.16.1555,"184, chausse de Tournai",N/A,Lille,N/A,59000,France,EMEA,Rance,Martine,Small,2003,11,4,November,Q4,2003-11,EMEA,1057.56,781.1999999999999,276.36,26.131850675139003,Low
10191,43,72.74,9,3127.82,2003-11-20,Shipped,4,11,2003,Motorcycles,62,S18_3782,"Toms Spezialitten, Ltd",0221-5554327,Mehrheimerstr. 369,N/A,Koln,N/A,50739,Germany,EMEA,Pfalzheim,Henriette,Medium,2003,11,4,November,Q4,2003-11,EMEA,3127.82,1599.6,1528.2200000000003,48.85894968380534,Medium
10211,46,54.09,8,2488.14,2004-01-15,Shipped,1,1,2004,Motorcycles,62,S18_3782,Auto Canal Petit,(1) 47.55.6555,"25, rue Lauriston",N/A,Paris,N/A,75016,France,EMEA,Perrier,Dominique,Small,2004,1,1,January,Q1,2004-01,EMEA,2488.14,1711.2,776.9399999999998,31.225734886300604,Low
10224,38,58.44,1,2220.72,2004-02-21,Shipped,1,2,2004,Motorcycles,62,S18_3782,Daedalus Designs Imports,20.16.1555,"184, chausse de Tournai",N/A,Lille,N/A,59000,France,EMEA,Rance,Martine,Small,2004,2,1,February,Q1,2004-02,EMEA,2220.72,1413.6,807.1199999999999,36.34496919917864,Low
10237,26,52.22,1,1357.72,2004-04-05,Shipped,2,4,2004,Motorcycles,62,S18_3782,Vitachrome Inc.,2125551500,2678 Kingston Rd.,Suite 101,NYC,NY,10022,USA,NA,Frick,Michael,Small,2004,4,2,April,Q2,2004-04,NA,1357.72,967.1999999999999,390.5200000000001,28.762926081960945,Low
10252,31,52.84,5,1638.04,2004-05-26,Shipped,2,5,2004,Motorcycles,62,S18_3782,Auto Canal Petit,(1) 47.55.6555,"25, rue Lauriston",N/A,Paris,N/A,75016,France,EMEA,Perrier,Dominique,Small,2004,5,2,May,Q2,2004-05,EMEA,1638.04,1153.2,484.8399999999999,29.59878879636638,Low
10264,48,54.71,3,2626.08,2004-06-30,Shipped,2,6,2004,Motorcycles,62,S18_3782,Gifts4AllAges.com,6175559555,8616 Spinnaker Dr.,N/A,Boston,MA,51003,USA,NA,Yoshido,Juri,Small,2004,6,2,June,Q2,2004-06,NA,2626.08,1785.6,840.48,32.00511789435204,Low
10276,33,50.36,9,1661.88,2004-08-02,Shipped,3,8,2004,Motorcycles,62,S18_3782,Online Mini Collectables,6175557555,7635 Spinnaker Dr.,N/A,Brickhaven,MA,58339,USA,NA,Barajas,Miguel,Small,2004,8,3,August,Q3,2004-08,NA,1661.88,1227.6,434.2800000000002,26.131850675139013,Low
10286,38,57.2,1,2173.6,2004-08-28,Shipped,3,8,2004,Motorcycles,62,S18_3782,"La Corne D'abondance, Co.",(1) 42.34.2555,"265, boulevard Charonne",N/A,Paris,N/A,75012,France,EMEA,Bertrand,Marie,Small,2004,8,3,August,Q3,2004-08,EMEA,2173.6,1413.6,760.0,34.96503496503497,Low
10299,39,55.95,3,2182.05,2004-09-30,Shipped,3,9,2004,Motorcycles,62,S18_3782,"Toys of Finland, Co.",90-224 8555,Keskuskatu 45,N/A,Helsinki,N/A,21240,Finland,EMEA,Karttunen,Matti,Small,2004,9,3,September,Q3,2004-09,EMEA,2182.05,1450.8,731.2500000000002,33.512064343163544,Low
10310,42,67.14,16,2819.88,2004-10-16,Shipped,4,10,2004,Motorcycles,62,S18_3782,"Toms Spezialitten, Ltd",0221-5554327,Mehrheimerstr. 369,N/A,Koln,N/A,50739,Germany,EMEA,Pfalzheim,Henriette,Small,2004,10,4,October,Q4,2004-10,EMEA,2819.88,1562.3999999999999,1257.4800000000002,44.59338695263629,Low
10319,44,59.06,4,2598.64,2004-11-03,Shipped,4,11,2004,Motorcycles,62,S18_3782,Microscale Inc.,2125551957,5290 North Pendale Street,Suite 200,NYC,NY,10022,USA,NA,Kuo,Kee,Small,2004,11,4,November,Q4,2004-11,NA,2598.64,1636.8,961.8399999999999,37.013206908228916,Low
10330,29,69.63,2,2019.27,2004-11-16,Shipped,4,11,2004,Motorcycles,62,S18_3782,Cruz & Sons Co.,+63 2 555 3587,15 McCallum Street - NatWest Center #13-03,N/A,Makati City,N/A,1227 MM,Philippines,Japan,Cruz,Arnold,Small,2004,11,4,November,Q4,2004-11,Japan,2019.27,1078.8,940.47,46.57475226195606,Low
10342,26,55.95,8,1454.7,2004-11-24,Shipped,4,11,2004,Motorcycles,62,S18_3782,"Australian Collectors, Co.",03 9520 4555,636 St Kilda Road,Level 3,Melbourne,Victoria,3004,Australia,APAC,Ferguson,Peter,Small,2004,11,4,November,Q4,2004-11,APAC,1454.7,967.1999999999999,487.5000000000001,33.512064343163544,Low
10355,31,53.47,1,1657.57,2004-12-07,Shipped,4,12,2004,Motorcycles,62,S18_3782,Euro Shopping Channel,(91) 555 94 44,"C/ Moralzarzal, 86",N/A,Madrid,N/A,28034,Spain,EMEA,Freyre,Diego,Small,2004,12,4,December,Q4,2004-12,EMEA,1657.57,1153.2,504.3699999999999,30.428277538806803,Low
10363,32,89.12,12,2851.84,2005-01-06,Shipped,1,1,2005,Motorcycles,62,S18_3782,Suominen Souveniers,+358 9 8045 555,"Software Engineering Center, SEC Oy",N/A,Espoo,N/A,FIN-02271,Finland,EMEA,Suominen,Kalle,Small,2005,1,1,January,Q1,2005-01,EMEA,2851.84,1190.3999999999999,1661.4400000000003,58.25852782764812,Low
10378,28,100.0,9,4609.64,2005-02-10,Shipped,1,2,2005,Motorcycles,62,S18_3782,Euro Shopping Channel,(91) 555 94 44,"C/ Moralzarzal, 86",N/A,Madrid,N/A,28034,Spain,EMEA,Freyre,Diego,Medium,2005,2,1,February,Q1,2005-02,EMEA,4609.64,1041.6,3568.0400000000004,77.40387535686084,Medium
10390,36,100.0,2,5079.96,2005-03-04,Shipped,1,3,2005,Motorcycles,62,S18_3782,Mini Gifts Distributors Ltd.,4155551450,5677 Strong St.,N/A,San Rafael,CA,97562,USA,NA,Nelson,Valarie,Medium,2005,3,1,March,Q1,2005-03,NA,5079.96,1339.2,3740.76,73.63758769754092,Medium
10403,36,52.22,1,1879.92,2005-04-08,Shipped,2,4,2005,Motorcycles,62,S18_3782,"UK Collectables, Ltd.",(171) 555-2282,Berkeley Gardens 12  Brewery,N/A,Liverpool,N/A,WX1 6LT,UK,EMEA,Devon,Elizabeth,Small,2005,4,2,April,Q2,2005-04,EMEA,1879.92,1339.2,540.72,28.76292608196093,Low
10106,41,100.0,17,4774.86,2003-02-17,Shipped,1,2,2003,Vintage Cars,105,S18_3856,Rovelli Gifts,035-640555,Via Ludovico il Moro 22,N/A,Bergamo,N/A,24100,Italy,EMEA,Rovelli,Giovanni,Medium,2003,2,1,February,Q1,2003-02,EMEA,4774.86,2583.0,2191.8599999999997,45.904173106646056,Medium
10119,27,99.52,8,2687.04,2003-04-28,Shipped,2,4,2003,Vintage Cars,105,S18_3856,Salzburg Collectables,6562-9555,Geislweg 14,N/A,Salzburg,N/A,5020,Austria,EMEA,Pipps,Georg,Small,2003,4,2,April,Q2,2003-04,EMEA,2687.04,1701.0,986.04,36.69614147909967,Low
10130,33,100.0,1,3423.75,2003-06-16,Shipped,2,6,2003,Vintage Cars,105,S18_3856,Auto-Moto Classics Inc.,6175558428,16780 Pompton St.,N/A,Brickhaven,MA,58339,USA,NA,Taylor,Leslie,Medium,2003,6,2,June,Q2,2003-06,NA,3423.75,2079.0,1344.75,39.277108433734945,Medium
10143,34,100.0,12,3455.76,2003-08-10,Shipped,3,8,2003,Vintage Cars,105,S18_3856,Mini Creations Ltd.,5085559555,4575 Hillside Dr.,N/A,New Bedford,MA,50553,USA,NA,Tam,Wing C,Medium,2003,8,3,August,Q3,2003-08,NA,3455.76,2142.0,1313.7600000000002,38.01652892561984,Medium
10155,29,100.0,10,3622.97,2003-10-06,Shipped,4,10,2003,Vintage Cars,105,S18_3856,"Toys of Finland, Co.",90-224 8555,Keskuskatu 45,N/A,Helsinki,N/A,21240,Finland,EMEA,Karttunen,Matti,Medium,2003,10,4,October,Q4,2003-10,EMEA,3622.97,1827.0,1795.9699999999998,49.57176018570399,Medium
10167,34,100.0,6,3599.58,2003-10-23,Cancelled,4,10,2003,Vintage Cars,105,S18_3856,Scandinavian Gift Ideas,0695-34 6555,?kergatan 24,N/A,Boras,N/A,S-844 67,Sweden,EMEA,Larsson,Maria,Medium,2003,10,4,October,Q4,2003-10,EMEA,3599.58,2142.0,1457.58,40.49305752337772,Medium
10178,48,100.0,9,5386.56,2003-11-08,Shipped,4,11,2003,Vintage Cars,105,S18_3856,Alpha Cognac,61.77.6555,1 rue Alsace-Lorraine,N/A,Toulouse,N/A,31000,France,EMEA,Roulet,Annette,Medium,2003,11,4,November,Q4,2003-11,EMEA,5386.56,3024.0,2362.5600000000004,43.86027446088042,Medium
10186,46,100.0,6,4918.78,2003-11-14,Shipped,4,11,2003,Vintage Cars,105,S18_3856,"Double Decker Gift Stores, Ltd",(171) 555-7555,120 Hanover Sq.,N/A,London,N/A,WA1 1DP,UK,EMEA,Hardy,Thomas,Medium,2003,11,4,November,Q4,2003-11,EMEA,4918.78,2898.0,2020.7799999999997,41.0829514635743,Medium
10197,22,100.0,3,2538.8,2003-11-26,Shipped,4,11,2003,Vintage Cars,105,S18_3856,Enaco Distributors,(93) 203 4555,"Rambla de Catalu¤a, 23",N/A,Barcelona,N/A,8022,Spain,EMEA,Saavedra,Eduardo,Small,2003,11,4,November,Q4,2003-11,EMEA,2538.8,1386.0,1152.8000000000002,45.40727902946274,Low
10209,20,100.0,5,2498.6,2004-01-09,Shipped,1,1,2004,Vintage Cars,105,S18_3856,"Men 'R' US Retailers, Ltd.",2155554369,6047 Douglas Av.,N/A,Los Angeles,CA,N/A,USA,NA,Chandler,Michael,Small,2004,1,1,January,Q1,2004-01,NA,2498.6,1260.0,1238.6,49.571760185703994,Low
10222,45,85.75,9,3858.75,2004-02-19,Shipped,1,2,2004,Vintage Cars,105,S18_3856,Collectable Mini Designs Co.,7605558146,361 Furth Circle,N/A,San Diego,CA,91217,USA,NA,Thompson,Valarie,Medium,2004,2,1,February,Q1,2004-02,NA,3858.75,2835.0,1023.75,26.53061224489796,Medium
10249,46,100.0,5,5600.5,2004-05-08,Shipped,2,5,2004,Vintage Cars,105,S18_3856,Cambridge Collectables Co.,6175555555,4658 Baden Av.,N/A,Cambridge,MA,51247,USA,NA,Tseng,Kyung,Medium,2004,5,2,May,Q2,2004-05,NA,5600.5,2898.0,2702.5,48.25462012320328,Medium
10262,34,100.0,14,4103.46,2004-06-24,Cancelled,2,6,2004,Vintage Cars,105,S18_3856,Euro Shopping Channel,(91) 555 94 44,"C/ Moralzarzal, 86",N/A,Madrid,N/A,28034,Spain,EMEA,Freyre,Diego,Medium,2004,6,2,June,Q2,2004-06,EMEA,4103.46,2142.0,1961.46,47.80014914243102,Medium
10273,50,85.75,1,4287.5,2004-07-21,Shipped,3,7,2004,Vintage Cars,105,S18_3856,Petit Auto,(02) 5554 67,Rue Joseph-Bens 532,N/A,Bruxelles,N/A,B-1180,Belgium,EMEA,Dewey,Catherine,Medium,2004,7,3,July,Q3,2004-07,EMEA,4287.5,3150.0,1137.5,26.53061224489796,Medium
10283,46,100.0,3,5795.54,2004-08-20,Shipped,3,8,2004,Vintage Cars,105,S18_3856,"Royal Canadian Collectables, Ltd.",(604) 555-4555,23 Tsawassen Blvd.,N/A,Tsawassen,BC,T2F 8M4,Canada,NA,Lincoln,Elizabeth,Medium,2004,8,3,August,Q3,2004-08,NA,5795.54,2898.0,2897.54,49.99603143106596,Medium
10296,22,84.7,12,1863.4,2004-09-15,Shipped,3,9,2004,Vintage Cars,105,S18_3856,"Bavarian Collectables Imports, Co.",+49 89 61 08 9555,Hansastr. 15,N/A,Munich,N/A,80686,Germany,EMEA,Donnermeyer,Michael,Small,2004,9,3,September,Q3,2004-09,EMEA,1863.4,1386.0,477.4000000000001,25.619834710743806,Low
10307,48,86.81,6,4166.88,2004-10-14,Shipped,4,10,2004,Vintage Cars,105,S18_3856,"Classic Gift Ideas, Inc",2155554695,782 First Street,N/A,Philadelphia,PA,71270,USA,NA,Cervantes,Francisca,Medium,2004,10,4,October,Q4,2004-10,NA,4166.88,3024.0,1142.88,27.427715700956114,Medium
10316,47,86.81,14,4080.07,2004-11-01,Shipped,4,11,2004,Vintage Cars,105,S18_3856,giftsbymail.co.uk,(198) 555-8888,Garden House Crowther Way,N/A,Cowes,Isle of Wight,PO31 7PJ,UK,EMEA,Bennett,Helen,Medium,2004,11,4,November,Q4,2004-11,EMEA,4080.07,2961.0,1119.0700000000002,27.427715700956114,Medium
10328,34,100.0,6,3815.48,2004-11-12,Shipped,4,11,2004,Vintage Cars,105,S18_3856,Rovelli Gifts,035-640555,Via Ludovico il Moro 22,N/A,Bergamo,N/A,24100,Italy,EMEA,Rovelli,Giovanni,Medium,2004,11,4,November,Q4,2004-11,EMEA,3815.48,2142.0,1673.48,43.86027446088042,Medium
10338,45,100.0,2,5526.45,2004-11-22,Shipped,4,11,2004,Vintage Cars,105,S18_3856,Royale Belge,(071) 23 67 2555,"Boulevard Tirou, 255",N/A,Charleroi,N/A,B-6000,Belgium,EMEA,Cartrain,Pascale,Medium,2004,11,4,November,Q4,2004-11,EMEA,5526.45,2835.0,2691.45,48.70124582688706,Medium
10351,20,100.0,2,3374.6,2004-12-03,Shipped,4,12,2004,Vintage Cars,105,S18_3856,"Stylish Desk Decors, Co.",(171) 555-0297,35 King George,N/A,London,N/A,WX3 6FW,UK,EMEA,Brown,Ann,Medium,2004,12,4,December,Q4,2004-12,EMEA,3374.6,1260.0,2114.6,62.66224145083862,Medium
10373,50,60.49,6,3024.5,2005-01-31,Shipped,1,1,2005,Vintage Cars,105,S18_3856,"Oulu Toy Supplies, Inc.",981-443655,Torikatu 38,N/A,Oulu,N/A,90110,Finland,EMEA,Koskitalo,Pirkko,Medium,2005,1,1,January,Q1,2005-01,EMEA,3024.5,3150.0,-125.5,-4.149446189452802,Medium
10386,22,57.55,6,1266.1,2005-03-01,Resolved,1,3,2005,Vintage Cars,105,S18_3856,Euro Shopping Channel,(91) 555 94 44,"C/ Moralzarzal, 86",N/A,Madrid,N/A,28034,Spain,EMEA,Freyre,Diego,Small,2005,3,1,March,Q1,2005-03,EMEA,1266.1,1386.0,-119.90000000000009,-9.470026064291929,Low
10398,45,100.0,17,4811.85,2005-03-30,Shipped,1,3,2005,Vintage Cars,105,S18_3856,Reims Collectables,26.47.1555,59 rue de l'Abbaye,N/A,Reims,N/A,51100,France,EMEA,Henriot,Paul,Medium,2005,3,1,March,Q1,2005-03,EMEA,4811.85,2835.0,1976.8500000000004,41.08295146357431,Medium
10400,58,100.0,6,7307.42,2005-04-01,Shipped,2,4,2005,Vintage Cars,105,S18_3856,The Sharp Gifts Warehouse,4085553659,3086 Ingle Ln.,N/A,San Jose,CA,94217,USA,NA,Frick,Sue,Large,2005,4,2,April,Q2,2005-04,NA,7307.42,3654.0,3653.42,49.99603143106596,High
10415,51,100.0,5,6209.25,2005-05-09,Disputed,2,5,2005,Vintage Cars,105,S18_3856,"Australian Collectables, Ltd",61-9-3844-6555,7 Allen Street,N/A,Glen Waverly,Victoria,3150,Australia,APAC,Connery,Sean,Medium,2005,5,2,May,Q2,2005-05,APAC,6209.25,3213.0,2996.25,48.25462012320328,High
10104,38,100.0,3,5348.5,2003-01-31,Shipped,1,1,2003,Classic Cars,143,S18_4027,Euro Shopping Channel,(91) 555 94 44,"C/ Moralzarzal, 86",N/A,Madrid,N/A,28034,Spain,EMEA,Freyre,Diego,Medium,2003,1,1,January,Q1,2003-01,EMEA,5348.5,3260.4,2088.1,39.04085257548846,Medium
10117,22,100.0,12,2780.58,2003-04-16,Shipped,2,4,2003,Classic Cars,143,S18_4027,"Dragon Souveniers, Ltd.",+65 221 7555,"Bronz Sok., Bronz Apt. 3/6 Tesvikiye",N/A,Singapore,N/A,79903,Singapore,Japan,Natividad,Eric,Small,2003,4,2,April,Q2,2003-04,Japan,2780.58,1887.6,892.98,32.114882506527415,Low
10127,25,100.0,5,3447.0,2003-06-03,Shipped,2,6,2003,Classic Cars,143,S18_4027,Muscle Machine Inc,2125557413,4092 Furth Circle,Suite 400,NYC,NY,10022,USA,NA,Young,Jeff,Medium,2003,6,2,June,Q2,2003-06,NA,3447.0,2145.0,1302.0,37.77197563098346,Medium
10142,24,100.0,15,3791.52,2003-08-08,Shipped,3,8,2003,Classic Cars,143,S18_4027,Mini Gifts Distributors Ltd.,4155551450,5677 Strong St.,N/A,San Rafael,CA,97562,USA,NA,Nelson,Valarie,Medium,2003,8,3,August,Q3,2003-08,NA,3791.52,2059.2,1732.3200000000002,45.68932776300798,Medium
10152,35,100.0,1,4524.1,2003-09-25,Shipped,3,9,2003,Classic Cars,143,S18_4027,"Australian Gift Network, Co",61-7-3844-6555,31 Duncan St. West End,N/A,South Brisbane,Queensland,4101,Australia,APAC,Calaghan,Tony,Medium,2003,9,3,September,Q3,2003-09,APAC,4524.1,3003.0,1521.1000000000004,33.62215689308371,Medium
10165,28,100.0,6,3337.6,2003-10-22,Shipped,4,10,2003,Classic Cars,143,S18_4027,"Dragon Souveniers, Ltd.",+65 221 7555,"Bronz Sok., Bronz Apt. 3/6 Tesvikiye",N/A,Singapore,N/A,79903,Singapore,Japan,Natividad,Eric,Medium,2003,10,4,October,Q4,2003-10,Japan,3337.6,2402.4,935.1999999999998,28.020134228187914,Medium
10176,36,100.0,5,5532.12,2003-11-06,Shipped,4,11,2003,Classic Cars,143,S18_4027,L'ordine Souveniers,0522-556555,Strada Provinciale 124,N/A,Reggio Emilia,N/A,42100,Italy,EMEA,Moroni,Maurizio,Medium,2003,11,4,November,Q4,2003-11,EMEA,5532.12,3088.7999999999997,2443.32,44.16607015032212,Medium
10185,39,100.0,16,5096.91,2003-11-14,Shipped,4,11,2003,Classic Cars,143,S18_4027,Mini Creations Ltd.,5085559555,4575 Hillside Dr.,N/A,New Bedford,MA,50553,USA,NA,Tam,Wing C,Medium,2003,11,4,November,Q4,2003-11,NA,5096.91,3346.2,1750.71,34.348458183487644,Medium
10196,27,100.0,8,4537.08,2003-11-26,Shipped,4,11,2003,Classic Cars,143,S18_4027,Super Scale Inc.,2035559545,567 North Pendale Street,N/A,New Haven,CT,97823,USA,NA,Murphy,Leslie,Medium,2003,11,4,November,Q4,2003-11,NA,4537.08,2316.6,2220.48,48.94072839800047,Medium
10207,40,100.0,1,6146.8,2003-12-09,Shipped,4,12,2003,Classic Cars,143,S18_4027,Diecast Collectables,6175552555,6251 Ingle Ln.,N/A,Boston,MA,51003,USA,NA,Franco,Valarie,Medium,2003,12,4,December,Q4,2003-12,NA,6146.8,3432.0,2714.8,44.16607015032212,High
10220,50,100.0,5,8258.0,2004-02-12,Shipped,1,2,2004,Classic Cars,143,S18_4027,"Clover Collections, Co.",+353 1862 1555,25 Maiden Lane,Floor No. 4,Dublin,N/A,2,Ireland,EMEA,Cassidy,Dean,Large,2004,2,1,February,Q1,2004-02,EMEA,8258.0,4290.0,3968.0,48.050375393557765,High
10230,42,100.0,3,7238.28,2004-03-15,Shipped,1,3,2004,Classic Cars,143,S18_4027,"Blauer See Auto, Co.",+49 69 66 90 2555,Lyonerstr. 34,N/A,Frankfurt,N/A,60528,Germany,EMEA,Keitel,Roland,Large,2004,3,1,March,Q1,2004-03,EMEA,7238.28,3603.6,3634.68,50.214691888128115,High
10247,48,100.0,5,6756.0,2004-05-05,Shipped,2,5,2004,Classic Cars,143,S18_4027,Suominen Souveniers,+358 9 8045 555,"Software Engineering Center, SEC Oy",N/A,Espoo,N/A,FIN-02271,Finland,EMEA,Suominen,Kalle,Medium,2004,5,2,May,Q2,2004-05,EMEA,6756.0,4118.4,2637.6000000000004,39.04085257548846,High
10272,25,100.0,5,3734.0,2004-07-20,Shipped,3,7,2004,Classic Cars,143,S18_4027,Diecast Classics Inc.,2155551555,7586 Pompton St.,N/A,Allentown,PA,70267,USA,NA,Yu,Kyung,Medium,2004,7,3,July,Q3,2004-07,NA,3734.0,2145.0,1589.0,42.55490091055169,Medium
10282,31,100.0,8,4674.8,2004-08-20,Shipped,3,8,2004,Classic Cars,143,S18_4027,Mini Gifts Distributors Ltd.,4155551450,5677 Strong St.,N/A,San Rafael,CA,97562,USA,NA,Nelson,Valarie,Medium,2004,8,3,August,Q3,2004-08,NA,4674.8,2659.7999999999997,2015.0000000000005,43.10344827586208,Medium
10292,44,100.0,2,7140.76,2004-09-08,Shipped,3,9,2004,Classic Cars,143,S18_4027,Land of Toys Inc.,2125557818,897 Long Airport Avenue,N/A,NYC,NY,10022,USA,NA,Yu,Kwai,Large,2004,9,3,September,Q3,2004-09,NA,7140.76,3775.2,3365.5600000000004,47.13167786061988,High
10306,23,100.0,16,3600.65,2004-10-14,Shipped,4,10,2004,Classic Cars,143,S18_4027,"AV Stores, Co.",(171) 555-1555,Fauntleroy Circus,N/A,Manchester,N/A,EC2 5NT,UK,EMEA,Ashworth,Victoria,Medium,2004,10,4,October,Q4,2004-10,EMEA,3600.65,1973.3999999999999,1627.2500000000002,45.19322900031939,Medium
10314,29,100.0,8,4206.74,2004-10-22,Shipped,4,10,2004,Classic Cars,143,S18_4027,Heintze Collectables,86 21 3555,Smagsloget 45,N/A,Aaarhus,N/A,8200,Denmark,EMEA,Ibsen,Palle,Medium,2004,10,4,October,Q4,2004-10,EMEA,4206.74,2488.2,1718.54,40.85206121604853,Medium
10324,49,100.0,13,5379.71,2004-11-05,Shipped,4,11,2004,Classic Cars,143,S18_4027,Vitachrome Inc.,2125551500,2678 Kingston Rd.,Suite 101,NYC,NY,10022,USA,NA,Frick,Michael,Medium,2004,11,4,November,Q4,2004-11,NA,5379.71,4204.2,1175.5100000000002,21.850806084342842,Medium
10337,36,100.0,3,5679.36,2004-11-21,Shipped,4,11,2004,Classic Cars,143,S18_4027,Classic Legends Inc.,2125558493,5905 Pompton St.,Suite 750,NYC,NY,10022,USA,NA,Hernandez,Maria,Medium,2004,11,4,November,Q4,2004-11,NA,5679.36,3088.7999999999997,2590.56,45.613590263691684,Medium
10349,34,100.0,5,4394.84,2004-12-01,Shipped,4,12,2004,Classic Cars,143,S18_4027,Muscle Machine Inc,2125557413,4092 Furth Circle,Suite 400,NYC,NY,10022,USA,NA,Young,Jeff,Medium,2004,12,4,December,Q4,2004-12,NA,4394.84,2917.2,1477.6400000000003,33.62215689308371,Medium
10358,25,100.0,13,2528.25,2004-12-10,Shipped,4,12,2004,Classic Cars,143,S18_4027,Euro Shopping Channel,(91) 555 94 44,"C/ Moralzarzal, 86",N/A,Madrid,N/A,28034,Spain,EMEA,Freyre,Diego,Small,2004,12,4,December,Q4,2004-12,EMEA,2528.25,2145.0,383.25,15.158706615247702,Low
10372,48,100.0,6,7031.52,2005-01-26,Shipped,1,1,2005,Classic Cars,143,S18_4027,"Tokyo Collectables, Ltd",+81 3 3584 0555,2-2-8 Roppongi,N/A,Minato-ku,Tokyo,106-0032,Japan,Japan,Shimamura,Akiko,Large,2005,1,1,January,Q1,2005-01,Japan,7031.52,4118.4,2913.120000000001,41.42944910915421,High
10383,38,100.0,1,5340.9,2005-02-22,Shipped,1,2,2005,Classic Cars,143,S18_4027,Euro Shopping Channel,(91) 555 94 44,"C/ Moralzarzal, 86",N/A,Madrid,N/A,28034,Spain,EMEA,Freyre,Diego,Medium,2005,2,1,February,Q1,2005-02,EMEA,5340.9,3260.4,2080.4999999999995,38.95410885805762,Medium
10394,37,100.0,1,6376.58,2005-03-15,Shipped,1,3,2005,Classic Cars,143,S18_4027,Euro Shopping Channel,(91) 555 94 44,"C/ Moralzarzal, 86",N/A,Madrid,N/A,28034,Spain,EMEA,Freyre,Diego,Medium,2005,3,1,March,Q1,2005-03,EMEA,6376.58,3174.6,3201.98,50.214691888128115,High
10413,49,100.0,5,6896.75,2005-05-05,Shipped,2,5,2005,Classic Cars,143,S18_4027,Gift Depot Inc.,2035552570,25593 South Bay Ln.,N/A,Bridgewater,CT,97562,USA,NA,King,Julie,Medium,2005,5,2,May,Q2,2005-05,NA,6896.75,4204.2,2692.55,39.04085257548846,High
10100,22,86.51,4,1903.22,2003-01-06,Shipped,1,1,2003,Vintage Cars,92,S18_4409,Online Diecast Creations Co.,6035558647,2304 Long Airport Avenue,N/A,Nashua,NH,62005,USA,NA,Young,Valarie,Small,2003,1,1,January,Q1,2003-01,NA,1903.22,1214.3999999999999,688.8200000000002,36.19234770546759,Low
10110,28,89.27,8,2499.56,2003-03-18,Shipped,1,3,2003,Vintage Cars,92,S18_4409,"AV Stores, Co.",(171) 555-1555,Fauntleroy Circus,N/A,Manchester,N/A,EC2 5NT,UK,EMEA,Ashworth,Victoria,Small,2003,3,1,March,Q1,2003-03,EMEA,2499.56,1545.6,953.96,38.16511706060267,Low
10124,36,85.59,7,3081.24,2003-05-21,Shipped,2,5,2003,Vintage Cars,92,S18_4409,Signal Gift Stores,7025551838,8489 Strong St.,N/A,Las Vegas,NV,83030,USA,NA,King,Sue,Medium,2003,5,2,May,Q2,2003-05,NA,3081.24,1987.1999999999998,1094.04,35.50648440238346,Medium
10148,34,100.0,1,3598.22,2003-09-11,Shipped,3,9,2003,Vintage Cars,92,S18_4409,"Anna's Decorations, Ltd",02 9936 8555,201 Miller Street,Level 15,North Sydney,NSW,2060,Australia,APAC,O'Hara,Anna,Medium,2003,9,3,September,Q3,2003-09,APAC,3598.22,1876.8,1721.4199999999998,47.840876878011905,Medium
10162,39,100.0,10,3912.09,2003-10-18,Shipped,4,10,2003,Vintage Cars,92,S18_4409,Corporate Gift Ideas Co.,6505551386,7734 Strong St.,N/A,San Francisco,CA,N/A,USA,NA,Brown,Julie,Medium,2003,10,4,October,Q4,2003-10,NA,3912.09,2152.7999999999997,1759.2900000000004,44.97059116738113,Medium
10173,21,75.46,14,1584.66,2003-11-05,Shipped,4,11,2003,Vintage Cars,92,S18_4409,Rovelli Gifts,035-640555,Via Ludovico il Moro 22,N/A,Bergamo,N/A,24100,Italy,EMEA,Rovelli,Giovanni,Small,2003,11,4,November,Q4,2003-11,EMEA,1584.66,1159.2,425.46000000000004,26.848661542539094,Low
10182,36,100.0,11,3942.72,2003-11-12,Shipped,4,11,2003,Vintage Cars,92,S18_4409,Mini Gifts Distributors Ltd.,4155551450,5677 Strong St.,N/A,San Rafael,CA,97562,USA,NA,Nelson,Valarie,Medium,2003,11,4,November,Q4,2003-11,NA,3942.72,1987.1999999999998,1955.52,49.59824689554419,Medium
10193,24,97.55,15,2341.2,2003-11-21,Shipped,4,11,2003,Vintage Cars,92,S18_4409,"Australian Collectables, Ltd",61-9-3844-6555,7 Allen Street,N/A,Glen Waverly,Victoria,3150,Australia,APAC,Connery,Sean,Small,2003,11,4,November,Q4,2003-11,APAC,2341.2,1324.8,1016.3999999999999,43.4136340338288,Low
10204,29,85.59,5,2482.11,2003-12-02,Shipped,4,12,2003,Vintage Cars,92,S18_4409,Muscle Machine Inc,2125557413,4092 Furth Circle,Suite 400,NYC,NY,10022,USA,NA,Young,Jeff,Small,2003,12,4,December,Q4,2003-12,NA,2482.11,1600.8,881.3100000000002,35.50648440238346,Low
10213,38,94.79,1,3602.02,2004-01-22,Shipped,1,1,2004,Vintage Cars,92,S18_4409,"Double Decker Gift Stores, Ltd",(171) 555-7555,120 Hanover Sq.,N/A,London,N/A,WA1 1DP,UK,EMEA,Hardy,Thomas,Medium,2004,1,1,January,Q1,2004-01,EMEA,3602.02,2097.6,1504.42,41.76600907268699,Medium
10227,34,100.0,11,3566.94,2004-03-02,Shipped,1,3,2004,Vintage Cars,92,S18_4409,"Saveley & Henriot, Co.",78.32.5555,"2, rue du Commerce",N/A,Lyon,N/A,69004,France,EMEA,Saveley,Mary,Medium,2004,3,1,March,Q1,2004-03,EMEA,3566.94,1876.8,1690.14,47.38347154704032,Medium
10241,42,90.19,3,3787.98,2004-04-13,Shipped,2,4,2004,Vintage Cars,92,S18_4409,Mini Caravy,88.60.1555,"24, place Kluber",N/A,Strasbourg,N/A,67000,France,EMEA,Citeaux,Frederique,Medium,2004,4,2,April,Q2,2004-04,EMEA,3787.98,2318.4,1469.58,38.79587537421,Medium
10280,35,100.0,17,3704.05,2004-08-17,Shipped,3,8,2004,Vintage Cars,92,S18_4409,Amica Models & Co.,011-4988555,Via Monte Bianco 34,N/A,Torino,N/A,10100,Italy,EMEA,Accorti,Paolo,Medium,2004,8,3,August,Q3,2004-08,EMEA,3704.05,1932.0,1772.0500000000002,47.840876878011905,Medium
10288,35,80.99,6,2834.65,2004-09-01,Shipped,3,9,2004,Vintage Cars,92,S18_4409,Handji Gifts& Co,+65 224 1555,Village Close - 106 Linden Road Sandown,2nd Floor,Singapore,N/A,69045,Singapore,APAC,Victorino,Wendy,Small,2004,9,3,September,Q3,2004-09,APAC,2834.65,1932.0,902.6500000000001,31.843437461414993,Low
10302,38,89.27,2,3392.26,2003-10-06,Shipped,4,10,2003,Vintage Cars,92,S18_4409,"UK Collectables, Ltd.",(171) 555-2282,Berkeley Gardens 12  Brewery,N/A,Liverpool,N/A,WX1 6LT,UK,EMEA,Devon,Elizabeth,Medium,2003,10,4,October,Q4,2003-10,EMEA,3392.26,2097.6,1294.6600000000003,38.16511706060267,Medium
10311,41,81.91,1,3358.31,2004-10-16,Shipped,4,10,2004,Vintage Cars,92,S18_4409,Euro Shopping Channel,(91) 555 94 44,"C/ Moralzarzal, 86",N/A,Madrid,N/A,28034,Spain,EMEA,Freyre,Diego,Medium,2004,10,4,October,Q4,2004-10,EMEA,3358.31,2263.2,1095.1100000000001,32.60896105481626,Medium
10332,50,100.0,2,7310.0,2004-11-17,Shipped,4,11,2004,Vintage Cars,92,S18_4409,"AV Stores, Co.",(171) 555-1555,Fauntleroy Circus,N/A,Manchester,N/A,EC2 5NT,UK,EMEA,Ashworth,Victoria,Large,2004,11,4,November,Q4,2004-11,EMEA,7310.0,2760.0,4550.0,62.243502051983576,High
10344,21,100.0,4,2203.11,2004-11-25,Shipped,4,11,2004,Vintage Cars,92,S18_4409,Marseille Mini Autos,91.24.4555,"12, rue des Bouchers",N/A,Marseille,N/A,13008,France,EMEA,Lebihan,Laurence,Small,2004,11,4,November,Q4,2004-11,EMEA,2203.11,1159.2,1043.91,47.38347154704032,Low
10367,43,62.72,8,2696.96,2005-01-12,Resolved,1,1,2005,Vintage Cars,92,S18_4409,Toys4GrownUps.com,6265557265,78934 Hillside Dr.,N/A,Pasadena,CA,90003,USA,NA,Young,Julie,Small,2005,1,1,January,Q1,2005-01,NA,2696.96,2373.6,323.3600000000001,11.989795918367353,Low
10380,32,100.0,1,3376.64,2005-02-16,Shipped,1,2,2005,Vintage Cars,92,S18_4409,Euro Shopping Channel,(91) 555 94 44,"C/ Moralzarzal, 86",N/A,Madrid,N/A,28034,Spain,EMEA,Freyre,Diego,Medium,2005,2,1,February,Q1,2005-02,EMEA,3376.64,1766.3999999999999,1610.24,47.68764215314633,Medium
10407,6,90.19,3,541.14,2005-04-22,On Hold,2,4,2005,Vintage Cars,92,S18_4409,The Sharp Gifts Warehouse,4085553659,3086 Ingle Ln.,N/A,San Jose,CA,94217,USA,NA,Frick,Sue,Small,2005,4,2,April,Q2,2005-04,NA,541.14,331.2,209.94,38.795875374210006,Low
10420,66,92.95,6,6134.7,2005-05-29,In Process,2,5,2005,Vintage Cars,92,S18_4409,Souveniers And Things Co.,+61 2 9495 8555,"Monitor Money Building, 815 Pacific Hwy",Level 6,Chatswood,NSW,2067,Australia,APAC,Huxley,Adrian,Medium,2005,5,2,May,Q2,2005-05,APAC,6134.7,3643.2,2491.5,40.61323292092523,High
10105,41,82.5,10,3382.5,2003-02-11,Shipped,1,2,2003,Vintage Cars,87,S18_4522,Danish Wholesale Imports,31 12 3555,Vinb'ltet 34,N/A,Kobenhavn,N/A,1734,Denmark,EMEA,Petersen,Jytte,Medium,2003,2,1,February,Q1,2003-02,EMEA,3382.5,2140.2,1242.3000000000002,36.727272727272734,Medium
10117,23,97.42,4,2240.66,2003-04-16,Shipped,2,4,2003,Vintage Cars,87,S18_4522,"Dragon Souveniers, Ltd.",+65 221 7555,"Bronz Sok., Bronz Apt. 3/6 Tesvikiye",N/A,Singapore,N/A,79903,Singapore,Japan,Natividad,Eric,Small,2003,4,2,April,Q2,2003-04,Japan,2240.66,1200.6,1040.06,46.41757339355369,Low
10128,43,92.16,1,3962.88,2003-06-06,Shipped,2,6,2003,Vintage Cars,87,S18_4522,Euro Shopping Channel,(91) 555 94 44,"C/ Moralzarzal, 86",N/A,Madrid,N/A,28034,Spain,EMEA,Freyre,Diego,Medium,2003,6,2,June,Q2,2003-06,EMEA,3962.88,2244.6,1718.2800000000002,43.35937500000001,Medium
10142,24,70.22,7,1685.28,2003-08-08,Shipped,3,8,2003,Vintage Cars,87,S18_4522,Mini Gifts Distributors Ltd.,4155551450,5677 Strong St.,N/A,San Rafael,CA,97562,USA,NA,Nelson,Valarie,Small,2003,8,3,August,Q3,2003-08,NA,1685.28,1252.8,432.48,25.662204500142412,Low
10153,22,83.38,6,1834.36,2003-09-28,Shipped,3,9,2003,Vintage Cars,87,S18_4522,Euro Shopping Channel,(91) 555 94 44,"C/ Moralzarzal, 86",N/A,Madrid,N/A,28034,Spain,EMEA,Freyre,Diego,Small,2003,9,3,September,Q3,2003-09,EMEA,1834.36,1148.3999999999999,685.96,37.39505876709043,Low
10166,26,73.73,1,1916.98,2003-10-21,Shipped,4,10,2003,Vintage Cars,87,S18_4522,FunGiftIdeas.com,5085552555,1785 First Street,N/A,New Bedford,MA,50553,USA,NA,Benitez,Violeta,Small,2003,10,4,October,Q4,2003-10,NA,1916.98,1357.2,559.78,29.20113929201139,Low
10177,35,74.6,8,2611.0,2003-11-07,Shipped,4,11,2003,Vintage Cars,87,S18_4522,CAF Imports,+34 913 728 555,"Merchants House, 27-30 Merchant's Quay",N/A,Madrid,N/A,28023,Spain,EMEA,Fernandez,Jesus,Small,2003,11,4,November,Q4,2003-11,EMEA,2611.0,1827.0,784.0,30.02680965147453,Low
10185,47,77.24,8,3630.28,2003-11-14,Shipped,4,11,2003,Vintage Cars,87,S18_4522,Mini Creations Ltd.,5085559555,4575 Hillside Dr.,N/A,New Bedford,MA,50553,USA,NA,Tam,Wing C,Medium,2003,11,4,November,Q4,2003-11,NA,3630.28,2453.4,1176.88,32.418436043500776,Medium
10197,50,100.0,14,5090.5,2003-11-26,Shipped,4,11,2003,Vintage Cars,87,S18_4522,Enaco Distributors,(93) 203 4555,"Rambla de Catalu¤a, 23",N/A,Barcelona,N/A,8022,Spain,EMEA,Saavedra,Eduardo,Medium,2003,11,4,November,Q4,2003-11,EMEA,5090.5,2610.0,2480.5,48.72802278754543,Medium
10208,45,87.77,8,3949.65,2004-01-02,Shipped,1,1,2004,Vintage Cars,87,S18_4522,"Saveley & Henriot, Co.",78.32.5555,"2, rue du Commerce",N/A,Lyon,N/A,69004,France,EMEA,Saveley,Mary,Medium,2004,1,1,January,Q1,2004-01,EMEA,3949.65,2349.0,1600.65,40.52637575481372,Medium
10221,39,89.53,2,3491.67,2004-02-18,Shipped,1,2,2004,Vintage Cars,87,S18_4522,Petit Auto,(02) 5554 67,Rue Joseph-Bens 532,N/A,Bruxelles,N/A,B-1180,Belgium,EMEA,Dewey,Catherine,Medium,2004,2,1,February,Q1,2004-02,EMEA,3491.67,2035.8,1455.8700000000001,41.69552105439518,Medium
10232,23,89.53,5,2059.19,2004-03-20,Shipped,1,3,2004,Vintage Cars,87,S18_4522,giftsbymail.co.uk,(198) 555-8888,Garden House Crowther Way,N/A,Cowes,Isle of Wight,PO31 7PJ,UK,EMEA,Bennett,Helen,Small,2004,3,1,March,Q1,2004-03,EMEA,2059.19,1200.6,858.5900000000001,41.69552105439518,Low
10248,42,75.48,11,3170.16,2004-05-07,Cancelled,2,5,2004,Vintage Cars,87,S18_4522,Land of Toys Inc.,2125557818,897 Long Airport Avenue,N/A,NYC,NY,10022,USA,NA,Yu,Kwai,Medium,2004,5,2,May,Q2,2004-05,NA,3170.16,2192.4,977.7599999999998,30.84260731319554,Medium
10261,20,89.53,9,1790.6,2004-06-17,Shipped,2,6,2004,Vintage Cars,87,S18_4522,Quebec Home Shopping Network,(514) 555-8054,43 rue St. Laurent,N/A,Montreal,Quebec,H1J 1C3,Canada,NA,Fresnisre,Jean,Small,2004,6,2,June,Q2,2004-06,NA,1790.6,1044.0,746.5999999999999,41.69552105439517,Low
10273,33,71.09,12,2345.97,2004-07-21,Shipped,3,7,2004,Vintage Cars,87,S18_4522,Petit Auto,(02) 5554 67,Rue Joseph-Bens 532,N/A,Bruxelles,N/A,B-1180,Belgium,EMEA,Dewey,Catherine,Small,2004,7,3,July,Q3,2004-07,EMEA,2345.97,1722.6,623.3699999999999,26.571951047967364,Low
10283,34,100.0,14,3580.88,2004-08-20,Shipped,3,8,2004,Vintage Cars,87,S18_4522,"Royal Canadian Collectables, Ltd.",(604) 555-4555,23 Tsawassen Blvd.,N/A,Tsawassen,BC,T2F 8M4,Canada,NA,Lincoln,Elizabeth,Medium,2004,8,3,August,Q3,2004-08,NA,3580.88,1774.8,1806.0800000000002,50.43676414736042,Medium
10293,49,100.0,3,4946.06,2004-09-09,Shipped,3,9,2004,Vintage Cars,87,S18_4522,Amica Models & Co.,011-4988555,Via Monte Bianco 34,N/A,Torino,N/A,10100,Italy,EMEA,Accorti,Paolo,Medium,2004,9,3,September,Q3,2004-09,EMEA,4946.06,2557.7999999999997,2388.2600000000007,48.286110560729156,Medium
10306,39,90.4,8,3525.6,2004-10-14,Shipped,4,10,2004,Vintage Cars,87,S18_4522,"AV Stores, Co.",(171) 555-1555,Fauntleroy Circus,N/A,Manchester,N/A,EC2 5NT,UK,EMEA,Ashworth,Victoria,Medium,2004,10,4,October,Q4,2004-10,EMEA,3525.6,2035.8,1489.8,42.256637168141594,Medium
10315,36,100.0,7,3602.16,2004-10-29,Shipped,4,10,2004,Vintage Cars,87,S18_4522,La Rochelle Gifts,40.67.8555,"67, rue des Cinquante Otages",N/A,Nantes,N/A,44000,France,EMEA,Labrune,Janine,Medium,2004,10,4,October,Q4,2004-10,EMEA,3602.16,1879.1999999999998,1722.96,47.83130121926844,Medium
10326,50,86.01,5,4300.5,2004-11-09,Shipped,4,11,2004,Vintage Cars,87,S18_4522,"Volvo Model Replicas, Co",0921-12 3555,Berguvsvgen  8,N/A,Lule,N/A,S-958 22,Sweden,EMEA,Berglund,Christina,Medium,2004,11,4,November,Q4,2004-11,EMEA,4300.5,2610.0,1690.5,39.30938262992675,Medium
10337,29,100.0,2,4498.19,2004-11-21,Shipped,4,11,2004,Vintage Cars,87,S18_4522,Classic Legends Inc.,2125558493,5905 Pompton St.,Suite 750,NYC,NY,10022,USA,NA,Hernandez,Maria,Medium,2004,11,4,November,Q4,2004-11,NA,4498.19,1513.8,2984.3899999999994,66.34646379988395,Medium
10350,30,100.0,3,3023.1,2004-12-02,Shipped,4,12,2004,Vintage Cars,87,S18_4522,Euro Shopping Channel,(91) 555 94 44,"C/ Moralzarzal, 86",N/A,Madrid,N/A,28034,Spain,EMEA,Freyre,Diego,Medium,2004,12,4,December,Q4,2004-12,EMEA,3023.1,1566.0,1457.1,48.198868710925865,Medium
10372,41,86.89,7,3562.49,2005-01-26,Shipped,1,1,2005,Vintage Cars,87,S18_4522,"Tokyo Collectables, Ltd",+81 3 3584 0555,2-2-8 Roppongi,N/A,Minato-ku,Tokyo,106-0032,Japan,Japan,Shimamura,Akiko,Medium,2005,1,1,January,Q1,2005-01,Japan,3562.49,2140.2,1422.29,39.92404189204742,Medium
10383,28,58.58,7,1640.24,2005-02-22,Shipped,1,2,2005,Vintage Cars,87,S18_4522,Euro Shopping Channel,(91) 555 94 44,"C/ Moralzarzal, 86",N/A,Madrid,N/A,28034,Spain,EMEA,Freyre,Diego,Small,2005,2,1,February,Q1,2005-02,EMEA,1640.24,1461.6,178.6400000000001,10.891089108910897,Low
10396,45,100.0,5,4739.4,2005-03-23,Shipped,1,3,2005,Vintage Cars,87,S18_4522,Mini Gifts Distributors Ltd.,4155551450,5677 Strong St.,N/A,San Rafael,CA,97562,USA,NA,Nelson,Valarie,Medium,2005,3,1,March,Q1,2005-03,NA,4739.4,2349.0,2390.3999999999996,50.43676414736042,Medium
10414,16,75.48,11,1207.68,2005-05-06,On Hold,2,5,2005,Vintage Cars,87,S18_4522,Gifts4AllAges.com,6175559555,8616 Spinnaker Dr.,N/A,Boston,MA,51003,USA,NA,Yoshido,Juri,Small,2005,5,2,May,Q2,2005-05,NA,1207.68,835.1999999999999,372.48000000000013,30.842607313195558,Low
10103,36,100.0,5,4228.2,2003-01-29,Shipped,1,1,2003,Trucks and Buses,121,S18_4600,Baane Mini Imports,07-98 9555,Erling Skakkes gate 78,N/A,Stavern,N/A,4110,Norway,EMEA,Bergulfsen,Jonas,Medium,2003,1,1,January,Q1,2003-01,EMEA,4228.2,2613.6,1614.6,38.18646232439336,Medium
10114,41,100.0,9,4815.45,2003-04-01,Shipped,2,4,2003,Trucks and Buses,121,S18_4600,"La Corne D'abondance, Co.",(1) 42.34.2555,"265, boulevard Charonne",N/A,Paris,N/A,75012,France,EMEA,Bertrand,Marie,Medium,2003,4,2,April,Q2,2003-04,EMEA,4815.45,2976.6,1838.85,38.18646232439336,Medium
10126,50,100.0,5,7083.0,2003-05-28,Shipped,2,5,2003,Trucks and Buses,121,S18_4600,"Corrida Auto Replicas, Ltd",(91) 555 22 82,"C/ Araquil, 67",N/A,Madrid,N/A,28023,Spain,EMEA,Sommer,Mart¡n,Large,2003,5,2,May,Q2,2003-05,EMEA,7083.0,3630.0,3453.0,48.75052943667937,High
10140,40,100.0,5,4601.2,2003-07-24,Shipped,3,7,2003,Trucks and Buses,121,S18_4600,Technics Stores Inc.,6505556809,9408 Furth Circle,N/A,Burlingame,CA,94217,USA,NA,Hirano,Juri,Medium,2003,7,3,July,Q3,2003-07,NA,4601.2,2904.0,1697.1999999999998,36.88602973137442,Medium
10150,49,100.0,2,6467.02,2003-09-19,Shipped,3,9,2003,Trucks and Buses,121,S18_4600,"Dragon Souveniers, Ltd.",+65 221 7555,"Bronz Sok., Bronz Apt. 3/6 Tesvikiye",N/A,Singapore,N/A,79903,Singapore,Japan,Natividad,Eric,Medium,2003,9,3,September,Q3,2003-09,Japan,6467.02,3557.4,2909.6200000000003,44.99166540384907,High
10164,45,100.0,3,5012.55,2003-10-21,Resolved,4,10,2003,Trucks and Buses,121,S18_4600,Mini Auto Werke,7675-3555,Kirchgasse 6,N/A,Graz,N/A,8010,Austria,EMEA,Mendel,Roland,Medium,2003,10,4,October,Q4,2003-10,EMEA,5012.55,3267.0,1745.5500000000002,34.82359278211689,Medium
10175,47,100.0,10,5121.59,2003-11-06,Shipped,4,11,2003,Trucks and Buses,121,S18_4600,"Stylish Desk Decors, Co.",(171) 555-0297,35 King George,N/A,London,N/A,WX3 6FW,UK,EMEA,Brown,Ann,Medium,2003,11,4,November,Q4,2003-11,EMEA,5121.59,3412.2,1709.3900000000003,33.3761585757548,Medium
10183,21,100.0,2,2441.04,2003-11-13,Shipped,4,11,2003,Trucks and Buses,121,S18_4600,"Classic Gift Ideas, Inc",2155554695,782 First Street,N/A,Philadelphia,PA,71270,USA,NA,Cervantes,Francisca,Small,2003,11,4,November,Q4,2003-11,NA,2441.04,1524.6,916.44,37.54301445285616,Low
10194,32,100.0,5,4262.08,2003-11-25,Shipped,4,11,2003,Trucks and Buses,121,S18_4600,"Saveley & Henriot, Co.",78.32.5555,"2, rue du Commerce",N/A,Lyon,N/A,69004,France,EMEA,Saveley,Mary,Medium,2003,11,4,November,Q4,2003-11,EMEA,4262.08,2323.2,1938.88,45.49140325850289,Medium
10207,47,100.0,16,6658.02,2003-12-09,Shipped,4,12,2003,Trucks and Buses,121,S18_4600,Diecast Collectables,6175552555,6251 Ingle Ln.,N/A,Boston,MA,51003,USA,NA,Franco,Valarie,Medium,2003,12,4,December,Q4,2003-12,NA,6658.02,3412.2,3245.8200000000006,48.75052943667938,High
10217,38,100.0,5,4509.08,2004-02-04,Shipped,1,2,2004,Trucks and Buses,121,S18_4600,Handji Gifts& Co,+65 224 1555,Village Close - 106 Linden Road Sandown,2nd Floor,Singapore,N/A,69045,Singapore,APAC,Victorino,Wendy,Medium,2004,2,1,February,Q1,2004-02,APAC,4509.08,2758.7999999999997,1750.2800000000002,38.81678745996967,Medium
10229,41,100.0,10,4716.23,2004-03-11,Shipped,1,3,2004,Trucks and Buses,121,S18_4600,Mini Gifts Distributors Ltd.,4155551450,5677 Strong St.,N/A,San Rafael,CA,97562,USA,NA,Nelson,Valarie,Medium,2004,3,1,March,Q1,2004-03,NA,4716.23,2976.6,1739.6299999999997,36.88602973137442,Medium
10245,21,100.0,3,2390.22,2004-05-04,Shipped,2,5,2004,Trucks and Buses,121,S18_4600,Super Scale Inc.,2035559545,567 North Pendale Street,N/A,New Haven,CT,97823,USA,NA,Murphy,Leslie,Small,2004,5,2,May,Q2,2004-05,NA,2390.22,1524.6,865.6199999999999,36.21507643647865,Low
10259,41,100.0,13,4666.62,2004-06-15,Shipped,2,6,2004,Trucks and Buses,121,S18_4600,Handji Gifts& Co,+65 224 1555,Village Close - 106 Linden Road Sandown,2nd Floor,Singapore,N/A,69045,Singapore,APAC,Victorino,Wendy,Medium,2004,6,2,June,Q2,2004-06,APAC,4666.62,2976.6,1690.02,36.21507643647865,Medium
10270,38,100.0,3,5383.08,2004-07-19,Shipped,3,7,2004,Trucks and Buses,121,S18_4600,Souveniers And Things Co.,+61 2 9495 8555,"Monitor Money Building, 815 Pacific Hwy",Level 6,Chatswood,NSW,2067,Australia,APAC,Huxley,Adrian,Medium,2004,7,3,July,Q3,2004-07,APAC,5383.08,2758.7999999999997,2624.28,48.75052943667938,Medium
10281,25,99.29,10,2482.25,2004-08-19,Shipped,3,8,2004,Trucks and Buses,121,S18_4600,Diecast Classics Inc.,2155551555,7586 Pompton St.,N/A,Allentown,PA,70267,USA,NA,Yu,Kyung,Small,2004,8,3,August,Q3,2004-08,NA,2482.25,1815.0,667.25,26.88085406385336,Low
10291,48,100.0,5,5288.64,2004-09-08,Shipped,3,9,2004,Trucks and Buses,121,S18_4600,Scandinavian Gift Ideas,0695-34 6555,?kergatan 24,N/A,Boras,N/A,S-844 67,Sweden,EMEA,Larsson,Maria,Medium,2004,9,3,September,Q3,2004-09,EMEA,5288.64,3484.7999999999997,1803.8400000000006,34.10782356144492,Medium
10305,22,99.29,14,2184.38,2004-10-13,Shipped,4,10,2004,Trucks and Buses,121,S18_4600,Marta's Replicas Co.,6175558555,39323 Spinnaker Dr.,N/A,Cambridge,MA,51247,USA,NA,Hernandez,Marta,Small,2004,10,4,October,Q4,2004-10,NA,2184.38,1597.2,587.1800000000001,26.88085406385336,Low
10313,28,100.0,8,2881.76,2004-10-22,Shipped,4,10,2004,Trucks and Buses,121,S18_4600,Canadian Gift Exchange Network,(604) 555-3392,1900 Oak St.,N/A,Vancouver,BC,V3F 2K1,Canada,NA,Tannamuri,Yoshi,Small,2004,10,4,October,Q4,2004-10,NA,2881.76,2032.8,848.9600000000003,29.45977458219977,Low
10323,47,100.0,1,6203.06,2004-11-05,Shipped,4,11,2004,Trucks and Buses,121,S18_4600,"Blauer See Auto, Co.",+49 69 66 90 2555,Lyonerstr. 34,N/A,Frankfurt,N/A,60528,Germany,EMEA,Keitel,Roland,Medium,2004,11,4,November,Q4,2004-11,EMEA,6203.06,3412.2,2790.8600000000006,44.991665403849076,High
10334,49,100.0,4,6763.47,2004-11-19,On Hold,4,11,2004,Trucks and Buses,121,S18_4600,"Volvo Model Replicas, Co",0921-12 3555,Berguvsvgen  8,N/A,Lule,N/A,S-958 22,Sweden,EMEA,Berglund,Christina,Medium,2004,11,4,November,Q4,2004-11,EMEA,6763.47,3557.4,3206.07,47.402738535101065,High
10347,45,100.0,4,5884.65,2004-11-29,Shipped,4,11,2004,Trucks and Buses,121,S18_4600,"Australian Collectors, Co.",03 9520 4555,636 St Kilda Road,Level 3,Melbourne,Victoria,3004,Australia,APAC,Ferguson,Peter,Medium,2004,11,4,November,Q4,2004-11,APAC,5884.65,3267.0,2617.6499999999996,44.48267951364991,Medium
10357,28,100.0,2,3559.64,2004-12-10,Shipped,4,12,2004,Trucks and Buses,121,S18_4600,Mini Gifts Distributors Ltd.,4155551450,5677 Strong St.,N/A,San Rafael,CA,97562,USA,NA,Nelson,Valarie,Medium,2004,12,4,December,Q4,2004-12,NA,3559.64,2032.8,1526.84,42.8931015495949,Medium
10370,29,57.53,6,1668.37,2005-01-20,Shipped,1,1,2005,Trucks and Buses,121,S18_4600,"Anna's Decorations, Ltd",02 9936 8555,201 Miller Street,Level 15,North Sydney,NSW,2060,Australia,APAC,O'Hara,Anna,Small,2005,1,1,January,Q1,2005-01,APAC,1668.37,2105.4,-437.0300000000002,-26.19502868068835,Low
10382,39,100.0,1,4890.6,2005-02-17,Shipped,1,2,2005,Trucks and Buses,121,S18_4600,Mini Gifts Distributors Ltd.,4155551450,5677 Strong St.,N/A,San Rafael,CA,97562,USA,NA,Nelson,Valarie,Medium,2005,2,1,February,Q1,2005-02,NA,4890.6,2831.4,2059.2000000000003,42.10526315789474,Medium
10411,46,100.0,3,5235.72,2005-05-01,Shipped,2,5,2005,Trucks and Buses,121,S18_4600,Quebec Home Shopping Network,(514) 555-8054,43 rue St. Laurent,N/A,Montreal,Quebec,H1J 1C3,Canada,NA,Fresnisre,Jean,Medium,2005,5,2,May,Q2,2005-05,NA,5235.72,3339.6,1896.1200000000003,36.215076436478654,Medium
10425,38,100.0,13,4325.16,2005-05-31,In Process,2,5,2005,Trucks and Buses,121,S18_4600,La Rochelle Gifts,40.67.8555,"67, rue des Cinquante Otages",N/A,Nantes,N/A,44000,France,EMEA,Labrune,Janine,Medium,2005,5,2,May,Q2,2005-05,EMEA,4325.16,2758.7999999999997,1566.3600000000001,36.215076436478654,Medium
10103,41,47.29,9,1938.89,2003-01-29,Shipped,1,1,2003,Vintage Cars,50,S18_4668,Baane Mini Imports,07-98 9555,Erling Skakkes gate 78,N/A,Stavern,N/A,4110,Norway,EMEA,Bergulfsen,Jonas,Small,2003,1,1,January,Q1,2003-01,EMEA,1938.89,1230.0,708.8900000000001,36.56164093888772,Low
10113,50,49.81,3,2490.5,2003-03-26,Shipped,1,3,2003,Vintage Cars,50,S18_4668,Mini Gifts Distributors Ltd.,4155551450,5677 Strong St.,N/A,San Rafael,CA,97562,USA,NA,Nelson,Valarie,Small,2003,3,1,March,Q1,2003-03,NA,2490.5,1500.0,990.5,39.77113029512146,Low
10126,43,53.83,9,2314.69,2003-05-28,Shipped,2,5,2003,Vintage Cars,50,S18_4668,"Corrida Auto Replicas, Ltd",(91) 555 22 82,"C/ Araquil, 67",N/A,Madrid,N/A,28023,Spain,EMEA,Sommer,Mart¡n,Small,2003,5,2,May,Q2,2003-05,EMEA,2314.69,1290.0,1024.69,44.26899498420955,Low
10140,29,43.27,9,1254.83,2003-07-24,Shipped,3,7,2003,Vintage Cars,50,S18_4668,Technics Stores Inc.,6505556809,9408 Furth Circle,N/A,Burlingame,CA,94217,USA,NA,Hirano,Juri,Small,2003,7,3,July,Q3,2003-07,NA,1254.83,870.0,384.8299999999999,30.667899237346884,Low
10150,30,42.76,6,1282.8,2003-09-19,Shipped,3,9,2003,Vintage Cars,50,S18_4668,"Dragon Souveniers, Ltd.",+65 221 7555,"Bronz Sok., Bronz Apt. 3/6 Tesvikiye",N/A,Singapore,N/A,79903,Singapore,Japan,Natividad,Eric,Small,2003,9,3,September,Q3,2003-09,Japan,1282.8,900.0,382.79999999999995,29.84097287184284,Low
10164,25,53.83,7,1345.75,2003-10-21,Resolved,4,10,2003,Vintage Cars,50,S18_4668,Mini Auto Werke,7675-3555,Kirchgasse 6,N/A,Graz,N/A,8010,Austria,EMEA,Mendel,Roland,Small,2003,10,4,October,Q4,2003-10,EMEA,1345.75,750.0,595.75,44.26899498420955,Low
10174,49,44.78,2,2194.22,2003-11-06,Shipped,4,11,2003,Vintage Cars,50,S18_4668,"Australian Gift Network, Co",61-7-3844-6555,31 Duncan St. West End,N/A,South Brisbane,Queensland,4101,Australia,APAC,Calaghan,Tony,Small,2003,11,4,November,Q4,2003-11,APAC,2194.22,1470.0,724.2199999999998,33.00580616346583,Low
10183,40,49.3,6,1972.0,2003-11-13,Shipped,4,11,2003,Vintage Cars,50,S18_4668,"Classic Gift Ideas, Inc",2155554695,782 First Street,N/A,Philadelphia,PA,71270,USA,NA,Cervantes,Francisca,Small,2003,11,4,November,Q4,2003-11,NA,1972.0,1200.0,772.0,39.148073022312374,Low
10194,41,44.78,9,1835.98,2003-11-25,Shipped,4,11,2003,Vintage Cars,50,S18_4668,"Saveley & Henriot, Co.",78.32.5555,"2, rue du Commerce",N/A,Lyon,N/A,69004,France,EMEA,Saveley,Mary,Small,2003,11,4,November,Q4,2003-11,EMEA,1835.98,1230.0,605.98,33.005806163465834,Low
10206,21,53.33,4,1119.93,2003-12-05,Shipped,4,12,2003,Vintage Cars,50,S18_4668,Canadian Gift Exchange Network,(604) 555-3392,1900 Oak St.,N/A,Vancouver,BC,V3F 2K1,Canada,NA,Tannamuri,Yoshi,Small,2003,12,4,December,Q4,2003-12,NA,1119.93,630.0,489.93000000000006,43.74648415525971,Low
10215,46,45.28,1,2082.88,2004-01-29,Shipped,1,1,2004,Vintage Cars,50,S18_4668,West Coast Collectables Co.,3105553722,3675 Furth Circle,N/A,Burbank,CA,94019,USA,NA,Thompson,Steve,Small,2004,1,1,January,Q1,2004-01,NA,2082.88,1380.0,702.8800000000001,33.745583038869256,Low
10229,39,40.25,14,1569.75,2004-03-11,Shipped,1,3,2004,Vintage Cars,50,S18_4668,Mini Gifts Distributors Ltd.,4155551450,5677 Strong St.,N/A,San Rafael,CA,97562,USA,NA,Nelson,Valarie,Small,2004,3,1,March,Q1,2004-03,NA,1569.75,1170.0,399.75,25.465838509316768,Low
10245,45,59.87,7,2694.15,2004-05-04,Shipped,2,5,2004,Vintage Cars,50,S18_4668,Super Scale Inc.,2035559545,567 North Pendale Street,N/A,New Haven,CT,97823,USA,NA,Murphy,Leslie,Small,2004,5,2,May,Q2,2004-05,NA,2694.15,1350.0,1344.15,49.89143143477535,Low
10258,21,59.87,4,1257.27,2004-06-15,Shipped,2,6,2004,Vintage Cars,50,S18_4668,"Tokyo Collectables, Ltd",+81 3 3584 0555,2-2-8 Roppongi,N/A,Minato-ku,Tokyo,106-0032,Japan,Japan,Shimamura,Akiko,Small,2004,6,2,June,Q2,2004-06,Japan,1257.27,630.0,627.27,49.89143143477535,Low
10270,44,58.36,7,2567.84,2004-07-19,Shipped,3,7,2004,Vintage Cars,50,S18_4668,Souveniers And Things Co.,+61 2 9495 8555,"Monitor Money Building, 815 Pacific Hwy",Level 6,Chatswood,NSW,2067,Australia,APAC,Huxley,Adrian,Small,2004,7,3,July,Q3,2004-07,APAC,2567.84,1320.0,1247.8400000000001,48.59492803289925,Low
10281,44,59.87,14,2634.28,2004-08-19,Shipped,3,8,2004,Vintage Cars,50,S18_4668,Diecast Classics Inc.,2155551555,7586 Pompton St.,N/A,Allentown,PA,70267,USA,NA,Yu,Kyung,Small,2004,8,3,August,Q3,2004-08,NA,2634.28,1320.0,1314.2800000000002,49.89143143477535,Low
10291,29,51.82,9,1502.78,2004-09-08,Shipped,3,9,2004,Vintage Cars,50,S18_4668,Scandinavian Gift Ideas,0695-34 6555,?kergatan 24,N/A,Boras,N/A,S-844 67,Sweden,EMEA,Larsson,Maria,Small,2004,9,3,September,Q3,2004-09,EMEA,1502.78,870.0,632.78,42.107294480895405,Low
10304,34,49.3,4,1676.2,2004-10-11,Shipped,4,10,2004,Vintage Cars,50,S18_4668,Auto Assoc. & Cie.,30.59.8555,"67, avenue de l'Europe",N/A,Versailles,N/A,78000,France,EMEA,Tonini,Daniel,Small,2004,10,4,October,Q4,2004-10,EMEA,1676.2,1020.0,656.2,39.148073022312374,Low
10312,39,56.85,1,2217.15,2004-10-21,Shipped,4,10,2004,Vintage Cars,50,S18_4668,Mini Gifts Distributors Ltd.,4155551450,5677 Strong St.,N/A,San Rafael,CA,97562,USA,NA,Nelson,Valarie,Small,2004,10,4,October,Q4,2004-10,NA,2217.15,1170.0,1047.15,47.229551451187334,Low
10324,38,100.0,6,6832.02,2004-11-05,Shipped,4,11,2004,Vintage Cars,50,S18_4668,Vitachrome Inc.,2125551500,2678 Kingston Rd.,Suite 101,NYC,NY,10022,USA,NA,Frick,Michael,Medium,2004,11,4,November,Q4,2004-11,NA,6832.02,1140.0,5692.02,83.31386617720675,High
10333,24,79.86,8,1916.64,2004-11-18,Shipped,4,11,2004,Vintage Cars,50,S18_4668,Mini Wheels Co.,6505555787,5557 North Pendale Street,N/A,San Francisco,CA,N/A,USA,NA,Murphy,Julie,Small,2004,11,4,November,Q4,2004-11,NA,1916.64,720.0,1196.64,62.43425995492111,Low
10348,29,100.0,6,7110.8,2004-11-01,Shipped,4,11,2004,Vintage Cars,50,S18_4668,"Corrida Auto Replicas, Ltd",(91) 555 22 82,"C/ Araquil, 67",N/A,Madrid,N/A,28023,Spain,EMEA,Sommer,Mart¡n,Large,2004,11,4,November,Q4,2004-11,EMEA,7110.8,870.0,6240.8,87.76508972267537,High
10358,30,100.0,8,5302.8,2004-12-10,Shipped,4,12,2004,Vintage Cars,50,S18_4668,Euro Shopping Channel,(91) 555 94 44,"C/ Moralzarzal, 86",N/A,Madrid,N/A,28034,Spain,EMEA,Freyre,Diego,Medium,2004,12,4,December,Q4,2004-12,EMEA,5302.8,900.0,4402.8,83.02783435166327,Medium
10370,20,100.0,2,2730.0,2005-01-20,Shipped,1,1,2005,Vintage Cars,50,S18_4668,"Anna's Decorations, Ltd",02 9936 8555,201 Miller Street,Level 15,North Sydney,NSW,2060,Australia,APAC,O'Hara,Anna,Small,2005,1,1,January,Q1,2005-01,APAC,2730.0,600.0,2130.0,78.02197802197803,Low
10382,39,100.0,2,7827.3,2005-02-17,Shipped,1,2,2005,Vintage Cars,50,S18_4668,Mini Gifts Distributors Ltd.,4155551450,5677 Strong St.,N/A,San Rafael,CA,97562,USA,NA,Nelson,Valarie,Large,2005,2,1,February,Q1,2005-02,NA,7827.3,1170.0,6657.3,85.05231689088191,High
10411,35,59.87,7,2095.45,2005-05-01,Shipped,2,5,2005,Vintage Cars,50,S18_4668,Quebec Home Shopping Network,(514) 555-8054,43 rue St. Laurent,N/A,Montreal,Quebec,H1J 1C3,Canada,NA,Fresnisre,Jean,Small,2005,5,2,May,Q2,2005-05,NA,2095.45,1050.0,1045.4499999999998,49.89143143477534,Low
10424,26,59.87,4,1556.62,2005-05-31,In Process,2,5,2005,Vintage Cars,50,S18_4668,Euro Shopping Channel,(91) 555 94 44,"C/ Moralzarzal, 86",N/A,Madrid,N/A,28034,Spain,EMEA,Freyre,Diego,Small,2005,5,2,May,Q2,2005-05,EMEA,1556.62,780.0,776.6199999999999,49.89143143477534,Low
10108,44,100.0,11,5565.12,2003-03-03,Shipped,1,3,2003,Classic Cars,148,S18_4721,Cruz & Sons Co.,+63 2 555 3587,15 McCallum Street - NatWest Center #13-03,N/A,Makati City,N/A,1227 MM,Philippines,Japan,Cruz,Arnold,Medium,2003,3,1,March,Q1,2003-03,Japan,5565.12,3907.2,1657.92,29.79127134724858,Medium
10122,28,100.0,15,3583.16,2003-05-08,Shipped,2,5,2003,Classic Cars,148,S18_4721,Marseille Mini Autos,91.24.4555,"12, rue des Bouchers",N/A,Marseille,N/A,13008,France,EMEA,Lebihan,Laurence,Medium,2003,5,2,May,Q2,2003-05,EMEA,3583.16,2486.4,1096.7599999999998,30.60873642259904,Medium
10135,31,100.0,12,4705.18,2003-07-02,Shipped,3,7,2003,Classic Cars,148,S18_4721,Mini Gifts Distributors Ltd.,4155551450,5677 Strong St.,N/A,San Rafael,CA,97562,USA,NA,Nelson,Valarie,Medium,2003,7,3,July,Q3,2003-07,NA,4705.18,2752.7999999999997,1952.3800000000006,41.49426801950192,Medium
10146,29,100.0,1,4444.54,2003-09-03,Shipped,3,9,2003,Classic Cars,148,S18_4721,Gift Ideas Corp.,2035554407,2440 Pompton St.,N/A,Glendale,CT,97561,USA,NA,Lewis,Dan,Medium,2003,9,3,September,Q3,2003-09,NA,4444.54,2575.2,1869.3400000000001,42.059245726216886,Medium
10159,32,100.0,7,4618.88,2003-10-10,Shipped,4,10,2003,Classic Cars,148,S18_4721,Corporate Gift Ideas Co.,6505551386,7734 Strong St.,N/A,San Francisco,CA,N/A,USA,NA,Brown,Julie,Medium,2003,10,4,October,Q4,2003-10,NA,4618.88,2841.6,1777.2800000000002,38.47859221283082,Medium
10169,33,100.0,7,4910.4,2003-11-04,Shipped,4,11,2003,Classic Cars,148,S18_4721,"Anna's Decorations, Ltd",02 9936 8555,201 Miller Street,Level 15,North Sydney,NSW,2060,Australia,APAC,O'Hara,Anna,Medium,2003,11,4,November,Q4,2003-11,APAC,4910.4,2930.4,1979.9999999999995,40.32258064516128,Medium
10180,44,100.0,2,5565.12,2003-11-11,Shipped,4,11,2003,Classic Cars,148,S18_4721,Daedalus Designs Imports,20.16.1555,"184, chausse de Tournai",N/A,Lille,N/A,59000,France,EMEA,Rance,Martine,Medium,2003,11,4,November,Q4,2003-11,EMEA,5565.12,3907.2,1657.92,29.79127134724858,Medium
10191,32,100.0,8,4237.76,2003-11-20,Shipped,4,11,2003,Classic Cars,148,S18_4721,"Toms Spezialitten, Ltd",0221-5554327,Mehrheimerstr. 369,N/A,Koln,N/A,50739,Germany,EMEA,Pfalzheim,Henriette,Medium,2003,11,4,November,Q4,2003-11,EMEA,4237.76,2841.6,1396.1600000000003,32.94570716604999,Medium
10211,41,100.0,7,5673.58,2004-01-15,Shipped,1,1,2004,Classic Cars,148,S18_4721,Auto Canal Petit,(1) 47.55.6555,"25, rue Lauriston",N/A,Paris,N/A,75016,France,EMEA,Perrier,Dominique,Medium,2004,1,1,January,Q1,2004-01,EMEA,5673.58,3640.7999999999997,2032.7800000000002,35.8288770053476,Medium
10225,35,100.0,14,5260.15,2004-02-22,Shipped,1,2,2004,Classic Cars,148,S18_4721,"Vida Sport, Ltd",0897-034555,Grenzacherweg 237,N/A,Gensve,N/A,1203,Switzerland,EMEA,Holz,Michael,Medium,2004,2,1,February,Q1,2004-02,EMEA,5260.15,3108.0,2152.1499999999996,40.914232483864524,Medium
10238,44,100.0,8,6350.96,2004-04-09,Shipped,2,4,2004,Classic Cars,148,S18_4721,Danish Wholesale Imports,31 12 3555,Vinb'ltet 34,N/A,Kobenhavn,N/A,1734,Denmark,EMEA,Petersen,Jytte,Medium,2004,4,2,April,Q2,2004-04,EMEA,6350.96,3907.2,2443.76,38.47859221283082,High
10252,26,100.0,4,3559.4,2004-05-26,Shipped,2,5,2004,Classic Cars,148,S18_4721,Auto Canal Petit,(1) 47.55.6555,"25, rue Lauriston",N/A,Paris,N/A,75016,France,EMEA,Perrier,Dominique,Medium,2004,5,2,May,Q2,2004-05,EMEA,3559.4,2308.7999999999997,1250.6000000000004,35.135135135135144,Medium
10264,20,100.0,2,2410.6,2004-06-30,Shipped,2,6,2004,Classic Cars,148,S18_4721,Gifts4AllAges.com,6175559555,8616 Spinnaker Dr.,N/A,Boston,MA,51003,USA,NA,Yoshido,Juri,Small,2004,6,2,June,Q2,2004-06,NA,2410.6,1776.0,634.5999999999999,26.325396166929394,Low
10276,48,100.0,8,5713.92,2004-08-02,Shipped,3,8,2004,Classic Cars,148,S18_4721,Online Mini Collectables,6175557555,7635 Spinnaker Dr.,N/A,Brickhaven,MA,58339,USA,NA,Barajas,Miguel,Medium,2004,8,3,August,Q3,2004-08,NA,5713.92,4262.4,1451.5200000000004,25.40322580645162,Medium
10287,34,100.0,17,4300.32,2004-08-30,Shipped,3,8,2004,Classic Cars,148,S18_4721,"Vida Sport, Ltd",0897-034555,Grenzacherweg 237,N/A,Gensve,N/A,1203,Switzerland,EMEA,Holz,Michael,Medium,2004,8,3,August,Q3,2004-08,EMEA,4300.32,3019.2,1281.12,29.79127134724858,Medium
10299,49,100.0,2,7947.31,2004-09-30,Shipped,3,9,2004,Classic Cars,148,S18_4721,"Toys of Finland, Co.",90-224 8555,Keskuskatu 45,N/A,Helsinki,N/A,21240,Finland,EMEA,Karttunen,Matti,Large,2004,9,3,September,Q3,2004-09,EMEA,7947.31,4351.2,3596.1100000000006,45.24939885319687,High
10310,40,100.0,15,5356.8,2004-10-16,Shipped,4,10,2004,Classic Cars,148,S18_4721,"Toms Spezialitten, Ltd",0221-5554327,Mehrheimerstr. 369,N/A,Koln,N/A,50739,Germany,EMEA,Pfalzheim,Henriette,Medium,2004,10,4,October,Q4,2004-10,EMEA,5356.8,3552.0,1804.8000000000002,33.691756272401435,Medium
10319,45,100.0,3,7901.1,2004-11-03,Shipped,4,11,2004,Classic Cars,148,S18_4721,Microscale Inc.,2125551957,5290 North Pendale Street,Suite 200,NYC,NY,10022,USA,NA,Kuo,Kee,Large,2004,11,4,November,Q4,2004-11,NA,7901.1,3996.0,3905.1000000000004,49.42476364050575,High
10330,50,100.0,4,6101.0,2004-11-16,Shipped,4,11,2004,Classic Cars,148,S18_4721,Cruz & Sons Co.,+63 2 555 3587,15 McCallum Street - NatWest Center #13-03,N/A,Makati City,N/A,1227 MM,Philippines,Japan,Cruz,Arnold,Medium,2004,11,4,November,Q4,2004-11,Japan,6101.0,4440.0,1661.0,27.225045074577935,High
10342,38,100.0,11,6276.46,2004-11-24,Shipped,4,11,2004,Classic Cars,148,S18_4721,"Australian Collectors, Co.",03 9520 4555,636 St Kilda Road,Level 3,Melbourne,Victoria,3004,Australia,APAC,Ferguson,Peter,Medium,2004,11,4,November,Q4,2004-11,APAC,6276.46,3374.4,2902.06,46.23721014712115,High
10355,25,100.0,2,4203.5,2004-12-07,Shipped,4,12,2004,Classic Cars,148,S18_4721,Euro Shopping Channel,(91) 555 94 44,"C/ Moralzarzal, 86",N/A,Madrid,N/A,28034,Spain,EMEA,Freyre,Diego,Medium,2004,12,4,December,Q4,2004-12,EMEA,4203.5,2220.0,1983.5,47.18686808611871,Medium
10363,28,58.18,13,1629.04,2005-01-06,Shipped,1,1,2005,Classic Cars,148,S18_4721,Suominen Souveniers,+358 9 8045 555,"Software Engineering Center, SEC Oy",N/A,Espoo,N/A,FIN-02271,Finland,EMEA,Suominen,Kalle,Small,2005,1,1,January,Q1,2005-01,EMEA,1629.04,2486.4,-857.3600000000001,-52.629769680302516,Low
10378,49,67.14,8,3289.86,2005-02-10,Shipped,1,2,2005,Classic Cars,148,S18_4721,Euro Shopping Channel,(91) 555 94 44,"C/ Moralzarzal, 86",N/A,Madrid,N/A,28034,Spain,EMEA,Freyre,Diego,Medium,2005,2,1,February,Q1,2005-02,EMEA,3289.86,4351.2,-1061.3399999999997,-32.26094727435209,Medium
10390,49,100.0,3,6862.94,2005-03-04,Shipped,1,3,2005,Classic Cars,148,S18_4721,Mini Gifts Distributors Ltd.,4155551450,5677 Strong St.,N/A,San Rafael,CA,97562,USA,NA,Nelson,Valarie,Medium,2005,3,1,March,Q1,2005-03,NA,6862.94,4351.2,2511.74,36.598600599742966,High
10110,42,61.29,9,2574.18,2003-03-18,Shipped,1,3,2003,Classic Cars,71,S18_4933,"AV Stores, Co.",(171) 555-1555,Fauntleroy Circus,N/A,Manchester,N/A,EC2 5NT,UK,EMEA,Ashworth,Victoria,Small,2003,3,1,March,Q1,2003-03,EMEA,2574.18,1789.2,784.9799999999998,30.494371023005378,Low
10124,23,57.73,8,1327.79,2003-05-21,Shipped,2,5,2003,Classic Cars,71,S18_4933,Signal Gift Stores,7025551838,8489 Strong St.,N/A,Las Vegas,NV,83030,USA,NA,King,Sue,Small,2003,5,2,May,Q2,2003-05,NA,1327.79,979.8,347.99,26.208210635718,Low
10148,29,81.25,2,2356.25,2003-09-11,Shipped,3,9,2003,Classic Cars,71,S18_4933,"Anna's Decorations, Ltd",02 9936 8555,201 Miller Street,Level 15,North Sydney,NSW,2060,Australia,APAC,O'Hara,Anna,Small,2003,9,3,September,Q3,2003-09,APAC,2356.25,1235.3999999999999,1120.8500000000001,47.56923076923078,Low
10161,25,80.54,1,2013.5,2003-10-17,Shipped,4,10,2003,Classic Cars,71,S18_4933,Heintze Collectables,86 21 3555,Smagsloget 45,N/A,Aaarhus,N/A,8200,Denmark,EMEA,Ibsen,Palle,Small,2003,10,4,October,Q4,2003-10,EMEA,2013.5,1065.0,948.5,47.10702756394338,Low
10173,39,71.98,15,2807.22,2003-11-05,Shipped,4,11,2003,Classic Cars,71,S18_4933,Rovelli Gifts,035-640555,Via Ludovico il Moro 22,N/A,Bergamo,N/A,24100,Italy,EMEA,Rovelli,Giovanni,Small,2003,11,4,November,Q4,2003-11,EMEA,2807.22,1661.3999999999999,1145.82,40.81689358155043,Low
10182,44,69.84,12,3072.96,2003-11-12,Shipped,4,11,2003,Classic Cars,71,S18_4933,Mini Gifts Distributors Ltd.,4155551450,5677 Strong St.,N/A,San Rafael,CA,97562,USA,NA,Nelson,Valarie,Medium,2003,11,4,November,Q4,2003-11,NA,3072.96,1874.3999999999999,1198.5600000000002,39.00343642611684,Medium
10193,25,76.26,16,1906.5,2003-11-21,Shipped,4,11,2003,Classic Cars,71,S18_4933,"Australian Collectables, Ltd",61-9-3844-6555,7 Allen Street,N/A,Glen Waverly,Victoria,3150,Australia,APAC,Connery,Sean,Small,2003,11,4,November,Q4,2003-11,APAC,1906.5,1065.0,841.5,44.138473642800946,Low
10204,45,76.26,6,3431.7,2003-12-02,Shipped,4,12,2003,Classic Cars,71,S18_4933,Muscle Machine Inc,2125557413,4092 Furth Circle,Suite 400,NYC,NY,10022,USA,NA,Young,Jeff,Medium,2003,12,4,December,Q4,2003-12,NA,3431.7,1917.0,1514.6999999999998,44.13847364280094,Medium
10213,25,83.39,2,2084.75,2004-01-22,Shipped,1,1,2004,Classic Cars,71,S18_4933,"Double Decker Gift Stores, Ltd",(171) 555-7555,120 Hanover Sq.,N/A,London,N/A,WA1 1DP,UK,EMEA,Hardy,Thomas,Small,2004,1,1,January,Q1,2004-01,EMEA,2084.75,1065.0,1019.75,48.91473797817484,Low
10227,37,57.73,12,2136.01,2004-03-02,Shipped,1,3,2004,Classic Cars,71,S18_4933,"Saveley & Henriot, Co.",78.32.5555,"2, rue du Commerce",N/A,Lyon,N/A,69004,France,EMEA,Saveley,Mary,Small,2004,3,1,March,Q1,2004-03,EMEA,2136.01,1576.2,559.8100000000002,26.208210635718004,Low
10241,30,66.99,4,2009.7,2004-04-13,Shipped,2,4,2004,Classic Cars,71,S18_4933,Mini Caravy,88.60.1555,"24, place Kluber",N/A,Strasbourg,N/A,67000,France,EMEA,Citeaux,Frederique,Small,2004,4,2,April,Q2,2004-04,EMEA,2009.7,1278.0,731.7,36.40841916703986,Low
10267,36,75.55,1,2719.8,2004-07-07,Shipped,3,7,2004,Classic Cars,71,S18_4933,Muscle Machine Inc,2125557413,4092 Furth Circle,Suite 400,NYC,NY,10022,USA,NA,Young,Jeff,Small,2004,7,3,July,Q3,2004-07,NA,2719.8,1533.6,1186.2000000000003,43.61350099272006,Low
10279,26,60.58,1,1575.08,2004-08-09,Shipped,3,8,2004,Classic Cars,71,S18_4933,Euro Shopping Channel,(91) 555 94 44,"C/ Moralzarzal, 86",N/A,Madrid,N/A,28034,Spain,EMEA,Freyre,Diego,Small,2004,8,3,August,Q3,2004-08,EMEA,1575.08,1107.6,467.48,29.679762297788052,Low
10288,23,73.41,7,1688.43,2004-09-01,Shipped,3,9,2004,Classic Cars,71,S18_4933,Handji Gifts& Co,+65 224 1555,Village Close - 106 Linden Road Sandown,2nd Floor,Singapore,N/A,69045,Singapore,APAC,Victorino,Wendy,Small,2004,9,3,September,Q3,2004-09,APAC,1688.43,979.8,708.6300000000001,41.969758888434825,Low
10302,23,72.7,3,1672.1,2003-10-06,Shipped,4,10,2003,Classic Cars,71,S18_4933,"UK Collectables, Ltd.",(171) 555-2282,Berkeley Gardens 12  Brewery,N/A,Liverpool,N/A,WX1 6LT,UK,EMEA,Devon,Elizabeth,Small,2003,10,4,October,Q4,2003-10,EMEA,1672.1,979.8,692.3,41.403026134800555,Low
10311,25,66.99,2,1674.75,2004-10-16,Shipped,4,10,2004,Classic Cars,71,S18_4933,Euro Shopping Channel,(91) 555 94 44,"C/ Moralzarzal, 86",N/A,Madrid,N/A,28034,Spain,EMEA,Freyre,Diego,Small,2004,10,4,October,Q4,2004-10,EMEA,1674.75,1065.0,609.75,36.40841916703986,Low
10332,21,100.0,3,3472.98,2004-11-17,Shipped,4,11,2004,Classic Cars,71,S18_4933,"AV Stores, Co.",(171) 555-1555,Fauntleroy Circus,N/A,Manchester,N/A,EC2 5NT,UK,EMEA,Ashworth,Victoria,Medium,2004,11,4,November,Q4,2004-11,EMEA,3472.98,894.6,2578.38,74.24114161325433,Medium
10344,26,63.43,5,1649.18,2004-11-25,Shipped,4,11,2004,Classic Cars,71,S18_4933,Marseille Mini Autos,91.24.4555,"12, rue des Bouchers",N/A,Marseille,N/A,13008,France,EMEA,Lebihan,Laurence,Small,2004,11,4,November,Q4,2004-11,EMEA,1649.18,1107.6,541.5800000000002,32.839350465079626,Low
10367,44,85.25,9,3751.0,2005-01-12,Resolved,1,1,2005,Classic Cars,71,S18_4933,Toys4GrownUps.com,6265557265,78934 Hillside Dr.,N/A,Pasadena,CA,90003,USA,NA,Young,Julie,Medium,2005,1,1,January,Q1,2005-01,NA,3751.0,1874.3999999999999,1876.6000000000001,50.02932551319649,Medium
10380,24,100.0,2,4536.0,2005-02-16,Shipped,1,2,2005,Classic Cars,71,S18_4933,Euro Shopping Channel,(91) 555 94 44,"C/ Moralzarzal, 86",N/A,Madrid,N/A,28034,Spain,EMEA,Freyre,Diego,Medium,2005,2,1,February,Q1,2005-02,EMEA,4536.0,1022.4,3513.6,77.46031746031747,Medium
10407,66,66.99,4,4421.34,2005-04-22,On Hold,2,4,2005,Classic Cars,71,S18_4933,The Sharp Gifts Warehouse,4085553659,3086 Ingle Ln.,N/A,San Jose,CA,94217,USA,NA,Frick,Sue,Medium,2005,4,2,April,Q2,2005-04,NA,4421.34,2811.6,1609.7400000000002,36.40841916703986,Medium
10420,36,57.73,7,2078.28,2005-05-29,In Process,2,5,2005,Classic Cars,71,S18_4933,Souveniers And Things Co.,+61 2 9495 8555,"Monitor Money Building, 815 Pacific Hwy",Level 6,Chatswood,NSW,2067,Australia,APAC,Huxley,Adrian,Small,2005,5,2,May,Q2,2005-05,APAC,2078.28,1533.6,544.6800000000003,26.20821063571801,Low
10110,36,85.25,13,3069.0,2003-03-18,Shipped,1,3,2003,Classic Cars,73,S24_1046,"AV Stores, Co.",(171) 555-1555,Fauntleroy Circus,N/A,Manchester,N/A,EC2 5NT,UK,EMEA,Ashworth,Victoria,Medium,2003,3,1,March,Q1,2003-03,EMEA,3069.0,1576.8,1492.2,48.62170087976539,Medium
10124,22,77.9,12,1713.8,2003-05-21,Shipped,2,5,2003,Classic Cars,73,S24_1046,Signal Gift Stores,7025551838,8489 Strong St.,N/A,Las Vegas,NV,83030,USA,NA,King,Sue,Small,2003,5,2,May,Q2,2003-05,NA,1713.8,963.5999999999999,750.2,43.77406931964057,Low
10148,25,60.26,6,1506.5,2003-09-11,Shipped,3,9,2003,Classic Cars,73,S24_1046,"Anna's Decorations, Ltd",02 9936 8555,201 Miller Street,Level 15,North Sydney,NSW,2060,Australia,APAC,O'Hara,Anna,Small,2003,9,3,September,Q3,2003-09,APAC,1506.5,1095.0,411.5,27.314968469963492,Low
10161,37,72.76,5,2692.12,2003-10-17,Shipped,4,10,2003,Classic Cars,73,S24_1046,Heintze Collectables,86 21 3555,Smagsloget 45,N/A,Aaarhus,N/A,8200,Denmark,EMEA,Ibsen,Palle,Small,2003,10,4,October,Q4,2003-10,EMEA,2692.12,1620.6,1071.52,39.802089059923034,Low
10172,32,75.69,3,2422.08,2003-11-05,Shipped,4,11,2003,Classic Cars,73,S24_1046,Gift Depot Inc.,2035552570,25593 South Bay Ln.,N/A,Bridgewater,CT,97562,USA,NA,King,Julie,Small,2003,11,4,November,Q4,2003-11,NA,2422.08,1401.6,1020.48,42.13238208481966,Low
10182,47,74.22,16,3488.34,2003-11-12,Shipped,4,11,2003,Classic Cars,73,S24_1046,Mini Gifts Distributors Ltd.,4155551450,5677 Strong St.,N/A,San Rafael,CA,97562,USA,NA,Nelson,Valarie,Medium,2003,11,4,November,Q4,2003-11,NA,3488.34,2058.6,1429.7400000000002,40.98625707356508,Medium
10192,37,69.82,4,2583.34,2003-11-20,Shipped,4,11,2003,Classic Cars,73,S24_1046,Online Diecast Creations Co.,6035558647,2304 Long Airport Avenue,N/A,Nashua,NH,62005,USA,NA,Young,Valarie,Small,2003,11,4,November,Q4,2003-11,NA,2583.34,1620.6,962.7400000000002,37.26725866513894,Low
10204,20,62.47,10,1249.4,2003-12-02,Shipped,4,12,2003,Classic Cars,73,S24_1046,Muscle Machine Inc,2125557413,4092 Furth Circle,Suite 400,NYC,NY,10022,USA,NA,Young,Jeff,Small,2003,12,4,December,Q4,2003-12,NA,1249.4,876.0,373.4000000000001,29.886345445813994,Low
10212,41,82.31,3,3374.71,2004-01-16,Shipped,1,1,2004,Classic Cars,73,S24_1046,Euro Shopping Channel,(91) 555 94 44,"C/ Moralzarzal, 86",N/A,Madrid,N/A,28034,Spain,EMEA,Freyre,Diego,Medium,2004,1,1,January,Q1,2004-01,EMEA,3374.71,1795.8,1578.91,46.78653869517677,Medium
10226,21,60.26,1,1265.46,2004-02-26,Shipped,1,2,2004,Classic Cars,73,S24_1046,Collectable Mini Designs Co.,7605558146,361 Furth Circle,N/A,San Diego,CA,91217,USA,NA,Thompson,Valarie,Small,2004,2,1,February,Q1,2004-02,NA,1265.46,919.8,345.6600000000001,27.314968469963496,Low
10241,22,76.43,8,1681.46,2004-04-13,Shipped,2,4,2004,Classic Cars,73,S24_1046,Mini Caravy,88.60.1555,"24, place Kluber",N/A,Strasbourg,N/A,67000,France,EMEA,Citeaux,Frederique,Small,2004,4,2,April,Q2,2004-04,EMEA,1681.46,963.5999999999999,717.8600000000001,42.69265995028131,Low
10267,40,80.1,5,3204.0,2004-07-07,Shipped,3,7,2004,Classic Cars,73,S24_1046,Muscle Machine Inc,2125557413,4092 Furth Circle,Suite 400,NYC,NY,10022,USA,NA,Young,Jeff,Medium,2004,7,3,July,Q3,2004-07,NA,3204.0,1752.0,1452.0,45.31835205992509,Medium
10279,32,74.96,5,2398.72,2004-08-09,Shipped,3,8,2004,Classic Cars,73,S24_1046,Euro Shopping Channel,(91) 555 94 44,"C/ Moralzarzal, 86",N/A,Madrid,N/A,28034,Spain,EMEA,Freyre,Diego,Small,2004,8,3,August,Q3,2004-08,EMEA,2398.72,1401.6,997.1199999999999,41.56883671291355,Low
10288,36,66.14,11,2381.04,2004-09-01,Shipped,3,9,2004,Classic Cars,73,S24_1046,Handji Gifts& Co,+65 224 1555,Village Close - 106 Linden Road Sandown,2nd Floor,Singapore,N/A,69045,Singapore,APAC,Victorino,Wendy,Small,2004,9,3,September,Q3,2004-09,APAC,2381.04,1576.8,804.24,33.77683701239794,Low
10301,27,72.02,1,1944.54,2003-10-05,Shipped,4,10,2003,Classic Cars,73,S24_1046,"Norway Gifts By Mail, Co.",+47 2212 1555,"Drammensveien 126 A, PB 744 Sentrum",N/A,Oslo,N/A,N 0106,Norway,EMEA,Klaeboe,Jan,Small,2003,10,4,October,Q4,2003-10,EMEA,1944.54,1182.6,761.94,39.18356012218828,Low
10311,26,87.45,6,2273.7,2004-10-16,Shipped,4,10,2004,Classic Cars,73,S24_1046,Euro Shopping Channel,(91) 555 94 44,"C/ Moralzarzal, 86",N/A,Madrid,N/A,28034,Spain,EMEA,Freyre,Diego,Small,2004,10,4,October,Q4,2004-10,EMEA,2273.7,1138.8,1134.8999999999999,49.914236706689536,Low
10321,30,70.55,3,2116.5,2004-11-04,Shipped,4,11,2004,Classic Cars,73,S24_1046,FunGiftIdeas.com,5085552555,1785 First Street,N/A,New Bedford,MA,50553,USA,NA,Benitez,Violeta,Small,2004,11,4,November,Q4,2004-11,NA,2116.5,1314.0,802.5,37.91637136782423,Low
10332,23,56.84,4,1307.32,2004-11-17,Shipped,4,11,2004,Classic Cars,73,S24_1046,"AV Stores, Co.",(171) 555-1555,Fauntleroy Circus,N/A,Manchester,N/A,EC2 5NT,UK,EMEA,Ashworth,Victoria,Small,2004,11,4,November,Q4,2004-11,EMEA,1307.32,1007.4,299.91999999999996,22.94159042927516,Low
10344,29,59.53,7,1726.37,2004-11-25,Shipped,4,11,2004,Classic Cars,73,S24_1046,Marseille Mini Autos,91.24.4555,"12, rue des Bouchers",N/A,Marseille,N/A,13008,France,EMEA,Lebihan,Laurence,Small,2004,11,4,November,Q4,2004-11,EMEA,1726.37,1270.2,456.16999999999985,26.423651940198212,Low
10367,21,60.37,10,1267.77,2005-01-12,Resolved,1,1,2005,Classic Cars,73,S24_1046,Toys4GrownUps.com,6265557265,78934 Hillside Dr.,N/A,Pasadena,CA,90003,USA,NA,Young,Julie,Small,2005,1,1,January,Q1,2005-01,NA,1267.77,919.8,347.97,27.447407652807687,Low
10380,34,100.0,3,3441.82,2005-02-16,Shipped,1,2,2005,Classic Cars,73,S24_1046,Euro Shopping Channel,(91) 555 94 44,"C/ Moralzarzal, 86",N/A,Madrid,N/A,28034,Spain,EMEA,Freyre,Diego,Medium,2005,2,1,February,Q1,2005-02,EMEA,3441.82,1489.2,1952.6200000000001,56.73219401363232,Medium
10407,26,76.43,8,1987.18,2005-04-22,On Hold,2,4,2005,Classic Cars,73,S24_1046,The Sharp Gifts Warehouse,4085553659,3086 Ingle Ln.,N/A,San Jose,CA,94217,USA,NA,Frick,Sue,Small,2005,4,2,April,Q2,2005-04,NA,1987.18,1138.8,848.3800000000001,42.69265995028131,Low
10420,60,64.67,11,3880.2,2005-05-29,In Process,2,5,2005,Classic Cars,73,S24_1046,Souveniers And Things Co.,+61 2 9495 8555,"Monitor Money Building, 815 Pacific Hwy",Level 6,Chatswood,NSW,2067,Australia,APAC,Huxley,Adrian,Medium,2005,5,2,May,Q2,2005-05,APAC,3880.2,2628.0,1252.1999999999998,32.27153239523736,Medium
10104,35,55.49,6,1942.15,2003-01-31,Shipped,1,1,2003,Classic Cars,57,S24_1444,Euro Shopping Channel,(91) 555 94 44,"C/ Moralzarzal, 86",N/A,Madrid,N/A,28034,Spain,EMEA,Freyre,Diego,Small,2003,1,1,January,Q1,2003-01,EMEA,1942.15,1197.0,745.1500000000001,38.36727338259146,Low
10115,47,69.36,2,3259.92,2003-04-04,Shipped,2,4,2003,Classic Cars,57,S24_1444,Classic Legends Inc.,2125558493,5905 Pompton St.,Suite 750,NYC,NY,10022,USA,NA,Hernandez,Maria,Medium,2003,4,2,April,Q2,2003-04,NA,3259.92,1607.3999999999999,1652.5200000000002,50.69204152249136,Medium
10127,20,60.69,8,1213.8,2003-06-03,Shipped,2,6,2003,Classic Cars,57,S24_1444,Muscle Machine Inc,2125557413,4092 Furth Circle,Suite 400,NYC,NY,10022,USA,NA,Young,Jeff,Small,2003,6,2,June,Q2,2003-06,NA,1213.8,684.0,529.8,43.648047454275826,Low
10141,20,54.33,2,1086.6,2003-08-01,Shipped,3,8,2003,Classic Cars,57,S24_1444,Suominen Souveniers,+358 9 8045 555,"Software Engineering Center, SEC Oy",N/A,Espoo,N/A,FIN-02271,Finland,EMEA,Suominen,Kalle,Small,2003,8,3,August,Q3,2003-08,EMEA,1086.6,684.0,402.5999999999999,37.05135284373274,Low
10152,25,65.31,4,1632.75,2003-09-25,Shipped,3,9,2003,Classic Cars,57,S24_1444,"Australian Gift Network, Co",61-7-3844-6555,31 Duncan St. West End,N/A,South Brisbane,Queensland,4101,Australia,APAC,Calaghan,Tony,Small,2003,9,3,September,Q3,2003-09,APAC,1632.75,855.0,777.75,47.63435920992191,Low
10165,25,69.36,9,1734.0,2003-10-22,Shipped,4,10,2003,Classic Cars,57,S24_1444,"Dragon Souveniers, Ltd.",+65 221 7555,"Bronz Sok., Bronz Apt. 3/6 Tesvikiye",N/A,Singapore,N/A,79903,Singapore,Japan,Natividad,Eric,Small,2003,10,4,October,Q4,2003-10,Japan,1734.0,855.0,879.0,50.69204152249135,Low
10176,27,68.78,8,1857.06,2003-11-06,Shipped,4,11,2003,Classic Cars,57,S24_1444,L'ordine Souveniers,0522-556555,Strada Provinciale 124,N/A,Reggio Emilia,N/A,42100,Italy,EMEA,Moroni,Maurizio,Small,2003,11,4,November,Q4,2003-11,EMEA,1857.06,923.4,933.66,50.27624309392266,Low
10184,31,60.11,3,1863.41,2003-11-14,Shipped,4,11,2003,Classic Cars,57,S24_1444,"Iberia Gift Imports, Corp.",(95) 555 82 82,"C/ Romero, 33",N/A,Sevilla,N/A,41101,Spain,EMEA,Roel,Jose Pedro,Small,2003,11,4,November,Q4,2003-11,EMEA,1863.41,1060.2,803.21,43.10430876726002,Low
10195,44,66.47,3,2924.68,2003-11-25,Shipped,4,11,2003,Classic Cars,57,S24_1444,Mini Classics,9145554562,3758 North Pendale Street,N/A,White Plains,NY,24067,USA,NA,Frick,Steve,Small,2003,11,4,November,Q4,2003-11,NA,2924.68,1504.8,1419.8799999999999,48.54821724086054,Low
10207,49,46.82,4,2294.18,2003-12-09,Shipped,4,12,2003,Classic Cars,57,S24_1444,Diecast Collectables,6175552555,6251 Ingle Ln.,N/A,Boston,MA,51003,USA,NA,Franco,Valarie,Small,2003,12,4,December,Q4,2003-12,NA,2294.18,1675.8,618.3799999999999,26.954293037163602,Low
10220,26,56.07,8,1457.82,2004-02-12,Shipped,1,2,2004,Classic Cars,57,S24_1444,"Clover Collections, Co.",+353 1862 1555,25 Maiden Lane,Floor No. 4,Dublin,N/A,2,Ireland,EMEA,Cassidy,Dean,Small,2004,2,1,February,Q1,2004-02,EMEA,1457.82,889.1999999999999,568.62,39.00481540930979,Low
10230,36,54.33,6,1955.88,2004-03-15,Shipped,1,3,2004,Classic Cars,57,S24_1444,"Blauer See Auto, Co.",+49 69 66 90 2555,Lyonerstr. 34,N/A,Frankfurt,N/A,60528,Germany,EMEA,Keitel,Roland,Small,2004,3,1,March,Q1,2004-03,EMEA,1955.88,1231.2,724.6800000000001,37.051352843732744,Low
10246,44,52.6,2,2314.4,2004-05-05,Shipped,2,5,2004,Classic Cars,57,S24_1444,Euro Shopping Channel,(91) 555 94 44,"C/ Moralzarzal, 86",N/A,Madrid,N/A,28034,Spain,EMEA,Freyre,Diego,Small,2004,5,2,May,Q2,2004-05,EMEA,2314.4,1504.8,809.6000000000001,34.9809885931559,Low
10259,28,46.82,1,1310.96,2004-06-15,Shipped,2,6,2004,Classic Cars,57,S24_1444,Handji Gifts& Co,+65 224 1555,Village Close - 106 Linden Road Sandown,2nd Floor,Singapore,N/A,69045,Singapore,APAC,Victorino,Wendy,Small,2004,6,2,June,Q2,2004-06,APAC,1310.96,957.5999999999999,353.3600000000001,26.954293037163612,Low
10271,45,64.74,2,2913.3,2004-07-20,Shipped,3,7,2004,Classic Cars,57,S24_1444,Mini Gifts Distributors Ltd.,4155551450,5677 Strong St.,N/A,San Rafael,CA,97562,USA,NA,Nelson,Valarie,Small,2004,7,3,July,Q3,2004-07,NA,2913.3,1539.0,1374.3000000000002,47.173308619091756,Low
10282,29,46.82,11,1357.78,2004-08-20,Shipped,3,8,2004,Classic Cars,57,S24_1444,Mini Gifts Distributors Ltd.,4155551450,5677 Strong St.,N/A,San Rafael,CA,97562,USA,NA,Nelson,Valarie,Small,2004,8,3,August,Q3,2004-08,NA,1357.78,991.8,365.98,26.954293037163605,Low
10292,40,53.75,5,2150.0,2004-09-08,Shipped,3,9,2004,Classic Cars,57,S24_1444,Land of Toys Inc.,2125557818,897 Long Airport Avenue,N/A,NYC,NY,10022,USA,NA,Yu,Kwai,Small,2004,9,3,September,Q3,2004-09,NA,2150.0,1368.0,782.0,36.372093023255815,Low
10305,45,61.85,2,2783.25,2004-10-13,Shipped,4,10,2004,Classic Cars,57,S24_1444,Marta's Replicas Co.,6175558555,39323 Spinnaker Dr.,N/A,Cambridge,MA,51247,USA,NA,Hernandez,Marta,Small,2004,10,4,October,Q4,2004-10,NA,2783.25,1539.0,1244.25,44.70493128536783,Low
10314,44,53.18,11,2339.92,2004-10-22,Shipped,4,10,2004,Classic Cars,57,S24_1444,Heintze Collectables,86 21 3555,Smagsloget 45,N/A,Aaarhus,N/A,8200,Denmark,EMEA,Ibsen,Palle,Small,2004,10,4,October,Q4,2004-10,EMEA,2339.92,1504.8,835.1200000000001,35.690109063557735,Low
10324,25,69.16,14,1729.0,2004-11-05,Shipped,4,11,2004,Classic Cars,57,S24_1444,Vitachrome Inc.,2125551500,2678 Kingston Rd.,Suite 101,NYC,NY,10022,USA,NA,Frick,Michael,Small,2004,11,4,November,Q4,2004-11,NA,1729.0,855.0,874.0,50.54945054945055,Low
10336,45,100.0,4,5972.4,2004-11-20,Shipped,4,11,2004,Classic Cars,57,S24_1444,"La Corne D'abondance, Co.",(1) 42.34.2555,"265, boulevard Charonne",N/A,Paris,N/A,75012,France,EMEA,Bertrand,Marie,Medium,2004,11,4,November,Q4,2004-11,EMEA,5972.4,1539.0,4433.4,74.23146473779386,Medium
10349,48,47.4,4,2275.2,2004-12-01,Shipped,4,12,2004,Classic Cars,57,S24_1444,Muscle Machine Inc,2125557413,4092 Furth Circle,Suite 400,NYC,NY,10022,USA,NA,Young,Jeff,Small,2004,12,4,December,Q4,2004-12,NA,2275.2,1641.6,633.5999999999999,27.848101265822784,Low
10358,44,60.76,14,2673.44,2004-12-10,Shipped,4,12,2004,Classic Cars,57,S24_1444,Euro Shopping Channel,(91) 555 94 44,"C/ Moralzarzal, 86",N/A,Madrid,N/A,28034,Spain,EMEA,Freyre,Diego,Small,2004,12,4,December,Q4,2004-12,EMEA,2673.44,1504.8,1168.64,43.712969058591185,Low
10371,25,97.27,12,2431.75,2005-01-23,Shipped,1,1,2005,Classic Cars,57,S24_1444,Mini Gifts Distributors Ltd.,4155551450,5677 Strong St.,N/A,San Rafael,CA,97562,USA,NA,Nelson,Valarie,Small,2005,1,1,January,Q1,2005-01,NA,2431.75,855.0,1576.75,64.84013570473938,Low
10383,22,91.76,2,2018.72,2005-02-22,Shipped,1,2,2005,Classic Cars,57,S24_1444,Euro Shopping Channel,(91) 555 94 44,"C/ Moralzarzal, 86",N/A,Madrid,N/A,28034,Spain,EMEA,Freyre,Diego,Small,2005,2,1,February,Q1,2005-02,EMEA,2018.72,752.4,1266.3200000000002,62.72885789014821,Low
10394,31,50.29,2,1558.99,2005-03-15,Shipped,1,3,2005,Classic Cars,57,S24_1444,Euro Shopping Channel,(91) 555 94 44,"C/ Moralzarzal, 86",N/A,Madrid,N/A,28034,Spain,EMEA,Freyre,Diego,Small,2005,3,1,March,Q1,2005-03,EMEA,1558.99,1060.2,498.78999999999996,31.994432292702324,Low
10412,21,52.6,2,1104.6,2005-05-03,Shipped,2,5,2005,Classic Cars,57,S24_1444,Euro Shopping Channel,(91) 555 94 44,"C/ Moralzarzal, 86",N/A,Madrid,N/A,28034,Spain,EMEA,Freyre,Diego,Small,2005,5,2,May,Q2,2005-05,EMEA,1104.6,718.1999999999999,386.4,34.98098859315589,Low
10425,55,46.82,1,2575.1,2005-05-31,In Process,2,5,2005,Classic Cars,57,S24_1444,La Rochelle Gifts,40.67.8555,"67, rue des Cinquante Otages",N/A,Nantes,N/A,44000,France,EMEA,Labrune,Janine,Small,2005,5,2,May,Q2,2005-05,EMEA,2575.1,1881.0,694.0999999999999,26.954293037163602,Low
10107,25,100.0,3,2845.75,2003-02-24,Shipped,1,2,2003,Motorcycles,112,S24_1578,Land of Toys Inc.,2125557818,897 Long Airport Avenue,N/A,NYC,NY,10022,USA,NA,Yu,Kwai,Small,2003,2,1,February,Q1,2003-02,NA,2845.75,1680.0,1165.75,40.964596327857336,Low
10120,35,98.05,1,3431.75,2003-04-29,Shipped,2,4,2003,Motorcycles,112,S24_1578,"Australian Collectors, Co.",03 9520 4555,636 St Kilda Road,Level 3,Melbourne,Victoria,3004,Australia,APAC,Ferguson,Peter,Medium,2003,4,2,April,Q2,2003-04,APAC,3431.75,2352.0,1079.75,31.463539010708825,Medium
10134,35,93.54,3,3273.9,2003-07-01,Shipped,3,7,2003,Motorcycles,112,S24_1578,Lyon Souveniers,+33 1 46 62 7555,27 rue du Colonel Pierre Avia,N/A,Paris,N/A,75508,France,EMEA,Da Cunha,Daniel,Medium,2003,7,3,July,Q3,2003-07,EMEA,3273.9,2352.0,921.9000000000001,28.159076330981403,Medium
10145,43,95.8,7,4119.4,2003-08-25,Shipped,3,8,2003,Motorcycles,112,S24_1578,Toys4GrownUps.com,6265557265,78934 Hillside Dr.,N/A,Pasadena,CA,90003,USA,NA,Young,Julie,Medium,2003,8,3,August,Q3,2003-08,NA,4119.4,2889.6,1229.7999999999997,29.85386221294363,Medium
10159,44,100.0,15,5355.68,2003-10-10,Shipped,4,10,2003,Motorcycles,112,S24_1578,Corporate Gift Ideas Co.,6505551386,7734 Strong St.,N/A,San Francisco,CA,N/A,USA,NA,Brown,Julie,Medium,2003,10,4,October,Q4,2003-10,NA,5355.68,2956.7999999999997,2398.8800000000006,44.79132435096945,Medium
10168,50,100.0,2,5747.5,2003-10-28,Shipped,4,10,2003,Motorcycles,112,S24_1578,Technics Stores Inc.,6505556809,9408 Furth Circle,N/A,Burlingame,CA,94217,USA,NA,Hirano,Juri,Medium,2003,10,4,October,Q4,2003-10,NA,5747.5,3360.0,2387.5,41.53979991300565,Medium
10180,48,100.0,10,5355.36,2003-11-11,Shipped,4,11,2003,Motorcycles,112,S24_1578,Daedalus Designs Imports,20.16.1555,"184, chausse de Tournai",N/A,Lille,N/A,59000,France,EMEA,Rance,Martine,Medium,2003,11,4,November,Q4,2003-11,EMEA,5355.36,3225.6,2129.7599999999998,39.76875504167786,Medium
10188,25,100.0,2,2535.75,2003-11-18,Shipped,4,11,2003,Motorcycles,112,S24_1578,Herkku Gifts,+47 2267 3215,"Drammen 121, PR 744 Sentrum",N/A,Bergen,N/A,N 5804,Norway,EMEA,Oeztan,Veysel,Small,2003,11,4,November,Q4,2003-11,EMEA,2535.75,1680.0,855.75,33.74741200828157,Low
10201,39,100.0,3,4351.23,2003-12-01,Shipped,4,12,2003,Motorcycles,112,S24_1578,Mini Wheels Co.,6505555787,5557 North Pendale Street,N/A,San Francisco,CA,N/A,USA,NA,Murphy,Julie,Medium,2003,12,4,December,Q4,2003-12,NA,4351.23,2620.7999999999997,1730.4299999999998,39.76875504167787,Medium
10211,25,90.16,15,2254.0,2004-01-15,Shipped,1,1,2004,Motorcycles,112,S24_1578,Auto Canal Petit,(1) 47.55.6555,"25, rue Lauriston",N/A,Paris,N/A,75016,France,EMEA,Perrier,Dominique,Small,2004,1,1,January,Q1,2004-01,EMEA,2254.0,1680.0,574.0,25.465838509316768,Low
10223,32,91.29,2,2921.28,2004-02-20,Shipped,1,2,2004,Motorcycles,112,S24_1578,"Australian Collectors, Co.",03 9520 4555,636 St Kilda Road,Level 3,Melbourne,Victoria,3004,Australia,APAC,Ferguson,Peter,Small,2004,2,1,February,Q1,2004-02,APAC,2921.28,2150.4,770.8800000000001,26.388432467959255,Low
10237,20,100.0,8,2299.0,2004-04-05,Shipped,2,4,2004,Motorcycles,112,S24_1578,Vitachrome Inc.,2125551500,2678 Kingston Rd.,Suite 101,NYC,NY,10022,USA,NA,Frick,Michael,Small,2004,4,2,April,Q2,2004-04,NA,2299.0,1344.0,955.0,41.53979991300565,Low
10251,26,100.0,3,2637.18,2004-05-18,Shipped,2,5,2004,Motorcycles,112,S24_1578,Tekni Collectables Inc.,2015559350,7476 Moss Rd.,N/A,Newark,NJ,94019,USA,NA,Brown,William,Small,2004,5,2,May,Q2,2004-05,NA,2637.18,1747.2,889.9799999999998,33.74741200828157,Low
10263,42,100.0,3,4307.52,2004-06-28,Shipped,2,6,2004,Motorcycles,112,S24_1578,Gift Depot Inc.,2035552570,25593 South Bay Ln.,N/A,Bridgewater,CT,97562,USA,NA,King,Julie,Medium,2004,6,2,June,Q2,2004-06,NA,4307.52,2822.4,1485.1200000000003,34.47737909516381,Medium
10275,21,100.0,2,2153.76,2004-07-23,Shipped,3,7,2004,Motorcycles,112,S24_1578,La Rochelle Gifts,40.67.8555,"67, rue des Cinquante Otages",N/A,Nantes,N/A,44000,France,EMEA,Labrune,Janine,Small,2004,7,3,July,Q3,2004-07,EMEA,2153.76,1411.2,742.5600000000002,34.47737909516381,Low
10285,34,100.0,7,3716.88,2004-08-27,Shipped,3,8,2004,Motorcycles,112,S24_1578,Marta's Replicas Co.,6175558555,39323 Spinnaker Dr.,N/A,Cambridge,MA,51247,USA,NA,Hernandez,Marta,Medium,2004,8,3,August,Q3,2004-08,NA,3716.88,2284.7999999999997,1432.0800000000004,38.529088913282116,Medium
10299,47,100.0,10,5455.76,2004-09-30,Shipped,3,9,2004,Motorcycles,112,S24_1578,"Toys of Finland, Co.",90-224 8555,Keskuskatu 45,N/A,Helsinki,N/A,21240,Finland,EMEA,Karttunen,Matti,Medium,2004,9,3,September,Q3,2004-09,EMEA,5455.76,3158.4,2297.36,42.108890420399725,Medium
10309,21,100.0,6,2650.62,2004-10-15,Shipped,4,10,2004,Motorcycles,112,S24_1578,Baane Mini Imports,07-98 9555,Erling Skakkes gate 78,N/A,Stavern,N/A,4110,Norway,EMEA,Bergulfsen,Jonas,Small,2004,10,4,October,Q4,2004-10,EMEA,2650.62,1411.2,1239.4199999999998,46.759626049754395,Low
10318,48,100.0,2,6437.28,2004-11-02,Shipped,4,11,2004,Motorcycles,112,S24_1578,Diecast Classics Inc.,2155551555,7586 Pompton St.,N/A,Allentown,PA,70267,USA,NA,Yu,Kyung,Medium,2004,11,4,November,Q4,2004-11,NA,6437.28,3225.6,3211.68,49.89187980016405,High
10329,30,87.78,7,2633.4,2004-11-15,Shipped,4,11,2004,Motorcycles,112,S24_1578,Land of Toys Inc.,2125557818,897 Long Airport Avenue,N/A,NYC,NY,10022,USA,NA,Yu,Kwai,Small,2004,11,4,November,Q4,2004-11,NA,2633.4,2016.0,617.4000000000001,23.444976076555026,Low
10339,27,84.39,10,2278.53,2004-11-23,Shipped,4,11,2004,Motorcycles,112,S24_1578,"Tokyo Collectables, Ltd",+81 3 3584 0555,2-2-8 Roppongi,N/A,Minato-ku,Tokyo,106-0032,Japan,Japan,Shimamura,Akiko,Small,2004,11,4,November,Q4,2004-11,Japan,2278.53,1814.3999999999999,464.13000000000034,20.369712051190913,Low
10362,50,96.92,2,4846.0,2005-01-05,Shipped,1,1,2005,Motorcycles,112,S24_1578,Technics Stores Inc.,6505556809,9408 Furth Circle,N/A,Burlingame,CA,94217,USA,NA,Hirano,Juri,Medium,2005,1,1,January,Q1,2005-01,NA,4846.0,3360.0,1486.0,30.664465538588527,Medium
10374,38,100.0,6,4197.1,2005-02-02,Shipped,1,2,2005,Motorcycles,112,S24_1578,"Australian Gift Network, Co",61-7-3844-6555,31 Duncan St. West End,N/A,South Brisbane,Queensland,4101,Australia,APAC,Calaghan,Tony,Medium,2005,2,1,February,Q1,2005-02,APAC,4197.1,2553.6,1643.5000000000005,39.157990040742426,Medium
10389,45,100.0,1,4597.65,2005-03-03,Shipped,1,3,2005,Motorcycles,112,S24_1578,Scandinavian Gift Ideas,0695-34 6555,?kergatan 24,N/A,Boras,N/A,S-844 67,Sweden,EMEA,Larsson,Maria,Medium,2005,3,1,March,Q1,2005-03,EMEA,4597.65,3024.0,1573.6499999999996,34.22726827835959,Medium
10403,46,100.0,8,5287.7,2005-04-08,Shipped,2,4,2005,Motorcycles,112,S24_1578,"UK Collectables, Ltd.",(171) 555-2282,Berkeley Gardens 12  Brewery,N/A,Liverpool,N/A,WX1 6LT,UK,EMEA,Devon,Elizabeth,Medium,2005,4,2,April,Q2,2005-04,EMEA,5287.7,3091.2,2196.5,41.53979991300565,Medium
10417,35,100.0,3,3550.05,2005-05-13,Disputed,2,5,2005,Motorcycles,112,S24_1578,Euro Shopping Channel,(91) 555 94 44,"C/ Moralzarzal, 86",N/A,Madrid,N/A,28034,Spain,EMEA,Freyre,Diego,Medium,2005,5,2,May,Q2,2005-05,EMEA,3550.05,2352.0,1198.0500000000002,33.74741200828157,Medium
10110,29,59.37,15,1721.73,2003-03-18,Shipped,1,3,2003,Classic Cars,50,S24_1628,"AV Stores, Co.",(171) 555-1555,Fauntleroy Circus,N/A,Manchester,N/A,EC2 5NT,UK,EMEA,Ashworth,Victoria,Small,2003,3,1,March,Q1,2003-03,EMEA,1721.73,870.0,851.73,49.46942900454775,Low
10123,50,59.87,1,2993.5,2003-05-20,Shipped,2,5,2003,Classic Cars,50,S24_1628,Atelier graphique,40.32.2555,"54, rue Royale",N/A,Nantes,N/A,44000,France,EMEA,Schmitt,Carine,Small,2003,5,2,May,Q2,2003-05,EMEA,2993.5,1500.0,1493.5,49.89143143477535,Low
10137,26,49.81,1,1295.06,2003-07-10,Shipped,3,7,2003,Classic Cars,50,S24_1628,Reims Collectables,26.47.1555,59 rue de l'Abbaye,N/A,Reims,N/A,51100,France,EMEA,Henriot,Paul,Small,2003,7,3,July,Q3,2003-07,EMEA,1295.06,780.0,515.06,39.77113029512146,Low
10148,47,56.85,8,2671.95,2003-09-11,Shipped,3,9,2003,Classic Cars,50,S24_1628,"Anna's Decorations, Ltd",02 9936 8555,201 Miller Street,Level 15,North Sydney,NSW,2060,Australia,APAC,O'Hara,Anna,Small,2003,9,3,September,Q3,2003-09,APAC,2671.95,1410.0,1261.9499999999998,47.22955145118733,Low
10161,23,53.33,7,1226.59,2003-10-17,Shipped,4,10,2003,Classic Cars,50,S24_1628,Heintze Collectables,86 21 3555,Smagsloget 45,N/A,Aaarhus,N/A,8200,Denmark,EMEA,Ibsen,Palle,Small,2003,10,4,October,Q4,2003-10,EMEA,1226.59,690.0,536.5899999999999,43.7464841552597,Low
10172,34,42.76,5,1453.84,2003-11-05,Shipped,4,11,2003,Classic Cars,50,S24_1628,Gift Depot Inc.,2035552570,25593 South Bay Ln.,N/A,Bridgewater,CT,97562,USA,NA,King,Julie,Small,2003,11,4,November,Q4,2003-11,NA,1453.84,1020.0,433.8399999999999,29.84097287184284,Low
10181,34,53.83,1,1830.22,2003-11-12,Shipped,4,11,2003,Classic Cars,50,S24_1628,Herkku Gifts,+47 2267 3215,"Drammen 121, PR 744 Sentrum",N/A,Bergen,N/A,N 5804,Norway,EMEA,Oeztan,Veysel,Small,2003,11,4,November,Q4,2003-11,EMEA,1830.22,1020.0,810.22,44.26899498420955,Low
10192,47,53.83,6,2530.01,2003-11-20,Shipped,4,11,2003,Classic Cars,50,S24_1628,Online Diecast Creations Co.,6035558647,2304 Long Airport Avenue,N/A,Nashua,NH,62005,USA,NA,Young,Valarie,Small,2003,11,4,November,Q4,2003-11,NA,2530.01,1410.0,1120.0100000000002,44.268994984209556,Low
10204,45,49.81,12,2241.45,2003-12-02,Shipped,4,12,2003,Classic Cars,50,S24_1628,Muscle Machine Inc,2125557413,4092 Furth Circle,Suite 400,NYC,NY,10022,USA,NA,Young,Jeff,Small,2003,12,4,December,Q4,2003-12,NA,2241.45,1350.0,891.4499999999998,39.77113029512145,Low
10212,45,53.33,5,2399.85,2004-01-16,Shipped,1,1,2004,Classic Cars,50,S24_1628,Euro Shopping Channel,(91) 555 94 44,"C/ Moralzarzal, 86",N/A,Madrid,N/A,28034,Spain,EMEA,Freyre,Diego,Small,2004,1,1,January,Q1,2004-01,EMEA,2399.85,1350.0,1049.85,43.7464841552597,Low
10226,36,43.27,3,1557.72,2004-02-26,Shipped,1,2,2004,Classic Cars,50,S24_1628,Collectable Mini Designs Co.,7605558146,361 Furth Circle,N/A,San Diego,CA,91217,USA,NA,Thompson,Valarie,Small,2004,2,1,February,Q1,2004-02,NA,1557.72,1080.0,477.72,30.66789923734689,Low
10241,21,40.25,10,845.25,2004-04-13,Shipped,2,4,2004,Classic Cars,50,S24_1628,Mini Caravy,88.60.1555,"24, place Kluber",N/A,Strasbourg,N/A,67000,France,EMEA,Citeaux,Frederique,Small,2004,4,2,April,Q2,2004-04,EMEA,845.25,630.0,215.25,25.465838509316768,Low
10266,28,48.3,1,1352.4,2004-07-06,Shipped,3,7,2004,Classic Cars,50,S24_1628,L'ordine Souveniers,0522-556555,Strada Provinciale 124,N/A,Reggio Emilia,N/A,42100,Italy,EMEA,Moroni,Maurizio,Small,2004,7,3,July,Q3,2004-07,EMEA,1352.4,840.0,512.4000000000001,37.88819875776398,Low
10278,35,45.28,1,1584.8,2004-08-06,Shipped,3,8,2004,Classic Cars,50,S24_1628,Signal Gift Stores,7025551838,8489 Strong St.,N/A,Las Vegas,NV,83030,USA,NA,King,Sue,Small,2004,8,3,August,Q3,2004-08,NA,1584.8,1050.0,534.8,33.745583038869256,Low
10288,50,52.32,13,2616.0,2004-09-01,Shipped,3,9,2004,Classic Cars,50,S24_1628,Handji Gifts& Co,+65 224 1555,Village Close - 106 Linden Road Sandown,2nd Floor,Singapore,N/A,69045,Singapore,APAC,Victorino,Wendy,Small,2004,9,3,September,Q3,2004-09,APAC,2616.0,1500.0,1116.0,42.6605504587156,Low
10301,22,51.32,3,1129.04,2003-10-05,Shipped,4,10,2003,Classic Cars,50,S24_1628,"Norway Gifts By Mail, Co.",+47 2212 1555,"Drammensveien 126 A, PB 744 Sentrum",N/A,Oslo,N/A,N 0106,Norway,EMEA,Klaeboe,Jan,Small,2003,10,4,October,Q4,2003-10,EMEA,1129.04,660.0,469.03999999999996,41.543257989088076,Low
10311,45,49.3,8,2218.5,2004-10-16,Shipped,4,10,2004,Classic Cars,50,S24_1628,Euro Shopping Channel,(91) 555 94 44,"C/ Moralzarzal, 86",N/A,Madrid,N/A,28034,Spain,EMEA,Freyre,Diego,Small,2004,10,4,October,Q4,2004-10,EMEA,2218.5,1350.0,868.5,39.148073022312374,Low
10321,48,42.26,5,2028.48,2004-11-04,Shipped,4,11,2004,Classic Cars,50,S24_1628,FunGiftIdeas.com,5085552555,1785 First Street,N/A,New Bedford,MA,50553,USA,NA,Benitez,Violeta,Small,2004,11,4,November,Q4,2004-11,NA,2028.48,1440.0,588.48,29.010884997633696,Low
10332,20,87.96,5,1759.2,2004-11-17,Shipped,4,11,2004,Classic Cars,50,S24_1628,"AV Stores, Co.",(171) 555-1555,Fauntleroy Circus,N/A,Manchester,N/A,EC2 5NT,UK,EMEA,Ashworth,Victoria,Small,2004,11,4,November,Q4,2004-11,EMEA,1759.2,600.0,1159.2,65.89358799454298,Low
10343,27,36.21,6,977.67,2004-11-24,Shipped,4,11,2004,Classic Cars,50,S24_1628,Reims Collectables,26.47.1555,59 rue de l'Abbaye,N/A,Reims,N/A,51100,France,EMEA,Henriot,Paul,Small,2004,11,4,November,Q4,2004-11,EMEA,977.67,810.0,167.66999999999996,17.149958574979284,Low
10367,38,38.5,11,1463.0,2005-01-12,Resolved,1,1,2005,Classic Cars,50,S24_1628,Toys4GrownUps.com,6265557265,78934 Hillside Dr.,N/A,Pasadena,CA,90003,USA,NA,Young,Julie,Small,2005,1,1,January,Q1,2005-01,NA,1463.0,1140.0,323.0,22.07792207792208,Low
10379,32,100.0,3,3970.56,2005-02-10,Shipped,1,2,2005,Classic Cars,50,S24_1628,Euro Shopping Channel,(91) 555 94 44,"C/ Moralzarzal, 86",N/A,Madrid,N/A,28034,Spain,EMEA,Freyre,Diego,Medium,2005,2,1,February,Q1,2005-02,EMEA,3970.56,960.0,3010.56,75.8220502901354,Medium
10407,64,40.25,10,2576.0,2005-04-22,On Hold,2,4,2005,Classic Cars,50,S24_1628,The Sharp Gifts Warehouse,4085553659,3086 Ingle Ln.,N/A,San Jose,CA,94217,USA,NA,Frick,Sue,Small,2005,4,2,April,Q2,2005-04,NA,2576.0,1920.0,656.0,25.465838509316768,Low
10420,37,60.37,13,2233.69,2005-05-29,In Process,2,5,2005,Classic Cars,50,S24_1628,Souveniers And Things Co.,+61 2 9495 8555,"Monitor Money Building, 815 Pacific Hwy",Level 6,Chatswood,NSW,2067,Australia,APAC,Huxley,Adrian,Small,2005,5,2,May,Q2,2005-05,APAC,2233.69,1110.0,1123.69,50.30644359781349,Low
10106,28,88.63,4,2481.64,2003-02-17,Shipped,1,2,2003,Planes,109,S24_1785,Rovelli Gifts,035-640555,Via Ludovico il Moro 22,N/A,Bergamo,N/A,24100,Italy,EMEA,Rovelli,Giovanni,Small,2003,2,1,February,Q1,2003-02,EMEA,2481.64,1831.2,650.4399999999998,26.210086878032264,Low
10120,39,100.0,10,4651.53,2003-04-29,Shipped,2,4,2003,Planes,109,S24_1785,"Australian Collectors, Co.",03 9520 4555,636 St Kilda Road,Level 3,Melbourne,Victoria,3004,Australia,APAC,Ferguson,Peter,Medium,2003,4,2,April,Q2,2003-04,APAC,4651.53,2550.6,2100.93,45.16642911042173,Medium
10133,41,94.1,5,3858.1,2003-06-27,Shipped,2,6,2003,Planes,109,S24_1785,Euro Shopping Channel,(91) 555 94 44,"C/ Moralzarzal, 86",N/A,Madrid,N/A,28034,Spain,EMEA,Freyre,Diego,Medium,2003,6,2,June,Q2,2003-06,EMEA,3858.1,2681.4,1176.6999999999998,30.49946865037194,Medium
10145,40,87.54,16,3501.6,2003-08-25,Shipped,3,8,2003,Planes,109,S24_1785,Toys4GrownUps.com,6265557265,78934 Hillside Dr.,N/A,Pasadena,CA,90003,USA,NA,Young,Julie,Medium,2003,8,3,August,Q3,2003-08,NA,3501.6,2616.0,885.5999999999999,25.291295407813568,Medium
10168,49,100.0,11,6433.7,2003-10-28,Shipped,4,10,2003,Planes,109,S24_1785,Technics Stores Inc.,6505556809,9408 Furth Circle,N/A,Burlingame,CA,94217,USA,NA,Hirano,Juri,Medium,2003,10,4,October,Q4,2003-10,NA,6433.7,3204.6,3229.1,50.190403655750195,High
10210,27,98.48,9,2658.96,2004-01-12,Shipped,1,1,2004,Planes,109,S24_1785,Osaka Souveniers Co.,+81 06 6342 5555,"Dojima Avanza 4F, 1-6-20 Dojima, Kita-ku",N/A,Osaka,Osaka,530-0003,Japan,Japan,Kentary,Mory,Small,2004,1,1,January,Q1,2004-01,Japan,2658.96,1765.8,893.1600000000001,33.590576766856216,Low
10223,34,100.0,11,3608.76,2004-02-20,Shipped,1,2,2004,Planes,109,S24_1785,"Australian Collectors, Co.",03 9520 4555,636 St Kilda Road,Level 3,Melbourne,Victoria,3004,Australia,APAC,Ferguson,Peter,Medium,2004,2,1,February,Q1,2004-02,APAC,3608.76,2223.6,1385.1600000000003,38.383267382702094,Medium
10235,23,96.29,5,2214.67,2004-04-02,Shipped,2,4,2004,Planes,109,S24_1785,"Royal Canadian Collectables, Ltd.",(604) 555-4555,23 Tsawassen Blvd.,N/A,Tsawassen,BC,T2F 8M4,Canada,NA,Lincoln,Elizabeth,Small,2004,4,2,April,Q2,2004-04,NA,2214.67,1504.2,710.47,32.08017447294631,Low
10250,31,88.63,6,2747.53,2004-05-11,Shipped,2,5,2004,Planes,109,S24_1785,The Sharp Gifts Warehouse,4085553659,3086 Ingle Ln.,N/A,San Jose,CA,94217,USA,NA,Frick,Sue,Small,2004,5,2,May,Q2,2004-05,NA,2747.53,2027.3999999999999,720.1300000000003,26.21008687803228,Low
10262,34,97.38,1,3310.92,2004-06-24,Cancelled,2,6,2004,Planes,109,S24_1785,Euro Shopping Channel,(91) 555 94 44,"C/ Moralzarzal, 86",N/A,Madrid,N/A,28034,Spain,EMEA,Freyre,Diego,Medium,2004,6,2,June,Q2,2004-06,EMEA,3310.92,2223.6,1087.3200000000002,32.84041897720272,Medium
10275,25,95.2,11,2380.0,2004-07-23,Shipped,3,7,2004,Planes,109,S24_1785,La Rochelle Gifts,40.67.8555,"67, rue des Cinquante Otages",N/A,Nantes,N/A,44000,France,EMEA,Labrune,Janine,Small,2004,7,3,July,Q3,2004-07,EMEA,2380.0,1635.0,745.0,31.30252100840336,Low
10284,22,100.0,3,2310.88,2004-08-21,Shipped,3,8,2004,Planes,109,S24_1785,"Norway Gifts By Mail, Co.",+47 2212 1555,"Drammensveien 126 A, PB 744 Sentrum",N/A,Oslo,N/A,N 0106,Norway,EMEA,Klaeboe,Jan,Small,2004,8,3,August,Q3,2004-08,EMEA,2310.88,1438.8,872.0800000000002,37.738004569687746,Low
10297,32,100.0,6,4061.76,2004-09-16,Shipped,3,9,2004,Planes,109,S24_1785,"Clover Collections, Co.",+353 1862 1555,25 Maiden Lane,Floor No. 4,Dublin,N/A,2,Ireland,EMEA,Cassidy,Dean,Medium,2004,9,3,September,Q3,2004-09,EMEA,4061.76,2092.7999999999997,1968.9600000000005,48.47553769794376,Medium
10308,31,100.0,9,3493.7,2004-10-15,Shipped,4,10,2004,Planes,109,S24_1785,Mini Classics,9145554562,3758 North Pendale Street,N/A,White Plains,NY,24067,USA,NA,Frick,Steve,Medium,2004,10,4,October,Q4,2004-10,NA,3493.7,2027.3999999999999,1466.3,41.9698314108252,Medium
10316,25,100.0,1,2872.25,2004-11-01,Shipped,4,11,2004,Planes,109,S24_1785,giftsbymail.co.uk,(198) 555-8888,Garden House Crowther Way,N/A,Cowes,Isle of Wight,PO31 7PJ,UK,EMEA,Bennett,Helen,Small,2004,11,4,November,Q4,2004-11,EMEA,2872.25,1635.0,1237.25,43.07598572547654,Low
10328,47,87.54,14,4114.38,2004-11-12,Shipped,4,11,2004,Planes,109,S24_1785,Rovelli Gifts,035-640555,Via Ludovico il Moro 22,N/A,Bergamo,N/A,24100,Italy,EMEA,Rovelli,Giovanni,Medium,2004,11,4,November,Q4,2004-11,EMEA,4114.38,3073.7999999999997,1040.5800000000004,25.29129540781358,Medium
10339,21,50.65,7,1063.65,2004-11-23,Shipped,4,11,2004,Planes,109,S24_1785,"Tokyo Collectables, Ltd",+81 3 3584 0555,2-2-8 Roppongi,N/A,Minato-ku,Tokyo,106-0032,Japan,Japan,Shimamura,Akiko,Small,2004,11,4,November,Q4,2004-11,Japan,1063.65,1373.3999999999999,-309.7499999999998,-29.121421520236897,Low
10353,28,71.73,2,2008.44,2004-12-04,Shipped,4,12,2004,Planes,109,S24_1785,Gift Ideas Corp.,2035554407,2440 Pompton St.,N/A,Glendale,CT,97561,USA,NA,Lewis,Dan,Small,2004,12,4,December,Q4,2004-12,NA,2008.44,1831.2,177.24,8.824759514847344,Low
10374,46,94.1,3,4328.6,2005-02-02,Shipped,1,2,2005,Planes,109,S24_1785,"Australian Gift Network, Co",61-7-3844-6555,31 Duncan St. West End,N/A,South Brisbane,Queensland,4101,Australia,APAC,Calaghan,Tony,Medium,2005,2,1,February,Q1,2005-02,APAC,4328.6,3008.4,1320.2000000000003,30.49946865037195,Medium
10386,33,41.71,11,1376.43,2005-03-01,Resolved,1,3,2005,Planes,109,S24_1785,Euro Shopping Channel,(91) 555 94 44,"C/ Moralzarzal, 86",N/A,Madrid,N/A,28034,Spain,EMEA,Freyre,Diego,Small,2005,3,1,March,Q1,2005-03,EMEA,1376.43,2158.2,-781.7699999999998,-56.79693119156075,Low
10398,43,100.0,16,5552.16,2005-03-30,Shipped,1,3,2005,Planes,109,S24_1785,Reims Collectables,26.47.1555,59 rue de l'Abbaye,N/A,Reims,N/A,51100,France,EMEA,Henriot,Paul,Medium,2005,3,1,March,Q1,2005-03,EMEA,5552.16,2812.2,2739.96,49.34944237918216,Medium
10401,38,96.29,5,3659.02,2005-04-03,On Hold,2,4,2005,Planes,109,S24_1785,Tekni Collectables Inc.,2015559350,7476 Moss Rd.,N/A,Newark,NJ,94019,USA,NA,Brown,William,Medium,2005,4,2,April,Q2,2005-04,NA,3659.02,2485.2,1173.8200000000002,32.08017447294631,Medium
10416,47,88.63,6,4165.61,2005-05-10,Shipped,2,5,2005,Planes,109,S24_1785,L'ordine Souveniers,0522-556555,Strada Provinciale 124,N/A,Reggio Emilia,N/A,42100,Italy,EMEA,Moroni,Maurizio,Medium,2005,5,2,May,Q2,2005-05,EMEA,4165.61,3073.7999999999997,1091.81,26.210086878032268,Medium
10101,45,31.2,3,1404.0,2003-01-09,Shipped,1,1,2003,Vintage Cars,33,S24_1937,"Blauer See Auto, Co.",+49 69 66 90 2555,Lyonerstr. 34,N/A,Frankfurt,N/A,60528,Germany,EMEA,Keitel,Roland,Small,2003,1,1,January,Q1,2003-01,EMEA,1404.0,891.0,513.0,36.53846153846153,Low
10110,20,35.51,3,710.2,2003-03-18,Shipped,1,3,2003,Vintage Cars,33,S24_1937,"AV Stores, Co.",(171) 555-1555,Fauntleroy Circus,N/A,Manchester,N/A,EC2 5NT,UK,EMEA,Ashworth,Victoria,Small,2003,3,1,March,Q1,2003-03,EMEA,710.2,396.0,314.20000000000005,44.241058856660096,Low
10124,45,37.84,2,1702.8,2003-05-21,Shipped,2,5,2003,Vintage Cars,33,S24_1937,Signal Gift Stores,7025551838,8489 Strong St.,N/A,Las Vegas,NV,83030,USA,NA,King,Sue,Small,2003,5,2,May,Q2,2003-05,NA,1702.8,891.0,811.8,47.67441860465116,Low
10149,36,33.19,7,1194.84,2003-09-12,Shipped,3,9,2003,Vintage Cars,33,S24_1937,Signal Collectibles Ltd.,4155554312,2793 Furth Circle,N/A,Brisbane,CA,94217,USA,NA,Taylor,Sue,Small,2003,9,3,September,Q3,2003-09,NA,1194.84,712.8,482.03999999999996,40.34347695088882,Low
10162,37,27.22,5,1007.14,2003-10-18,Shipped,4,10,2003,Vintage Cars,33,S24_1937,Corporate Gift Ideas Co.,6505551386,7734 Strong St.,N/A,San Francisco,CA,N/A,USA,NA,Brown,Julie,Small,2003,10,4,October,Q4,2003-10,NA,1007.14,732.6,274.53999999999996,27.25936811168258,Low
10173,31,31.53,9,977.43,2003-11-05,Shipped,4,11,2003,Vintage Cars,33,S24_1937,Rovelli Gifts,035-640555,Via Ludovico il Moro 22,N/A,Bergamo,N/A,24100,Italy,EMEA,Rovelli,Giovanni,Small,2003,11,4,November,Q4,2003-11,EMEA,977.43,613.8,363.63,37.20266412940057,Low
10182,39,36.84,6,1436.76,2003-11-12,Shipped,4,11,2003,Vintage Cars,33,S24_1937,Mini Gifts Distributors Ltd.,4155551450,5677 Strong St.,N/A,San Rafael,CA,97562,USA,NA,Nelson,Valarie,Small,2003,11,4,November,Q4,2003-11,NA,1436.76,772.1999999999999,664.5600000000001,46.25407166123779,Low
10193,26,29.21,10,759.46,2003-11-21,Shipped,4,11,2003,Vintage Cars,33,S24_1937,"Australian Collectables, Ltd",61-9-3844-6555,7 Allen Street,N/A,Glen Waverly,Victoria,3150,Australia,APAC,Connery,Sean,Small,2003,11,4,November,Q4,2003-11,APAC,759.46,514.8,244.66000000000008,32.21499486477234,Low
10205,32,37.17,5,1189.44,2003-12-03,Shipped,4,12,2003,Vintage Cars,33,S24_1937,Euro Shopping Channel,(91) 555 94 44,"C/ Moralzarzal, 86",N/A,Madrid,N/A,28034,Spain,EMEA,Freyre,Diego,Small,2003,12,4,December,Q4,2003-12,EMEA,1189.44,633.6,555.84,46.73123486682809,Low
10214,20,34.19,3,683.8,2004-01-26,Shipped,1,1,2004,Vintage Cars,33,S24_1937,"Corrida Auto Replicas, Ltd",(91) 555 22 82,"C/ Araquil, 67",N/A,Madrid,N/A,28023,Spain,EMEA,Sommer,Mart¡n,Small,2004,1,1,January,Q1,2004-01,EMEA,683.8,396.0,287.79999999999995,42.08832992102954,Low
10227,42,29.21,6,1226.82,2004-03-02,Shipped,1,3,2004,Vintage Cars,33,S24_1937,"Saveley & Henriot, Co.",78.32.5555,"2, rue du Commerce",N/A,Lyon,N/A,69004,France,EMEA,Saveley,Mary,Small,2004,3,1,March,Q1,2004-03,EMEA,1226.82,831.6,395.2199999999999,32.214994864772336,Low
10243,33,29.54,1,974.82,2004-04-26,Shipped,2,4,2004,Vintage Cars,33,S24_1937,Diecast Collectables,6175552555,6251 Ingle Ln.,N/A,Boston,MA,51003,USA,NA,Franco,Valarie,Small,2004,4,2,April,Q2,2004-04,NA,974.82,653.4,321.4200000000001,32.97224102911308,Low
10280,20,28.88,12,577.6,2004-08-17,Shipped,3,8,2004,Vintage Cars,33,S24_1937,Amica Models & Co.,011-4988555,Via Monte Bianco 34,N/A,Torino,N/A,10100,Italy,EMEA,Accorti,Paolo,Small,2004,8,3,August,Q3,2004-08,EMEA,577.6,396.0,181.60000000000002,31.440443213296405,Low
10288,29,38.17,1,1106.93,2004-09-01,Shipped,3,9,2004,Vintage Cars,33,S24_1937,Handji Gifts& Co,+65 224 1555,Village Close - 106 Linden Road Sandown,2nd Floor,Singapore,N/A,69045,Singapore,APAC,Victorino,Wendy,Small,2004,9,3,September,Q3,2004-09,APAC,1106.93,574.1999999999999,532.7300000000001,48.12680115273776,Low
10304,23,30.2,16,694.6,2004-10-11,Shipped,4,10,2004,Vintage Cars,33,S24_1937,Auto Assoc. & Cie.,30.59.8555,"67, avenue de l'Europe",N/A,Versailles,N/A,78000,France,EMEA,Tonini,Daniel,Small,2004,10,4,October,Q4,2004-10,EMEA,694.6,455.4,239.20000000000005,34.437086092715234,Low
10312,39,29.54,13,1152.06,2004-10-21,Shipped,4,10,2004,Vintage Cars,33,S24_1937,Mini Gifts Distributors Ltd.,4155551450,5677 Strong St.,N/A,San Rafael,CA,97562,USA,NA,Nelson,Valarie,Small,2004,10,4,October,Q4,2004-10,NA,1152.06,772.1999999999999,379.86,32.97224102911307,Low
10322,20,100.0,3,2624.0,2004-11-04,Shipped,4,11,2004,Vintage Cars,33,S24_1937,Online Diecast Creations Co.,6035558647,2304 Long Airport Avenue,N/A,Nashua,NH,62005,USA,NA,Young,Valarie,Small,2004,11,4,November,Q4,2004-11,NA,2624.0,396.0,2228.0,84.90853658536585,Low
10332,45,81.91,6,3685.95,2004-11-17,Shipped,4,11,2004,Vintage Cars,33,S24_1937,"AV Stores, Co.",(171) 555-1555,Fauntleroy Circus,N/A,Manchester,N/A,EC2 5NT,UK,EMEA,Ashworth,Victoria,Medium,2004,11,4,November,Q4,2004-11,EMEA,3685.95,891.0,2794.95,75.82712733487973,Medium
10344,20,35.18,6,703.6,2004-11-25,Shipped,4,11,2004,Vintage Cars,33,S24_1937,Marseille Mini Autos,91.24.4555,"12, rue des Bouchers",N/A,Marseille,N/A,13008,France,EMEA,Lebihan,Laurence,Small,2004,11,4,November,Q4,2004-11,EMEA,703.6,396.0,307.6,43.71802160318363,Low
10356,48,100.0,5,9720.0,2004-12-09,Shipped,4,12,2004,Vintage Cars,33,S24_1937,Lyon Souveniers,+33 1 46 62 7555,27 rue du Colonel Pierre Avia,N/A,Paris,N/A,75508,France,EMEA,Da Cunha,Daniel,Large,2004,12,4,December,Q4,2004-12,EMEA,9720.0,950.4,8769.6,90.22222222222223,High
10367,23,36.29,13,834.67,2005-01-12,Resolved,1,1,2005,Vintage Cars,33,S24_1937,Toys4GrownUps.com,6265557265,78934 Hillside Dr.,N/A,Pasadena,CA,90003,USA,NA,Young,Julie,Small,2005,1,1,January,Q1,2005-01,NA,834.67,455.4,379.27,45.43951501791127,Low
10380,32,70.56,4,2257.92,2005-02-16,Shipped,1,2,2005,Vintage Cars,33,S24_1937,Euro Shopping Channel,(91) 555 94 44,"C/ Moralzarzal, 86",N/A,Madrid,N/A,28034,Spain,EMEA,Freyre,Diego,Small,2005,2,1,February,Q1,2005-02,EMEA,2257.92,633.6,1624.3200000000002,71.9387755102041,Low
10391,33,100.0,8,8344.71,2005-03-09,Shipped,1,3,2005,Vintage Cars,33,S24_1937,"Anna's Decorations, Ltd",02 9936 8555,201 Miller Street,Level 15,North Sydney,NSW,2060,Australia,APAC,O'Hara,Anna,Large,2005,3,1,March,Q1,2005-03,APAC,8344.71,653.4,7691.3099999999995,92.16988966662713,High
10409,61,29.54,1,1801.94,2005-04-23,Shipped,2,4,2005,Vintage Cars,33,S24_1937,Handji Gifts& Co,+65 224 1555,Village Close - 106 Linden Road Sandown,2nd Floor,Singapore,N/A,69045,Singapore,APAC,Victorino,Wendy,Small,2005,4,2,April,Q2,2005-04,APAC,1801.94,1207.8,594.1400000000001,32.97224102911307,Low
10420,45,26.88,1,1209.6,2005-05-29,In Process,2,5,2005,Vintage Cars,33,S24_1937,Souveniers And Things Co.,+61 2 9495 8555,"Monitor Money Building, 815 Pacific Hwy",Level 6,Chatswood,NSW,2067,Australia,APAC,Huxley,Adrian,Small,2005,5,2,May,Q2,2005-05,APAC,1209.6,891.0,318.5999999999999,26.339285714285708,Low
10107,38,83.03,7,3155.14,2003-02-24,Shipped,1,2,2003,Motorcycles,76,S24_2000,Land of Toys Inc.,2125557818,897 Long Airport Avenue,N/A,NYC,NY,10022,USA,NA,Yu,Kwai,Medium,2003,2,1,February,Q1,2003-02,NA,3155.14,1732.8,1422.34,45.08009153318078,Medium
10120,34,83.79,5,2848.86,2003-04-29,Shipped,2,4,2003,Motorcycles,76,S24_2000,"Australian Collectors, Co.",03 9520 4555,636 St Kilda Road,Level 3,Melbourne,Victoria,3004,Australia,APAC,Ferguson,Peter,Small,2003,4,2,April,Q2,2003-04,APAC,2848.86,1550.3999999999999,1298.4600000000003,45.57823129251701,Low
10134,43,83.03,7,3570.29,2003-07-01,Shipped,3,7,2003,Motorcycles,76,S24_2000,Lyon Souveniers,+33 1 46 62 7555,27 rue du Colonel Pierre Avia,N/A,Paris,N/A,75508,France,EMEA,Da Cunha,Daniel,Medium,2003,7,3,July,Q3,2003-07,EMEA,3570.29,1960.8,1609.49,45.08009153318078,Medium
10145,47,83.03,11,3902.41,2003-08-25,Shipped,3,8,2003,Motorcycles,76,S24_2000,Toys4GrownUps.com,6265557265,78934 Hillside Dr.,N/A,Pasadena,CA,90003,USA,NA,Young,Julie,Medium,2003,8,3,August,Q3,2003-08,NA,3902.41,2143.2,1759.21,45.080091533180784,Medium
10158,22,67.03,1,1474.66,2003-10-10,Shipped,4,10,2003,Motorcycles,76,S24_2000,Baane Mini Imports,07-98 9555,Erling Skakkes gate 78,N/A,Stavern,N/A,4110,Norway,EMEA,Bergulfsen,Jonas,Small,2003,10,4,October,Q4,2003-10,EMEA,1474.66,1003.1999999999999,471.46000000000015,31.970759361479946,Low
10168,29,75.41,6,2186.89,2003-10-28,Shipped,4,10,2003,Motorcycles,76,S24_2000,Technics Stores Inc.,6505556809,9408 Furth Circle,N/A,Burlingame,CA,94217,USA,NA,Hirano,Juri,Small,2003,10,4,October,Q4,2003-10,NA,2186.89,1322.3999999999999,864.49,39.530566237899485,Low
10180,28,68.55,14,1919.4,2003-11-11,Shipped,4,11,2003,Motorcycles,76,S24_2000,Daedalus Designs Imports,20.16.1555,"184, chausse de Tournai",N/A,Lille,N/A,59000,France,EMEA,Rance,Martine,Small,2003,11,4,November,Q4,2003-11,EMEA,1919.4,1276.8,642.6000000000001,33.479212253829324,Low
10188,40,91.4,6,3656.0,2003-11-18,Shipped,4,11,2003,Motorcycles,76,S24_2000,Herkku Gifts,+47 2267 3215,"Drammen 121, PR 744 Sentrum",N/A,Bergen,N/A,N 5804,Norway,EMEA,Oeztan,Veysel,Medium,2003,11,4,November,Q4,2003-11,EMEA,3656.0,1824.0,1832.0,50.10940919037199,Medium
10201,25,73.88,7,1847.0,2003-12-01,Shipped,4,12,2003,Motorcycles,76,S24_2000,Mini Wheels Co.,6505555787,5557 North Pendale Street,N/A,San Francisco,CA,N/A,USA,NA,Murphy,Julie,Small,2003,12,4,December,Q4,2003-12,NA,1847.0,1140.0,707.0,38.278289117487816,Low
10210,30,61.7,4,1851.0,2004-01-12,Shipped,1,1,2004,Motorcycles,76,S24_2000,Osaka Souveniers Co.,+81 06 6342 5555,"Dojima Avanza 4F, 1-6-20 Dojima, Kita-ku",N/A,Osaka,Osaka,530-0003,Japan,Japan,Kentary,Mory,Small,2004,1,1,January,Q1,2004-01,Japan,1851.0,1368.0,483.0,26.094003241491087,Low
10223,38,69.31,6,2633.78,2004-02-20,Shipped,1,2,2004,Motorcycles,76,S24_2000,"Australian Collectors, Co.",03 9520 4555,636 St Kilda Road,Level 3,Melbourne,Victoria,3004,Australia,APAC,Ferguson,Peter,Small,2004,2,1,February,Q1,2004-02,APAC,2633.78,1732.8,900.9800000000002,34.20862790362142,Low
10236,36,87.6,3,3153.6,2004-04-03,Shipped,2,4,2004,Motorcycles,76,S24_2000,Motor Mint Distributors Inc.,2155559857,11328 Douglas Av.,N/A,Philadelphia,PA,71270,USA,NA,Hernandez,Rosa,Medium,2004,4,2,April,Q2,2004-04,NA,3153.6,1641.6,1512.0,47.945205479452056,Medium
10250,32,87.6,1,2803.2,2004-05-11,Shipped,2,5,2004,Motorcycles,76,S24_2000,The Sharp Gifts Warehouse,4085553659,3086 Ingle Ln.,N/A,San Jose,CA,94217,USA,NA,Frick,Sue,Small,2004,5,2,May,Q2,2004-05,NA,2803.2,1459.2,1343.9999999999998,47.94520547945205,Low
10263,37,62.46,7,2311.02,2004-06-28,Shipped,2,6,2004,Motorcycles,76,S24_2000,Gift Depot Inc.,2035552570,25593 South Bay Ln.,N/A,Bridgewater,CT,97562,USA,NA,King,Julie,Small,2004,6,2,June,Q2,2004-06,NA,2311.02,1687.2,623.8199999999999,26.993275696445725,Low
10275,30,79.98,6,2399.4,2004-07-23,Shipped,3,7,2004,Motorcycles,76,S24_2000,La Rochelle Gifts,40.67.8555,"67, rue des Cinquante Otages",N/A,Nantes,N/A,44000,France,EMEA,Labrune,Janine,Small,2004,7,3,July,Q3,2004-07,EMEA,2399.4,1368.0,1031.4,42.985746436609155,Low
10285,39,70.08,11,2733.12,2004-08-27,Shipped,3,8,2004,Motorcycles,76,S24_2000,Marta's Replicas Co.,6175558555,39323 Spinnaker Dr.,N/A,Cambridge,MA,51247,USA,NA,Hernandez,Marta,Small,2004,8,3,August,Q3,2004-08,NA,2733.12,1778.3999999999999,954.72,34.93150684931507,Low
10297,32,65.51,1,2096.32,2004-09-16,Shipped,3,9,2004,Motorcycles,76,S24_2000,"Clover Collections, Co.",+353 1862 1555,25 Maiden Lane,Floor No. 4,Dublin,N/A,2,Ireland,EMEA,Cassidy,Dean,Small,2004,9,3,September,Q3,2004-09,EMEA,2096.32,1459.2,637.1200000000001,30.392306518088848,Low
10308,47,63.22,4,2971.34,2004-10-15,Shipped,4,10,2004,Motorcycles,76,S24_2000,Mini Classics,9145554562,3758 North Pendale Street,N/A,White Plains,NY,24067,USA,NA,Frick,Steve,Small,2004,10,4,October,Q4,2004-10,NA,2971.34,2143.2,828.1400000000003,27.87092692186018,Low
10318,26,86.83,6,2257.58,2004-11-02,Shipped,4,11,2004,Motorcycles,76,S24_2000,Diecast Classics Inc.,2155551555,7586 Pompton St.,N/A,Allentown,PA,70267,USA,NA,Yu,Kyung,Small,2004,11,4,November,Q4,2004-11,NA,2257.58,1185.6,1071.98,47.483588621444206,Low
10329,37,94.43,4,3493.91,2004-11-15,Shipped,4,11,2004,Motorcycles,76,S24_2000,Land of Toys Inc.,2125557818,897 Long Airport Avenue,N/A,NYC,NY,10022,USA,NA,Yu,Kwai,Medium,2004,11,4,November,Q4,2004-11,NA,3493.91,1687.2,1806.7099999999998,51.710261569416495,Medium
10340,55,79.98,8,4398.9,2004-11-24,Shipped,4,11,2004,Motorcycles,76,S24_2000,Enaco Distributors,(93) 203 4555,"Rambla de Catalu¤a, 23",N/A,Barcelona,N/A,8022,Spain,EMEA,Saavedra,Eduardo,Medium,2004,11,4,November,Q4,2004-11,EMEA,4398.9,2508.0,1890.8999999999996,42.98574643660915,Medium
10363,21,100.0,8,3595.62,2005-01-06,Shipped,1,1,2005,Motorcycles,76,S24_2000,Suominen Souveniers,+358 9 8045 555,"Software Engineering Center, SEC Oy",N/A,Espoo,N/A,FIN-02271,Finland,EMEA,Suominen,Kalle,Medium,2005,1,1,January,Q1,2005-01,EMEA,3595.62,957.5999999999999,2638.02,73.3675972433127,Medium
10375,23,100.0,9,2443.29,2005-02-03,Shipped,1,2,2005,Motorcycles,76,S24_2000,La Rochelle Gifts,40.67.8555,"67, rue des Cinquante Otages",N/A,Nantes,N/A,44000,France,EMEA,Labrune,Janine,Small,2005,2,1,February,Q1,2005-02,EMEA,2443.29,1048.8,1394.49,57.07427280429257,Low
10389,49,81.4,2,3988.6,2005-03-03,Shipped,1,3,2005,Motorcycles,76,S24_2000,Scandinavian Gift Ideas,0695-34 6555,?kergatan 24,N/A,Boras,N/A,S-844 67,Sweden,EMEA,Larsson,Maria,Medium,2005,3,1,March,Q1,2005-03,EMEA,3988.6,2234.4,1754.1999999999998,43.980343980343974,Medium
10402,59,87.6,3,5168.4,2005-04-07,Shipped,2,4,2005,Motorcycles,76,S24_2000,Auto Canal Petit,(1) 47.55.6555,"25, rue Lauriston",N/A,Paris,N/A,75016,France,EMEA,Perrier,Dominique,Medium,2005,4,2,April,Q2,2005-04,EMEA,5168.4,2690.4,2477.9999999999995,47.94520547945205,Medium
10416,32,87.6,1,2803.2,2005-05-10,Shipped,2,5,2005,Motorcycles,76,S24_2000,L'ordine Souveniers,0522-556555,Strada Provinciale 124,N/A,Reggio Emilia,N/A,42100,Italy,EMEA,Moroni,Maurizio,Small,2005,5,2,May,Q2,2005-05,EMEA,2803.2,1459.2,1343.9999999999998,47.94520547945205,Low
10105,43,100.0,9,6341.21,2003-02-11,Shipped,1,2,2003,Ships,122,S24_2011,Danish Wholesale Imports,31 12 3555,Vinb'ltet 34,N/A,Kobenhavn,N/A,1734,Denmark,EMEA,Petersen,Jytte,Medium,2003,2,1,February,Q1,2003-02,EMEA,6341.21,3147.6,3193.61,50.36278565131891,High
10117,41,100.0,3,5189.78,2003-04-16,Shipped,2,4,2003,Ships,122,S24_2011,"Dragon Souveniers, Ltd.",+65 221 7555,"Bronz Sok., Bronz Apt. 3/6 Tesvikiye",N/A,Singapore,N/A,79903,Singapore,Japan,Natividad,Eric,Medium,2003,4,2,April,Q2,2003-04,Japan,5189.78,3001.2,2188.58,42.17095907726339,Medium
10129,45,100.0,9,6027.75,2003-06-12,Shipped,2,6,2003,Ships,122,S24_2011,"Stylish Desk Decors, Co.",(171) 555-0297,35 King George,N/A,London,N/A,WX3 6FW,UK,EMEA,Brown,Ann,Medium,2003,6,2,June,Q2,2003-06,EMEA,6027.75,3294.0,2733.75,45.35274356103024,High
10142,33,100.0,6,3366.0,2003-08-08,Shipped,3,8,2003,Ships,122,S24_2011,Mini Gifts Distributors Ltd.,4155551450,5677 Strong St.,N/A,San Rafael,CA,97562,USA,NA,Nelson,Valarie,Medium,2003,8,3,August,Q3,2003-08,NA,3366.0,2415.6,950.4000000000001,28.235294117647065,Medium
10153,40,100.0,5,5456.4,2003-09-28,Shipped,3,9,2003,Ships,122,S24_2011,Euro Shopping Channel,(91) 555 94 44,"C/ Moralzarzal, 86",N/A,Madrid,N/A,28034,Spain,EMEA,Freyre,Diego,Medium,2003,9,3,September,Q3,2003-09,EMEA,5456.4,2928.0,2528.3999999999996,46.338244996701114,Medium
10167,33,100.0,16,3812.16,2003-10-23,Cancelled,4,10,2003,Ships,122,S24_2011,Scandinavian Gift Ideas,0695-34 6555,?kergatan 24,N/A,Boras,N/A,S-844 67,Sweden,EMEA,Larsson,Maria,Medium,2003,10,4,October,Q4,2003-10,EMEA,3812.16,2415.6,1396.56,36.634349030470915,Medium
10177,50,100.0,7,6083.0,2003-11-07,Shipped,4,11,2003,Ships,122,S24_2011,CAF Imports,+34 913 728 555,"Merchants House, 27-30 Merchant's Quay",N/A,Madrid,N/A,28023,Spain,EMEA,Fernandez,Jesus,Medium,2003,11,4,November,Q4,2003-11,EMEA,6083.0,3660.0,2423.0,39.832319579155026,High
10185,30,100.0,7,3170.7,2003-11-14,Shipped,4,11,2003,Ships,122,S24_2011,Mini Creations Ltd.,5085559555,4575 Hillside Dr.,N/A,New Bedford,MA,50553,USA,NA,Tam,Wing C,Medium,2003,11,4,November,Q4,2003-11,NA,3170.7,2196.0,974.6999999999998,30.74084586999716,Medium
10197,41,100.0,13,4534.6,2003-11-26,Shipped,4,11,2003,Ships,122,S24_2011,Enaco Distributors,(93) 203 4555,"Rambla de Catalu¤a, 23",N/A,Barcelona,N/A,8022,Spain,EMEA,Saavedra,Eduardo,Medium,2003,11,4,November,Q4,2003-11,EMEA,4534.6,3001.2,1533.4000000000005,33.81555153707053,Medium
10208,35,100.0,7,4301.15,2004-01-02,Shipped,1,1,2004,Ships,122,S24_2011,"Saveley & Henriot, Co.",78.32.5555,"2, rue du Commerce",N/A,Lyon,N/A,69004,France,EMEA,Saveley,Mary,Medium,2004,1,1,January,Q1,2004-01,EMEA,4301.15,2562.0,1739.1499999999996,40.43453494995524,Medium
10221,49,100.0,1,6804.63,2004-02-18,Shipped,1,2,2004,Ships,122,S24_2011,Petit Auto,(02) 5554 67,Rue Joseph-Bens 532,N/A,Bruxelles,N/A,B-1180,Belgium,EMEA,Dewey,Catherine,Medium,2004,2,1,February,Q1,2004-02,EMEA,6804.63,3586.7999999999997,3217.8300000000004,47.28883128105423,High
10232,46,100.0,4,5652.94,2004-03-20,Shipped,1,3,2004,Ships,122,S24_2011,giftsbymail.co.uk,(198) 555-8888,Garden House Crowther Way,N/A,Cowes,Isle of Wight,PO31 7PJ,UK,EMEA,Bennett,Helen,Medium,2004,3,1,March,Q1,2004-03,EMEA,5652.94,3367.2,2285.74,40.43453494995524,Medium
10248,48,100.0,10,6960.48,2004-05-07,Cancelled,2,5,2004,Ships,122,S24_2011,Land of Toys Inc.,2125557818,897 Long Airport Avenue,N/A,NYC,NY,10022,USA,NA,Yu,Kwai,Medium,2004,5,2,May,Q2,2004-05,NA,6960.48,3513.6,3446.8799999999997,49.520722708778706,High
10261,36,100.0,8,4512.6,2004-06-17,Shipped,2,6,2004,Ships,122,S24_2011,Quebec Home Shopping Network,(514) 555-8054,43 rue St. Laurent,N/A,Montreal,Quebec,H1J 1C3,Canada,NA,Fresnisre,Jean,Medium,2004,6,2,June,Q2,2004-06,NA,4512.6,2635.2,1877.4000000000005,41.60351017151975,Medium
10273,22,100.0,11,2784.76,2004-07-21,Shipped,3,7,2004,Ships,122,S24_2011,Petit Auto,(02) 5554 67,Rue Joseph-Bens 532,N/A,Bruxelles,N/A,B-1180,Belgium,EMEA,Dewey,Catherine,Small,2004,7,3,July,Q3,2004-07,EMEA,2784.76,1610.3999999999999,1174.3600000000004,42.1709590772634,Low
10283,42,100.0,13,5316.36,2004-08-20,Shipped,3,8,2004,Ships,122,S24_2011,"Royal Canadian Collectables, Ltd.",(604) 555-4555,23 Tsawassen Blvd.,N/A,Tsawassen,BC,T2F 8M4,Canada,NA,Lincoln,Elizabeth,Medium,2004,8,3,August,Q3,2004-08,NA,5316.36,3074.4,2241.9599999999996,42.17095907726339,Medium
10293,21,100.0,2,2941.89,2004-09-09,Shipped,3,9,2004,Ships,122,S24_2011,Amica Models & Co.,011-4988555,Via Monte Bianco 34,N/A,Torino,N/A,10100,Italy,EMEA,Accorti,Paolo,Small,2004,9,3,September,Q3,2004-09,EMEA,2941.89,1537.2,1404.6899999999998,47.7478763651938,Low
10306,29,100.0,7,3207.4,2004-10-14,Shipped,4,10,2004,Ships,122,S24_2011,"AV Stores, Co.",(171) 555-1555,Fauntleroy Circus,N/A,Manchester,N/A,EC2 5NT,UK,EMEA,Ashworth,Victoria,Medium,2004,10,4,October,Q4,2004-10,EMEA,3207.4,2122.7999999999997,1084.6000000000004,33.81555153707054,Medium
10315,35,100.0,6,4215.05,2004-10-29,Shipped,4,10,2004,Ships,122,S24_2011,La Rochelle Gifts,40.67.8555,"67, rue des Cinquante Otages",N/A,Nantes,N/A,44000,France,EMEA,Labrune,Janine,Medium,2004,10,4,October,Q4,2004-10,EMEA,4215.05,2562.0,1653.0500000000002,39.21780287303828,Medium
10326,41,100.0,4,4333.29,2004-11-09,Shipped,4,11,2004,Ships,122,S24_2011,"Volvo Model Replicas, Co",0921-12 3555,Berguvsvgen  8,N/A,Lule,N/A,S-958 22,Sweden,EMEA,Berglund,Christina,Medium,2004,11,4,November,Q4,2004-11,EMEA,4333.29,3001.2,1332.0900000000001,30.740845869997163,Medium
10337,29,71.97,4,2087.13,2004-11-21,Shipped,4,11,2004,Ships,122,S24_2011,Classic Legends Inc.,2125558493,5905 Pompton St.,Suite 750,NYC,NY,10022,USA,NA,Hernandez,Maria,Small,2004,11,4,November,Q4,2004-11,NA,2087.13,2122.7999999999997,-35.66999999999962,-1.7090454355981475,Low
10350,34,50.33,7,1711.22,2004-12-02,Shipped,4,12,2004,Ships,122,S24_2011,Euro Shopping Channel,(91) 555 94 44,"C/ Moralzarzal, 86",N/A,Madrid,N/A,28034,Spain,EMEA,Freyre,Diego,Small,2004,12,4,December,Q4,2004-12,EMEA,1711.22,2488.7999999999997,-777.5799999999997,-45.440095370554324,Low
10372,37,100.0,8,3910.53,2005-01-26,Shipped,1,1,2005,Ships,122,S24_2011,"Tokyo Collectables, Ltd",+81 3 3584 0555,2-2-8 Roppongi,N/A,Minato-ku,Tokyo,106-0032,Japan,Japan,Shimamura,Akiko,Medium,2005,1,1,January,Q1,2005-01,Japan,3910.53,2708.4,1202.13,30.740845869997163,Medium
10384,28,80.54,3,2255.12,2005-02-23,Shipped,1,2,2005,Ships,122,S24_2011,Corporate Gift Ideas Co.,6505551386,7734 Strong St.,N/A,San Francisco,CA,N/A,USA,NA,Brown,Julie,Small,2005,2,1,February,Q1,2005-02,NA,2255.12,2049.6,205.51999999999998,9.11348398311398,Low
10396,49,100.0,6,5720.75,2005-03-23,Shipped,1,3,2005,Ships,122,S24_2011,Mini Gifts Distributors Ltd.,4155551450,5677 Strong St.,N/A,San Rafael,CA,97562,USA,NA,Nelson,Valarie,Medium,2005,3,1,March,Q1,2005-03,NA,5720.75,3586.7999999999997,2133.9500000000003,37.301927194860816,Medium
10414,23,100.0,10,3335.23,2005-05-06,On Hold,2,5,2005,Ships,122,S24_2011,Gifts4AllAges.com,6175559555,8616 Spinnaker Dr.,N/A,Boston,MA,51003,USA,NA,Yoshido,Juri,Medium,2005,5,2,May,Q2,2005-05,NA,3335.23,1683.6,1651.63,49.520722708778706,Medium
10101,46,53.76,2,2472.96,2003-01-09,Shipped,1,1,2003,Vintage Cars,44,S24_2022,"Blauer See Auto, Co.",+49 69 66 90 2555,Lyonerstr. 34,N/A,Frankfurt,N/A,60528,Germany,EMEA,Keitel,Roland,Small,2003,1,1,January,Q1,2003-01,EMEA,2472.96,1214.3999999999999,1258.5600000000002,50.89285714285715,Low
10110,39,44.35,2,1729.65,2003-03-18,Shipped,1,3,2003,Vintage Cars,44,S24_2022,"AV Stores, Co.",(171) 555-1555,Fauntleroy Circus,N/A,Manchester,N/A,EC2 5NT,UK,EMEA,Ashworth,Victoria,Small,2003,3,1,March,Q1,2003-03,EMEA,1729.65,1029.6,700.0500000000002,40.47350620067645,Low
10124,22,45.25,1,995.5,2003-05-21,Shipped,2,5,2003,Vintage Cars,44,S24_2022,Signal Gift Stores,7025551838,8489 Strong St.,N/A,Las Vegas,NV,83030,USA,NA,King,Sue,Small,2003,5,2,May,Q2,2003-05,NA,995.5,580.8,414.70000000000005,41.65745856353592,Low
10149,49,49.28,6,2414.72,2003-09-12,Shipped,3,9,2003,Vintage Cars,44,S24_2022,Signal Collectibles Ltd.,4155554312,2793 Furth Circle,N/A,Brisbane,CA,94217,USA,NA,Taylor,Sue,Small,2003,9,3,September,Q3,2003-09,NA,2414.72,1293.6,1121.12,46.42857142857143,Low
10162,43,36.29,4,1560.47,2003-10-18,Shipped,4,10,2003,Vintage Cars,44,S24_2022,Corporate Gift Ideas Co.,6505551386,7734 Strong St.,N/A,San Francisco,CA,N/A,USA,NA,Brown,Julie,Small,2003,10,4,October,Q4,2003-10,NA,1560.47,1135.2,425.27,27.252686690548362,Low
10173,27,41.22,8,1112.94,2003-11-05,Shipped,4,11,2003,Vintage Cars,44,S24_2022,Rovelli Gifts,035-640555,Via Ludovico il Moro 22,N/A,Bergamo,N/A,24100,Italy,EMEA,Rovelli,Giovanni,Small,2003,11,4,November,Q4,2003-11,EMEA,1112.94,712.8,400.1400000000001,35.95342066957789,Low
10182,31,36.74,5,1138.94,2003-11-12,Shipped,4,11,2003,Vintage Cars,44,S24_2022,Mini Gifts Distributors Ltd.,4155551450,5677 Strong St.,N/A,San Rafael,CA,97562,USA,NA,Nelson,Valarie,Small,2003,11,4,November,Q4,2003-11,NA,1138.94,818.4,320.5400000000001,28.143712574850305,Low
10193,20,50.62,9,1012.4,2003-11-21,Shipped,4,11,2003,Vintage Cars,44,S24_2022,"Australian Collectables, Ltd",61-9-3844-6555,7 Allen Street,N/A,Glen Waverly,Victoria,3150,Australia,APAC,Connery,Sean,Small,2003,11,4,November,Q4,2003-11,APAC,1012.4,528.0,484.4,47.84670090873173,Low
10205,24,38.08,4,913.92,2003-12-03,Shipped,4,12,2003,Vintage Cars,44,S24_2022,Euro Shopping Channel,(91) 555 94 44,"C/ Moralzarzal, 86",N/A,Madrid,N/A,28034,Spain,EMEA,Freyre,Diego,Small,2003,12,4,December,Q4,2003-12,EMEA,913.92,633.6,280.31999999999994,30.672268907563023,Low
10214,49,47.94,2,2349.06,2004-01-26,Shipped,1,1,2004,Vintage Cars,44,S24_2022,"Corrida Auto Replicas, Ltd",(91) 555 22 82,"C/ Araquil, 67",N/A,Madrid,N/A,28023,Spain,EMEA,Sommer,Mart¡n,Small,2004,1,1,January,Q1,2004-01,EMEA,2349.06,1293.6,1055.46,44.931163954943685,Low
10227,24,48.38,5,1161.12,2004-03-02,Shipped,1,3,2004,Vintage Cars,44,S24_2022,"Saveley & Henriot, Co.",78.32.5555,"2, rue du Commerce",N/A,Lyon,N/A,69004,France,EMEA,Saveley,Mary,Small,2004,3,1,March,Q1,2004-03,EMEA,1161.12,633.6,527.5199999999999,45.43199669284827,Low
10244,39,45.25,9,1764.75,2004-04-29,Shipped,2,4,2004,Vintage Cars,44,S24_2022,Euro Shopping Channel,(91) 555 94 44,"C/ Moralzarzal, 86",N/A,Madrid,N/A,28034,Spain,EMEA,Freyre,Diego,Small,2004,4,2,April,Q2,2004-04,EMEA,1764.75,1029.6,735.1500000000001,41.65745856353592,Low
10255,37,45.7,2,1690.9,2004-06-04,Shipped,2,6,2004,Vintage Cars,44,S24_2022,Mini Caravy,88.60.1555,"24, place Kluber",N/A,Strasbourg,N/A,67000,France,EMEA,Citeaux,Frederique,Small,2004,6,2,June,Q2,2004-06,EMEA,1690.9,976.8,714.1000000000001,42.23194748358863,Low
10280,45,47.49,11,2137.05,2004-08-17,Shipped,3,8,2004,Vintage Cars,44,S24_2022,Amica Models & Co.,011-4988555,Via Monte Bianco 34,N/A,Torino,N/A,10100,Italy,EMEA,Accorti,Paolo,Small,2004,8,3,August,Q3,2004-08,EMEA,2137.05,1188.0,949.0500000000002,44.40934933670247,Low
10289,45,48.38,4,2177.1,2004-09-03,Shipped,3,9,2004,Vintage Cars,44,S24_2022,Herkku Gifts,+47 2267 3215,"Drammen 121, PR 744 Sentrum",N/A,Bergen,N/A,N 5804,Norway,EMEA,Oeztan,Veysel,Small,2004,9,3,September,Q3,2004-09,EMEA,2177.1,1188.0,989.0999999999999,45.43199669284828,Low
10304,44,39.42,15,1734.48,2004-10-11,Shipped,4,10,2004,Vintage Cars,44,S24_2022,Auto Assoc. & Cie.,30.59.8555,"67, avenue de l'Europe",N/A,Versailles,N/A,78000,France,EMEA,Tonini,Daniel,Small,2004,10,4,October,Q4,2004-10,EMEA,1734.48,1161.6,572.8800000000001,33.0289193302892,Low
10312,23,37.63,12,865.49,2004-10-21,Shipped,4,10,2004,Vintage Cars,44,S24_2022,Mini Gifts Distributors Ltd.,4155551450,5677 Strong St.,N/A,San Rafael,CA,97562,USA,NA,Nelson,Valarie,Small,2004,10,4,October,Q4,2004-10,NA,865.49,607.1999999999999,258.2900000000001,29.843210204623976,Low
10322,30,100.0,4,3500.1,2004-11-04,Shipped,4,11,2004,Vintage Cars,44,S24_2022,Online Diecast Creations Co.,6035558647,2304 Long Airport Avenue,N/A,Nashua,NH,62005,USA,NA,Young,Valarie,Medium,2004,11,4,November,Q4,2004-11,NA,3500.1,792.0,2708.1,77.37207508356903,Medium
10332,26,85.52,10,2223.52,2004-11-17,Shipped,4,11,2004,Vintage Cars,44,S24_2022,"AV Stores, Co.",(171) 555-1555,Fauntleroy Circus,N/A,Manchester,N/A,EC2 5NT,UK,EMEA,Ashworth,Victoria,Small,2004,11,4,November,Q4,2004-11,EMEA,2223.52,686.4,1537.12,69.13002806361085,Low
10345,43,53.76,1,2311.68,2004-11-25,Shipped,4,11,2004,Vintage Cars,44,S24_2022,Atelier graphique,40.32.2555,"54, rue Royale",N/A,Nantes,N/A,44000,France,EMEA,Schmitt,Carine,Small,2004,11,4,November,Q4,2004-11,EMEA,2311.68,1135.2,1176.4799999999998,50.89285714285714,Low
10356,26,31.86,7,828.36,2004-12-09,Shipped,4,12,2004,Vintage Cars,44,S24_2022,Lyon Souveniers,+33 1 46 62 7555,27 rue du Colonel Pierre Avia,N/A,Paris,N/A,75508,France,EMEA,Da Cunha,Daniel,Small,2004,12,4,December,Q4,2004-12,EMEA,828.36,686.4,141.96000000000004,17.137476459510363,Low
10367,28,30.59,12,856.52,2005-01-12,Resolved,1,1,2005,Vintage Cars,44,S24_2022,Toys4GrownUps.com,6265557265,78934 Hillside Dr.,N/A,Pasadena,CA,90003,USA,NA,Young,Julie,Small,2005,1,1,January,Q1,2005-01,NA,856.52,739.1999999999999,117.32000000000005,13.697286694998374,Low
10380,27,68.35,5,1845.45,2005-02-16,Shipped,1,2,2005,Vintage Cars,44,S24_2022,Euro Shopping Channel,(91) 555 94 44,"C/ Moralzarzal, 86",N/A,Madrid,N/A,28034,Spain,EMEA,Freyre,Diego,Small,2005,2,1,February,Q1,2005-02,EMEA,1845.45,712.8,1132.65,61.37527432333577,Low
10391,24,100.0,1,4042.08,2005-03-09,Shipped,1,3,2005,Vintage Cars,44,S24_2022,"Anna's Decorations, Ltd",02 9936 8555,201 Miller Street,Level 15,North Sydney,NSW,2060,Australia,APAC,O'Hara,Anna,Medium,2005,3,1,March,Q1,2005-03,APAC,4042.08,633.6,3408.48,84.32490203063769,Medium
10421,40,45.7,2,1828.0,2005-05-29,In Process,2,5,2005,Vintage Cars,44,S24_2022,Mini Gifts Distributors Ltd.,4155551450,5677 Strong St.,N/A,San Rafael,CA,97562,USA,NA,Nelson,Valarie,Small,2005,5,2,May,Q2,2005-05,NA,1828.0,1056.0,772.0,42.23194748358862,Low
10103,36,100.0,1,3680.28,2003-01-29,Shipped,1,1,2003,Trucks and Buses,127,S24_2300,Baane Mini Imports,07-98 9555,Erling Skakkes gate 78,N/A,Stavern,N/A,4110,Norway,EMEA,Bergulfsen,Jonas,Medium,2003,1,1,January,Q1,2003-01,EMEA,3680.28,2743.2,937.0800000000004,25.462193094003727,Medium
10114,21,100.0,5,2925.09,2003-04-01,Shipped,2,4,2003,Trucks and Buses,127,S24_2300,"La Corne D'abondance, Co.",(1) 42.34.2555,"265, boulevard Charonne",N/A,Paris,N/A,75012,France,EMEA,Bertrand,Marie,Small,2003,4,2,April,Q2,2003-04,EMEA,2925.09,1600.2,1324.89,45.29399095412449,Low
10126,27,100.0,1,3415.77,2003-05-28,Shipped,2,5,2003,Trucks and Buses,127,S24_2300,"Corrida Auto Replicas, Ltd",(91) 555 22 82,"C/ Araquil, 67",N/A,Madrid,N/A,28023,Spain,EMEA,Sommer,Mart¡n,Medium,2003,5,2,May,Q2,2003-05,EMEA,3415.77,2057.4,1358.37,39.767607303770454,Medium
10140,47,100.0,1,5105.14,2003-07-24,Shipped,3,7,2003,Trucks and Buses,127,S24_2300,Technics Stores Inc.,6505556809,9408 Furth Circle,N/A,Burlingame,CA,94217,USA,NA,Hirano,Juri,Medium,2003,7,3,July,Q3,2003-07,NA,5105.14,3581.4,1523.7400000000002,29.847173632848467,Medium
10151,42,100.0,8,5098.8,2003-09-21,Shipped,3,9,2003,Trucks and Buses,127,S24_2300,"Oulu Toy Supplies, Inc.",981-443655,Torikatu 38,N/A,Oulu,N/A,90110,Finland,EMEA,Koskitalo,Pirkko,Medium,2003,9,3,September,Q3,2003-09,EMEA,5098.8,3200.4,1898.4,37.23228995057661,Medium
10165,32,100.0,17,4661.76,2003-10-22,Shipped,4,10,2003,Trucks and Buses,127,S24_2300,"Dragon Souveniers, Ltd.",+65 221 7555,"Bronz Sok., Bronz Apt. 3/6 Tesvikiye",N/A,Singapore,N/A,79903,Singapore,Japan,Natividad,Eric,Medium,2003,10,4,October,Q4,2003-10,Japan,4661.76,2438.4,2223.36,47.69357495881384,Medium
10175,28,100.0,6,2969.96,2003-11-06,Shipped,4,11,2003,Trucks and Buses,127,S24_2300,"Stylish Desk Decors, Co.",(171) 555-0297,35 King George,N/A,London,N/A,WX3 6FW,UK,EMEA,Brown,Ann,Small,2003,11,4,November,Q4,2003-11,EMEA,2969.96,2133.6,836.3600000000001,28.160648628264358,Low
10184,24,100.0,11,3496.32,2003-11-14,Shipped,4,11,2003,Trucks and Buses,127,S24_2300,"Iberia Gift Imports, Corp.",(95) 555 82 82,"C/ Romero, 33",N/A,Sevilla,N/A,41101,Spain,EMEA,Roel,Jose Pedro,Medium,2003,11,4,November,Q4,2003-11,EMEA,3496.32,1828.8,1667.5200000000002,47.69357495881385,Medium
10194,49,100.0,1,5760.93,2003-11-25,Shipped,4,11,2003,Trucks and Buses,127,S24_2300,"Saveley & Henriot, Co.",78.32.5555,"2, rue du Commerce",N/A,Lyon,N/A,69004,France,EMEA,Saveley,Mary,Medium,2003,11,4,November,Q4,2003-11,EMEA,5760.93,3733.7999999999997,2027.1300000000006,35.18754784383773,Medium
10207,46,100.0,12,6819.04,2003-12-09,Shipped,4,12,2003,Trucks and Buses,127,S24_2300,Diecast Collectables,6175552555,6251 Ingle Ln.,N/A,Boston,MA,51003,USA,NA,Franco,Valarie,Medium,2003,12,4,December,Q4,2003-12,NA,6819.04,3505.2,3313.84,48.59686994063681,High
10217,28,100.0,1,3148.88,2004-02-04,Shipped,1,2,2004,Trucks and Buses,127,S24_2300,Handji Gifts& Co,+65 224 1555,Village Close - 106 Linden Road Sandown,2nd Floor,Singapore,N/A,69045,Singapore,APAC,Victorino,Wendy,Medium,2004,2,1,February,Q1,2004-02,APAC,3148.88,2133.6,1015.2800000000002,32.24257513782679,Medium
10229,48,100.0,6,5704.32,2004-03-11,Shipped,1,3,2004,Trucks and Buses,127,S24_2300,Mini Gifts Distributors Ltd.,4155551450,5677 Strong St.,N/A,San Rafael,CA,97562,USA,NA,Nelson,Valarie,Medium,2004,3,1,March,Q1,2004-03,NA,5704.32,3657.6,2046.7199999999998,35.88017502524403,Medium
10246,29,100.0,10,3520.6,2004-05-05,Shipped,2,5,2004,Trucks and Buses,127,S24_2300,Euro Shopping Channel,(91) 555 94 44,"C/ Moralzarzal, 86",N/A,Madrid,N/A,28034,Spain,EMEA,Freyre,Diego,Medium,2004,5,2,May,Q2,2004-05,EMEA,3520.6,2209.7999999999997,1310.8000000000002,37.232289950576615,Medium
10259,47,100.0,9,5285.62,2004-06-15,Shipped,2,6,2004,Trucks and Buses,127,S24_2300,Handji Gifts& Co,+65 224 1555,Village Close - 106 Linden Road Sandown,2nd Floor,Singapore,N/A,69045,Singapore,APAC,Victorino,Wendy,Medium,2004,6,2,June,Q2,2004-06,APAC,5285.62,3581.4,1704.2199999999998,32.242575137826776,Medium
10271,43,100.0,10,5605.05,2004-07-20,Shipped,3,7,2004,Trucks and Buses,127,S24_2300,Mini Gifts Distributors Ltd.,4155551450,5677 Strong St.,N/A,San Rafael,CA,97562,USA,NA,Nelson,Valarie,Medium,2004,7,3,July,Q3,2004-07,NA,5605.05,3276.6,2328.4500000000003,41.54200230149598,Medium
10281,25,100.0,6,2779.5,2004-08-19,Shipped,3,8,2004,Trucks and Buses,127,S24_2300,Diecast Classics Inc.,2155551555,7586 Pompton St.,N/A,Allentown,PA,70267,USA,NA,Yu,Kyung,Small,2004,8,3,August,Q3,2004-08,NA,2779.5,1905.0,874.5,31.462493254182405,Low
10291,48,100.0,1,5398.08,2004-09-08,Shipped,3,9,2004,Trucks and Buses,127,S24_2300,Scandinavian Gift Ideas,0695-34 6555,?kergatan 24,N/A,Boras,N/A,S-844 67,Sweden,EMEA,Larsson,Maria,Medium,2004,9,3,September,Q3,2004-09,EMEA,5398.08,3657.6,1740.48,32.24257513782678,Medium
10305,24,100.0,10,3189.6,2004-10-13,Shipped,4,10,2004,Trucks and Buses,127,S24_2300,Marta's Replicas Co.,6175558555,39323 Spinnaker Dr.,N/A,Cambridge,MA,51247,USA,NA,Hernandez,Marta,Medium,2004,10,4,October,Q4,2004-10,NA,3189.6,1828.8,1360.8,42.66365688487584,Medium
10313,42,100.0,4,5581.8,2004-10-22,Shipped,4,10,2004,Trucks and Buses,127,S24_2300,Canadian Gift Exchange Network,(604) 555-3392,1900 Oak St.,N/A,Vancouver,BC,V3F 2K1,Canada,NA,Tannamuri,Yoshi,Medium,2004,10,4,October,Q4,2004-10,NA,5581.8,3200.4,2381.4,42.66365688487584,Medium
10324,31,100.0,2,3820.44,2004-11-05,Shipped,4,11,2004,Trucks and Buses,127,S24_2300,Vitachrome Inc.,2125551500,2678 Kingston Rd.,Suite 101,NYC,NY,10022,USA,NA,Frick,Michael,Medium,2004,11,4,November,Q4,2004-11,NA,3820.44,2362.2,1458.2400000000002,38.169425511197666,Medium
10334,42,100.0,5,5528.04,2004-11-19,On Hold,4,11,2004,Trucks and Buses,127,S24_2300,"Volvo Model Replicas, Co",0921-12 3555,Berguvsvgen  8,N/A,Lule,N/A,S-958 22,Sweden,EMEA,Berglund,Christina,Medium,2004,11,4,November,Q4,2004-11,EMEA,5528.04,3200.4,2327.64,42.106062908372586,Medium
10348,37,100.0,1,5981.42,2004-11-01,Shipped,4,11,2004,Trucks and Buses,127,S24_2300,"Corrida Auto Replicas, Ltd",(91) 555 22 82,"C/ Araquil, 67",N/A,Madrid,N/A,28023,Spain,EMEA,Sommer,Mart¡n,Medium,2004,11,4,November,Q4,2004-11,EMEA,5981.42,2819.4,3162.02,52.86403563033527,Medium
10358,41,100.0,7,5684.65,2004-12-10,Shipped,4,12,2004,Trucks and Buses,127,S24_2300,Euro Shopping Channel,(91) 555 94 44,"C/ Moralzarzal, 86",N/A,Madrid,N/A,28034,Spain,EMEA,Freyre,Diego,Medium,2004,12,4,December,Q4,2004-12,EMEA,5684.65,3124.2,2560.45,45.041471330688786,Medium
10371,20,100.0,5,3449.4,2005-01-23,Shipped,1,1,2005,Trucks and Buses,127,S24_2300,Mini Gifts Distributors Ltd.,4155551450,5677 Strong St.,N/A,San Rafael,CA,97562,USA,NA,Nelson,Valarie,Medium,2005,1,1,January,Q1,2005-01,NA,3449.4,1524.0,1925.4,55.818403200556624,Medium
10382,20,100.0,3,2654.4,2005-02-17,Shipped,1,2,2005,Trucks and Buses,127,S24_2300,Mini Gifts Distributors Ltd.,4155551450,5677 Strong St.,N/A,San Rafael,CA,97562,USA,NA,Nelson,Valarie,Small,2005,2,1,February,Q1,2005-02,NA,2654.4,1524.0,1130.4,42.58589511754069,Low
10412,70,100.0,10,8498.0,2005-05-03,Shipped,2,5,2005,Trucks and Buses,127,S24_2300,Euro Shopping Channel,(91) 555 94 44,"C/ Moralzarzal, 86",N/A,Madrid,N/A,28034,Spain,EMEA,Freyre,Diego,Large,2005,5,2,May,Q2,2005-05,EMEA,8498.0,5334.0,3164.0,37.23228995057661,High
10425,49,100.0,9,5510.54,2005-05-31,In Process,2,5,2005,Trucks and Buses,127,S24_2300,La Rochelle Gifts,40.67.8555,"67, rue des Cinquante Otages",N/A,Nantes,N/A,44000,France,EMEA,Labrune,Janine,Medium,2005,5,2,May,Q2,2005-05,EMEA,5510.54,3733.7999999999997,1776.7400000000002,32.24257513782679,Medium
10108,35,58.87,15,2060.45,2003-03-03,Shipped,1,3,2003,Motorcycles,69,S24_2360,Cruz & Sons Co.,+63 2 555 3587,15 McCallum Street - NatWest Center #13-03,N/A,Makati City,N/A,1227 MM,Philippines,Japan,Cruz,Arnold,Small,2003,3,1,March,Q1,2003-03,Japan,2060.45,1449.0,611.4499999999998,29.67555631051469,Low
10121,32,76.88,2,2460.16,2003-05-07,Shipped,2,5,2003,Motorcycles,69,S24_2360,Reims Collectables,26.47.1555,59 rue de l'Abbaye,N/A,Reims,N/A,51100,France,EMEA,Henriot,Paul,Small,2003,5,2,May,Q2,2003-05,EMEA,2460.16,1324.8,1135.36,46.14984391259105,Low
10135,29,61.64,16,1787.56,2003-07-02,Shipped,3,7,2003,Motorcycles,69,S24_2360,Mini Gifts Distributors Ltd.,4155551450,5677 Strong St.,N/A,San Rafael,CA,97562,USA,NA,Nelson,Valarie,Small,2003,7,3,July,Q3,2003-07,NA,1787.56,1200.6,586.96,32.83582089552239,Low
10145,27,60.95,3,1645.65,2003-08-25,Shipped,3,8,2003,Motorcycles,69,S24_2360,Toys4GrownUps.com,6265557265,78934 Hillside Dr.,N/A,Pasadena,CA,90003,USA,NA,Young,Julie,Small,2003,8,3,August,Q3,2003-08,NA,1645.65,1117.8,527.8500000000001,32.07547169811321,Low
10159,27,80.34,11,2169.18,2003-10-10,Shipped,4,10,2003,Motorcycles,69,S24_2360,Corporate Gift Ideas Co.,6505551386,7734 Strong St.,N/A,San Francisco,CA,N/A,USA,NA,Brown,Julie,Small,2003,10,4,October,Q4,2003-10,NA,2169.18,1117.8,1051.3799999999999,48.46900672143391,Low
10169,38,74.11,11,2816.18,2003-11-04,Shipped,4,11,2003,Motorcycles,69,S24_2360,"Anna's Decorations, Ltd",02 9936 8555,201 Miller Street,Level 15,North Sydney,NSW,2060,Australia,APAC,O'Hara,Anna,Small,2003,11,4,November,Q4,2003-11,APAC,2816.18,1573.2,1242.9799999999998,44.13709350964782,Low
10180,35,72.03,6,2521.05,2003-11-11,Shipped,4,11,2003,Motorcycles,69,S24_2360,Daedalus Designs Imports,20.16.1555,"184, chausse de Tournai",N/A,Lille,N/A,59000,France,EMEA,Rance,Martine,Small,2003,11,4,November,Q4,2003-11,EMEA,2521.05,1449.0,1072.0500000000002,42.523948354852145,Low
10190,42,76.19,3,3199.98,2003-11-19,Shipped,4,11,2003,Motorcycles,69,S24_2360,Euro Shopping Channel,(91) 555 94 44,"C/ Moralzarzal, 86",N/A,Madrid,N/A,28034,Spain,EMEA,Freyre,Diego,Medium,2003,11,4,November,Q4,2003-11,EMEA,3199.98,1738.8,1461.18,45.66216038850243,Medium
10211,21,63.72,11,1338.12,2004-01-15,Shipped,1,1,2004,Motorcycles,69,S24_2360,Auto Canal Petit,(1) 47.55.6555,"25, rue Lauriston",N/A,Paris,N/A,75016,France,EMEA,Perrier,Dominique,Small,2004,1,1,January,Q1,2004-01,EMEA,1338.12,869.4,468.7199999999999,35.028248587570616,Low
10224,37,80.34,4,2972.58,2004-02-21,Shipped,1,2,2004,Motorcycles,69,S24_2360,Daedalus Designs Imports,20.16.1555,"184, chausse de Tournai",N/A,Lille,N/A,59000,France,EMEA,Rance,Martine,Small,2004,2,1,February,Q1,2004-02,EMEA,2972.58,1531.8,1440.78,48.46900672143391,Low
10237,26,79.65,4,2070.9,2004-04-05,Shipped,2,4,2004,Motorcycles,69,S24_2360,Vitachrome Inc.,2125551500,2678 Kingston Rd.,Suite 101,NYC,NY,10022,USA,NA,Frick,Michael,Small,2004,4,2,April,Q2,2004-04,NA,2070.9,1076.3999999999999,994.5000000000002,48.022598870056505,Low
10252,47,65.8,8,3092.6,2004-05-26,Shipped,2,5,2004,Motorcycles,69,S24_2360,Auto Canal Petit,(1) 47.55.6555,"25, rue Lauriston",N/A,Paris,N/A,75016,France,EMEA,Perrier,Dominique,Medium,2004,5,2,May,Q2,2004-05,EMEA,3092.6,1945.8,1146.8,37.08206686930091,Medium
10264,37,65.1,6,2408.7,2004-06-30,Shipped,2,6,2004,Motorcycles,69,S24_2360,Gifts4AllAges.com,6175559555,8616 Spinnaker Dr.,N/A,Boston,MA,51003,USA,NA,Yoshido,Juri,Small,2004,6,2,June,Q2,2004-06,NA,2408.7,1531.8,876.8999999999999,36.405529953917046,Low
10276,46,75.49,12,3472.54,2004-08-02,Shipped,3,8,2004,Motorcycles,69,S24_2360,Online Mini Collectables,6175557555,7635 Spinnaker Dr.,N/A,Brickhaven,MA,58339,USA,NA,Barajas,Miguel,Medium,2004,8,3,August,Q3,2004-08,NA,3472.54,1904.3999999999999,1568.14,45.15829911246523,Medium
10285,38,59.56,3,2263.28,2004-08-27,Shipped,3,8,2004,Motorcycles,69,S24_2360,Marta's Replicas Co.,6175558555,39323 Spinnaker Dr.,N/A,Cambridge,MA,51247,USA,NA,Hernandez,Marta,Small,2004,8,3,August,Q3,2004-08,NA,2263.28,1573.2,690.0800000000002,30.490261920752186,Low
10299,33,66.49,6,2194.17,2004-09-30,Shipped,3,9,2004,Motorcycles,69,S24_2360,"Toys of Finland, Co.",90-224 8555,Keskuskatu 45,N/A,Helsinki,N/A,21240,Finland,EMEA,Karttunen,Matti,Small,2004,9,3,September,Q3,2004-09,EMEA,2194.17,1366.2,827.97,37.73499774402166,Low
10309,24,56.1,2,1346.4,2004-10-15,Shipped,4,10,2004,Motorcycles,69,S24_2360,Baane Mini Imports,07-98 9555,Erling Skakkes gate 78,N/A,Stavern,N/A,4110,Norway,EMEA,Bergulfsen,Jonas,Small,2004,10,4,October,Q4,2004-10,EMEA,1346.4,993.5999999999999,352.8000000000002,26.203208556149743,Low
10319,31,81.73,7,2533.63,2004-11-03,Shipped,4,11,2004,Motorcycles,69,S24_2360,Microscale Inc.,2125551957,5290 North Pendale Street,Suite 200,NYC,NY,10022,USA,NA,Kuo,Kee,Small,2004,11,4,November,Q4,2004-11,NA,2533.63,1283.3999999999999,1250.2300000000002,49.345405603817454,Low
10330,42,81.03,1,3403.26,2004-11-16,Shipped,4,11,2004,Motorcycles,69,S24_2360,Cruz & Sons Co.,+63 2 555 3587,15 McCallum Street - NatWest Center #13-03,N/A,Makati City,N/A,1227 MM,Philippines,Japan,Cruz,Arnold,Medium,2004,11,4,November,Q4,2004-11,Japan,3403.26,1738.8,1664.4600000000003,48.90781192151056,Medium
10341,32,100.0,6,3307.2,2004-11-24,Shipped,4,11,2004,Motorcycles,69,S24_2360,Salzburg Collectables,6562-9555,Geislweg 14,N/A,Salzburg,N/A,5020,Austria,EMEA,Pipps,Georg,Medium,2004,11,4,November,Q4,2004-11,EMEA,3307.2,1324.8,1982.3999999999999,59.94194484760522,Medium
10355,41,70.65,3,2896.65,2004-12-07,Shipped,4,12,2004,Motorcycles,69,S24_2360,Euro Shopping Channel,(91) 555 94 44,"C/ Moralzarzal, 86",N/A,Madrid,N/A,28034,Spain,EMEA,Freyre,Diego,Small,2004,12,4,December,Q4,2004-12,EMEA,2896.65,1697.3999999999999,1199.2500000000002,41.40127388535033,Low
10363,43,61.23,14,2632.89,2005-01-06,Shipped,1,1,2005,Motorcycles,69,S24_2360,Suominen Souveniers,+358 9 8045 555,"Software Engineering Center, SEC Oy",N/A,Espoo,N/A,FIN-02271,Finland,EMEA,Suominen,Kalle,Small,2005,1,1,January,Q1,2005-01,EMEA,2632.89,1780.2,852.6899999999998,32.386085252327284,Low
10375,20,100.0,14,2046.0,2005-02-03,Shipped,1,2,2005,Motorcycles,69,S24_2360,La Rochelle Gifts,40.67.8555,"67, rue des Cinquante Otages",N/A,Nantes,N/A,44000,France,EMEA,Labrune,Janine,Small,2005,2,1,February,Q1,2005-02,EMEA,2046.0,828.0,1218.0,59.530791788856305,Low
10390,35,65.13,4,2279.55,2005-03-04,Shipped,1,3,2005,Motorcycles,69,S24_2360,Mini Gifts Distributors Ltd.,4155551450,5677 Strong St.,N/A,San Rafael,CA,97562,USA,NA,Nelson,Valarie,Small,2005,3,1,March,Q1,2005-03,NA,2279.55,1449.0,830.5500000000002,36.43482266236758,Low
10403,27,79.65,4,2150.55,2005-04-08,Shipped,2,4,2005,Motorcycles,69,S24_2360,"UK Collectables, Ltd.",(171) 555-2282,Berkeley Gardens 12  Brewery,N/A,Liverpool,N/A,WX1 6LT,UK,EMEA,Devon,Elizabeth,Small,2005,4,2,April,Q2,2005-04,EMEA,2150.55,1117.8,1032.7500000000002,48.022598870056505,Low
10110,43,78.15,11,3360.45,2003-03-18,Shipped,1,3,2003,Classic Cars,90,S24_2766,"AV Stores, Co.",(171) 555-1555,Fauntleroy Circus,N/A,Manchester,N/A,EC2 5NT,UK,EMEA,Ashworth,Victoria,Medium,2003,3,1,March,Q1,2003-03,EMEA,3360.45,2322.0,1038.4499999999998,30.902111324376197,Medium
10124,32,72.7,10,2326.4,2003-05-21,Shipped,2,5,2003,Classic Cars,90,S24_2766,Signal Gift Stores,7025551838,8489 Strong St.,N/A,Las Vegas,NV,83030,USA,NA,King,Sue,Small,2003,5,2,May,Q2,2003-05,NA,2326.4,1728.0,598.4000000000001,25.722145804676757,Low
10148,21,73.6,4,1545.6,2003-09-11,Shipped,3,9,2003,Classic Cars,90,S24_2766,"Anna's Decorations, Ltd",02 9936 8555,201 Miller Street,Level 15,North Sydney,NSW,2060,Australia,APAC,O'Hara,Anna,Small,2003,9,3,September,Q3,2003-09,APAC,1545.6,1134.0,411.5999999999999,26.630434782608692,Low
10161,20,100.0,3,2144.6,2003-10-17,Shipped,4,10,2003,Classic Cars,90,S24_2766,Heintze Collectables,86 21 3555,Smagsloget 45,N/A,Aaarhus,N/A,8200,Denmark,EMEA,Ibsen,Palle,Small,2003,10,4,October,Q4,2003-10,EMEA,2144.6,1080.0,1064.6,49.640958686934624,Low
10172,22,74.51,1,1639.22,2003-11-05,Shipped,4,11,2003,Classic Cars,90,S24_2766,Gift Depot Inc.,2035552570,25593 South Bay Ln.,N/A,Bridgewater,CT,97562,USA,NA,King,Julie,Small,2003,11,4,November,Q4,2003-11,NA,1639.22,1188.0,451.22,27.5265065091934,Low
10182,36,73.6,14,2649.6,2003-11-12,Shipped,4,11,2003,Classic Cars,90,S24_2766,Mini Gifts Distributors Ltd.,4155551450,5677 Strong St.,N/A,San Rafael,CA,97562,USA,NA,Nelson,Valarie,Small,2003,11,4,November,Q4,2003-11,NA,2649.6,1944.0,705.5999999999999,26.630434782608692,Low
10192,46,83.6,2,3845.6,2003-11-20,Shipped,4,11,2003,Classic Cars,90,S24_2766,Online Diecast Creations Co.,6035558647,2304 Long Airport Avenue,N/A,Nashua,NH,62005,USA,NA,Young,Valarie,Medium,2003,11,4,November,Q4,2003-11,NA,3845.6,2484.0,1361.6,35.4066985645933,Medium
10204,47,96.32,8,4527.04,2003-12-02,Shipped,4,12,2003,Classic Cars,90,S24_2766,Muscle Machine Inc,2125557413,4092 Furth Circle,Suite 400,NYC,NY,10022,USA,NA,Young,Jeff,Medium,2003,12,4,December,Q4,2003-12,NA,4527.04,2538.0,1989.04,43.93687707641196,Medium
10212,45,88.14,1,3966.3,2004-01-16,Shipped,1,1,2004,Classic Cars,90,S24_2766,Euro Shopping Channel,(91) 555 94 44,"C/ Moralzarzal, 86",N/A,Madrid,N/A,28034,Spain,EMEA,Freyre,Diego,Medium,2004,1,1,January,Q1,2004-01,EMEA,3966.3,2430.0,1536.3000000000002,38.73383253914228,Medium
10227,47,88.14,14,4142.58,2004-03-02,Shipped,1,3,2004,Classic Cars,90,S24_2766,"Saveley & Henriot, Co.",78.32.5555,"2, rue du Commerce",N/A,Lyon,N/A,69004,France,EMEA,Saveley,Mary,Medium,2004,3,1,March,Q1,2004-03,EMEA,4142.58,2538.0,1604.58,38.73383253914227,Medium
10241,47,94.5,6,4441.5,2004-04-13,Shipped,2,4,2004,Classic Cars,90,S24_2766,Mini Caravy,88.60.1555,"24, place Kluber",N/A,Strasbourg,N/A,67000,France,EMEA,Citeaux,Frederique,Medium,2004,4,2,April,Q2,2004-04,EMEA,4441.5,2538.0,1903.5,42.857142857142854,Medium
10267,38,87.24,3,3315.12,2004-07-07,Shipped,3,7,2004,Classic Cars,90,S24_2766,Muscle Machine Inc,2125557413,4092 Furth Circle,Suite 400,NYC,NY,10022,USA,NA,Young,Jeff,Medium,2004,7,3,July,Q3,2004-07,NA,3315.12,2052.0,1263.12,38.101788170563964,Medium
10279,49,79.97,3,3918.53,2004-08-09,Shipped,3,8,2004,Classic Cars,90,S24_2766,Euro Shopping Channel,(91) 555 94 44,"C/ Moralzarzal, 86",N/A,Madrid,N/A,28034,Spain,EMEA,Freyre,Diego,Medium,2004,8,3,August,Q3,2004-08,EMEA,3918.53,2646.0,1272.5300000000002,32.4746780042516,Medium
10288,35,80.87,9,2830.45,2004-09-01,Shipped,3,9,2004,Classic Cars,90,S24_2766,Handji Gifts& Co,+65 224 1555,Village Close - 106 Linden Road Sandown,2nd Floor,Singapore,N/A,69045,Singapore,APAC,Victorino,Wendy,Small,2004,9,3,September,Q3,2004-09,APAC,2830.45,1890.0,940.4499999999998,33.22616545072338,Low
10302,49,100.0,5,5298.86,2003-10-06,Shipped,4,10,2003,Classic Cars,90,S24_2766,"UK Collectables, Ltd.",(171) 555-2282,Berkeley Gardens 12  Brewery,N/A,Liverpool,N/A,WX1 6LT,UK,EMEA,Devon,Elizabeth,Medium,2003,10,4,October,Q4,2003-10,EMEA,5298.86,2646.0,2652.8599999999997,50.064730904383204,Medium
10311,28,93.6,4,2620.8,2004-10-16,Shipped,4,10,2004,Classic Cars,90,S24_2766,Euro Shopping Channel,(91) 555 94 44,"C/ Moralzarzal, 86",N/A,Madrid,N/A,28034,Spain,EMEA,Freyre,Diego,Small,2004,10,4,October,Q4,2004-10,EMEA,2620.8,1512.0,1108.8000000000002,42.307692307692314,Low
10321,30,72.7,1,2181.0,2004-11-04,Shipped,4,11,2004,Classic Cars,90,S24_2766,FunGiftIdeas.com,5085552555,1785 First Street,N/A,New Bedford,MA,50553,USA,NA,Benitez,Violeta,Small,2004,11,4,November,Q4,2004-11,NA,2181.0,1620.0,561.0,25.722145804676757,Low
10332,39,86.72,7,3382.08,2004-11-17,Shipped,4,11,2004,Classic Cars,90,S24_2766,"AV Stores, Co.",(171) 555-1555,Fauntleroy Circus,N/A,Manchester,N/A,EC2 5NT,UK,EMEA,Ashworth,Victoria,Medium,2004,11,4,November,Q4,2004-11,EMEA,3382.08,2106.0,1276.08,37.730627306273064,Medium
10346,25,100.0,1,2876.75,2004-11-29,Shipped,4,11,2004,Classic Cars,90,S24_2766,Signal Gift Stores,7025551838,8489 Strong St.,N/A,Las Vegas,NV,83030,USA,NA,King,Sue,Small,2004,11,4,November,Q4,2004-11,NA,2876.75,1350.0,1526.75,53.07204310419744,Low
10368,40,100.0,2,4107.2,2005-01-19,Shipped,1,1,2005,Classic Cars,90,S24_2766,Mini Gifts Distributors Ltd.,4155551450,5677 Strong St.,N/A,San Rafael,CA,97562,USA,NA,Nelson,Valarie,Medium,2005,1,1,January,Q1,2005-01,NA,4107.2,2160.0,1947.1999999999998,47.409427347097775,Medium
10380,36,37.5,6,1350.0,2005-02-16,Shipped,1,2,2005,Classic Cars,90,S24_2766,Euro Shopping Channel,(91) 555 94 44,"C/ Moralzarzal, 86",N/A,Madrid,N/A,28034,Spain,EMEA,Freyre,Diego,Small,2005,2,1,February,Q1,2005-02,EMEA,1350.0,1944.0,-594.0,-44.0,Low
10407,76,94.5,6,7182.0,2005-04-22,On Hold,2,4,2005,Classic Cars,90,S24_2766,The Sharp Gifts Warehouse,4085553659,3086 Ingle Ln.,N/A,San Jose,CA,94217,USA,NA,Frick,Sue,Large,2005,4,2,April,Q2,2005-04,NA,7182.0,4104.0,3078.0,42.857142857142854,High
10420,39,100.0,9,3933.93,2005-05-29,In Process,2,5,2005,Classic Cars,90,S24_2766,Souveniers And Things Co.,+61 2 9495 8555,"Monitor Money Building, 815 Pacific Hwy",Level 6,Chatswood,NSW,2067,Australia,APAC,Huxley,Adrian,Medium,2005,5,2,May,Q2,2005-05,APAC,3933.93,2106.0,1827.9299999999998,46.465747992465545,Medium
10104,44,39.6,10,1742.4,2003-01-31,Shipped,1,1,2003,Classic Cars,35,S24_2840,Euro Shopping Channel,(91) 555 94 44,"C/ Moralzarzal, 86",N/A,Madrid,N/A,28034,Spain,EMEA,Freyre,Diego,Small,2003,1,1,January,Q1,2003-01,EMEA,1742.4,924.0,818.4000000000001,46.96969696969697,Low
10114,24,30.06,1,721.44,2003-04-01,Shipped,2,4,2003,Classic Cars,35,S24_2840,"La Corne D'abondance, Co.",(1) 42.34.2555,"265, boulevard Charonne",N/A,Paris,N/A,75012,France,EMEA,Bertrand,Marie,Small,2003,4,2,April,Q2,2003-04,EMEA,721.44,504.0,217.44000000000005,30.13972055888224,Low
10127,39,38.19,12,1489.41,2003-06-03,Shipped,2,6,2003,Classic Cars,35,S24_2840,Muscle Machine Inc,2125557413,4092 Furth Circle,Suite 400,NYC,NY,10022,USA,NA,Young,Jeff,Small,2003,6,2,June,Q2,2003-06,NA,1489.41,819.0,670.4100000000001,45.01178318931658,Low
10141,21,42.43,6,891.03,2003-08-01,Shipped,3,8,2003,Classic Cars,35,S24_2840,Suominen Souveniers,+358 9 8045 555,"Software Engineering Center, SEC Oy",N/A,Espoo,N/A,FIN-02271,Finland,EMEA,Suominen,Kalle,Small,2003,8,3,August,Q3,2003-08,EMEA,891.03,441.0,450.03,50.506716945557386,Low
10151,30,40.31,4,1209.3,2003-09-21,Shipped,3,9,2003,Classic Cars,35,S24_2840,"Oulu Toy Supplies, Inc.",981-443655,Torikatu 38,N/A,Oulu,N/A,90110,Finland,EMEA,Koskitalo,Pirkko,Small,2003,9,3,September,Q3,2003-09,EMEA,1209.3,630.0,579.3,47.90374596874224,Low
10165,27,31.82,13,859.14,2003-10-22,Shipped,4,10,2003,Classic Cars,35,S24_2840,"Dragon Souveniers, Ltd.",+65 221 7555,"Bronz Sok., Bronz Apt. 3/6 Tesvikiye",N/A,Singapore,N/A,79903,Singapore,Japan,Natividad,Eric,Small,2003,10,4,October,Q4,2003-10,Japan,859.14,567.0,292.14,34.003771213073534,Low
10175,37,31.12,2,1151.44,2003-11-06,Shipped,4,11,2003,Classic Cars,35,S24_2840,"Stylish Desk Decors, Co.",(171) 555-0297,35 King George,N/A,London,N/A,WX3 6FW,UK,EMEA,Brown,Ann,Small,2003,11,4,November,Q4,2003-11,EMEA,1151.44,777.0,374.44000000000005,32.519280205655534,Low
10184,42,31.82,7,1336.44,2003-11-14,Shipped,4,11,2003,Classic Cars,35,S24_2840,"Iberia Gift Imports, Corp.",(95) 555 82 82,"C/ Romero, 33",N/A,Sevilla,N/A,41101,Spain,EMEA,Roel,Jose Pedro,Small,2003,11,4,November,Q4,2003-11,EMEA,1336.44,882.0,454.44000000000005,34.00377121307354,Low
10195,32,28.29,7,905.28,2003-11-25,Shipped,4,11,2003,Classic Cars,35,S24_2840,Mini Classics,9145554562,3758 North Pendale Street,N/A,White Plains,NY,24067,USA,NA,Frick,Steve,Small,2003,11,4,November,Q4,2003-11,NA,905.28,672.0,233.27999999999997,25.768822905620357,Low
10207,42,29.7,8,1247.4,2003-12-09,Shipped,4,12,2003,Classic Cars,35,S24_2840,Diecast Collectables,6175552555,6251 Ingle Ln.,N/A,Boston,MA,51003,USA,NA,Franco,Valarie,Small,2003,12,4,December,Q4,2003-12,NA,1247.4,882.0,365.4000000000001,29.292929292929298,Low
10219,21,40.31,3,846.51,2004-02-10,Shipped,1,2,2004,Classic Cars,35,S24_2840,Signal Collectibles Ltd.,4155554312,2793 Furth Circle,N/A,Brisbane,CA,94217,USA,NA,Taylor,Sue,Small,2004,2,1,February,Q1,2004-02,NA,846.51,441.0,405.51,47.90374596874224,Low
10229,33,32.88,2,1085.04,2004-03-11,Shipped,1,3,2004,Classic Cars,35,S24_2840,Mini Gifts Distributors Ltd.,4155551450,5677 Strong St.,N/A,San Rafael,CA,97562,USA,NA,Nelson,Valarie,Small,2004,3,1,March,Q1,2004-03,NA,1085.04,693.0,392.03999999999996,36.13138686131387,Low
10246,49,36.07,6,1767.43,2004-05-05,Shipped,2,5,2004,Classic Cars,35,S24_2840,Euro Shopping Channel,(91) 555 94 44,"C/ Moralzarzal, 86",N/A,Madrid,N/A,28034,Spain,EMEA,Freyre,Diego,Small,2004,5,2,May,Q2,2004-05,EMEA,1767.43,1029.0,738.4300000000001,41.77987247019684,Low
10259,31,33.24,5,1030.44,2004-06-15,Shipped,2,6,2004,Classic Cars,35,S24_2840,Handji Gifts& Co,+65 224 1555,Village Close - 106 Linden Road Sandown,2nd Floor,Singapore,N/A,69045,Singapore,APAC,Victorino,Wendy,Small,2004,6,2,June,Q2,2004-06,APAC,1030.44,651.0,379.44000000000005,36.8231046931408,Low
10271,38,41.72,6,1585.36,2004-07-20,Shipped,3,7,2004,Classic Cars,35,S24_2840,Mini Gifts Distributors Ltd.,4155551450,5677 Strong St.,N/A,San Rafael,CA,97562,USA,NA,Nelson,Valarie,Small,2004,7,3,July,Q3,2004-07,NA,1585.36,798.0,787.3599999999999,49.66442953020134,Low
10281,20,40.66,2,813.2,2004-08-19,Shipped,3,8,2004,Classic Cars,35,S24_2840,Diecast Classics Inc.,2155551555,7586 Pompton St.,N/A,Allentown,PA,70267,USA,NA,Yu,Kyung,Small,2004,8,3,August,Q3,2004-08,NA,813.2,420.0,393.20000000000005,48.352188883423516,Low
10292,39,30.06,9,1172.34,2004-09-08,Shipped,3,9,2004,Classic Cars,35,S24_2840,Land of Toys Inc.,2125557818,897 Long Airport Avenue,N/A,NYC,NY,10022,USA,NA,Yu,Kwai,Small,2004,9,3,September,Q3,2004-09,NA,1172.34,819.0,353.3399999999999,30.13972055888223,Low
10305,48,31.47,6,1510.56,2004-10-13,Shipped,4,10,2004,Classic Cars,35,S24_2840,Marta's Replicas Co.,6175558555,39323 Spinnaker Dr.,N/A,Cambridge,MA,51247,USA,NA,Hernandez,Marta,Small,2004,10,4,October,Q4,2004-10,NA,1510.56,1008.0,502.55999999999995,33.2697807435653,Low
10314,39,37.13,15,1448.07,2004-10-22,Shipped,4,10,2004,Classic Cars,35,S24_2840,Heintze Collectables,86 21 3555,Smagsloget 45,N/A,Aaarhus,N/A,8200,Denmark,EMEA,Ibsen,Palle,Small,2004,10,4,October,Q4,2004-10,EMEA,1448.07,819.0,629.0699999999999,43.44196067869647,Low
10324,30,100.0,9,3338.1,2004-11-05,Shipped,4,11,2004,Classic Cars,35,S24_2840,Vitachrome Inc.,2125551500,2678 Kingston Rd.,Suite 101,NYC,NY,10022,USA,NA,Frick,Michael,Medium,2004,11,4,November,Q4,2004-11,NA,3338.1,630.0,2708.1,81.12698840657859,Medium
10335,33,37.13,2,1225.29,2004-11-19,Shipped,4,11,2004,Classic Cars,35,S24_2840,Mini Gifts Distributors Ltd.,4155551450,5677 Strong St.,N/A,San Rafael,CA,97562,USA,NA,Nelson,Valarie,Small,2004,11,4,November,Q4,2004-11,NA,1225.29,693.0,532.29,43.441960678696475,Low
10349,36,37.13,3,1336.68,2004-12-01,Shipped,4,12,2004,Classic Cars,35,S24_2840,Muscle Machine Inc,2125557413,4092 Furth Circle,Suite 400,NYC,NY,10022,USA,NA,Young,Jeff,Small,2004,12,4,December,Q4,2004-12,NA,1336.68,756.0,580.6800000000001,43.441960678696475,Low
10358,36,82.94,4,2985.84,2004-12-10,Shipped,4,12,2004,Classic Cars,35,S24_2840,Euro Shopping Channel,(91) 555 94 44,"C/ Moralzarzal, 86",N/A,Madrid,N/A,28034,Spain,EMEA,Freyre,Diego,Small,2004,12,4,December,Q4,2004-12,EMEA,2985.84,756.0,2229.84,74.68049192187122,Low
10371,45,100.0,8,5545.8,2005-01-23,Shipped,1,1,2005,Classic Cars,35,S24_2840,Mini Gifts Distributors Ltd.,4155551450,5677 Strong St.,N/A,San Rafael,CA,97562,USA,NA,Nelson,Valarie,Medium,2005,1,1,January,Q1,2005-01,NA,5545.8,945.0,4600.8,82.96007789678676,Medium
10383,40,100.0,3,6089.6,2005-02-22,Shipped,1,2,2005,Classic Cars,35,S24_2840,Euro Shopping Channel,(91) 555 94 44,"C/ Moralzarzal, 86",N/A,Madrid,N/A,28034,Spain,EMEA,Freyre,Diego,Medium,2005,2,1,February,Q1,2005-02,EMEA,6089.6,840.0,5249.6,86.20599054125066,High
10394,46,38.9,6,1789.4,2005-03-15,Shipped,1,3,2005,Classic Cars,35,S24_2840,Euro Shopping Channel,(91) 555 94 44,"C/ Moralzarzal, 86",N/A,Madrid,N/A,28034,Spain,EMEA,Freyre,Diego,Small,2005,3,1,March,Q1,2005-03,EMEA,1789.4,966.0,823.4000000000001,46.015424164524426,Low
10412,30,36.07,6,1082.1,2005-05-03,Shipped,2,5,2005,Classic Cars,35,S24_2840,Euro Shopping Channel,(91) 555 94 44,"C/ Moralzarzal, 86",N/A,Madrid,N/A,28034,Spain,EMEA,Freyre,Diego,Small,2005,5,2,May,Q2,2005-05,EMEA,1082.1,630.0,452.0999999999999,41.779872470196835,Low
10425,31,33.24,5,1030.44,2005-05-31,In Process,2,5,2005,Classic Cars,35,S24_2840,La Rochelle Gifts,40.67.8555,"67, rue des Cinquante Otages",N/A,Nantes,N/A,44000,France,EMEA,Labrune,Janine,Small,2005,5,2,May,Q2,2005-05,EMEA,1030.44,651.0,379.44000000000005,36.8231046931408,Low
10106,49,74.68,13,3659.32,2003-02-17,Shipped,1,2,2003,Planes,68,S24_2841,Rovelli Gifts,035-640555,Via Ludovico il Moro 22,N/A,Bergamo,N/A,24100,Italy,EMEA,Rovelli,Giovanni,Medium,2003,2,1,February,Q1,2003-02,EMEA,3659.32,1999.1999999999998,1660.1200000000003,45.366898768077135,Medium
10119,41,59.6,4,2443.6,2003-04-28,Shipped,2,4,2003,Planes,68,S24_2841,Salzburg Collectables,6562-9555,Geislweg 14,N/A,Salzburg,N/A,5020,Austria,EMEA,Pipps,Georg,Small,2003,4,2,April,Q2,2003-04,EMEA,2443.6,1672.8,770.8,31.543624161073826,Low
10131,35,67.14,5,2349.9,2003-06-16,Shipped,2,6,2003,Planes,68,S24_2841,Gift Ideas Corp.,2035554407,2440 Pompton St.,N/A,Glendale,CT,97561,USA,NA,Lewis,Dan,Small,2003,6,2,June,Q2,2003-06,NA,2349.9,1428.0,921.9000000000001,39.23145665773012,Low
10143,27,60.97,8,1646.19,2003-08-10,Shipped,3,8,2003,Planes,68,S24_2841,Mini Creations Ltd.,5085559555,4575 Hillside Dr.,N/A,New Bedford,MA,50553,USA,NA,Tam,Wing C,Small,2003,8,3,August,Q3,2003-08,NA,1646.19,1101.6,544.5900000000001,33.08184352960473,Low
10155,23,72.62,6,1670.26,2003-10-06,Shipped,4,10,2003,Planes,68,S24_2841,"Toys of Finland, Co.",90-224 8555,Keskuskatu 45,N/A,Helsinki,N/A,21240,Finland,EMEA,Karttunen,Matti,Small,2003,10,4,October,Q4,2003-10,EMEA,1670.26,938.4,731.86,43.81713026714404,Low
10167,21,69.88,2,1467.48,2003-10-23,Cancelled,4,10,2003,Planes,68,S24_2841,Scandinavian Gift Ideas,0695-34 6555,?kergatan 24,N/A,Boras,N/A,S-844 67,Sweden,EMEA,Larsson,Maria,Small,2003,10,4,October,Q4,2003-10,EMEA,1467.48,856.8,610.6800000000001,41.61419576416715,Low
10178,34,80.84,5,2748.56,2003-11-08,Shipped,4,11,2003,Planes,68,S24_2841,Alpha Cognac,61.77.6555,1 rue Alsace-Lorraine,N/A,Toulouse,N/A,31000,France,EMEA,Roulet,Annette,Small,2003,11,4,November,Q4,2003-11,EMEA,2748.56,1387.2,1361.36,49.52993567540821,Low
10186,22,69.2,2,1522.4,2003-11-14,Shipped,4,11,2003,Planes,68,S24_2841,"Double Decker Gift Stores, Ltd",(171) 555-7555,120 Hanover Sq.,N/A,London,N/A,WA1 1DP,UK,EMEA,Hardy,Thomas,Small,2003,11,4,November,Q4,2003-11,EMEA,1522.4,897.6,624.8000000000001,41.040462427745666,Low
10198,48,67.82,5,3255.36,2003-11-27,Shipped,4,11,2003,Planes,68,S24_2841,Cruz & Sons Co.,+63 2 555 3587,15 McCallum Street - NatWest Center #13-03,N/A,Makati City,N/A,1227 MM,Philippines,Japan,Cruz,Arnold,Medium,2003,11,4,November,Q4,2003-11,Japan,3255.36,1958.3999999999999,1296.9600000000003,39.84075493954586,Medium
10209,43,82.21,1,3535.03,2004-01-09,Shipped,1,1,2004,Planes,68,S24_2841,"Men 'R' US Retailers, Ltd.",2155554369,6047 Douglas Av.,N/A,Los Angeles,CA,N/A,USA,NA,Chandler,Michael,Medium,2004,1,1,January,Q1,2004-01,NA,3535.03,1754.3999999999999,1780.6300000000003,50.37100109475734,Medium
10222,32,81.53,5,2608.96,2004-02-19,Shipped,1,2,2004,Planes,68,S24_2841,Collectable Mini Designs Co.,7605558146,361 Furth Circle,N/A,San Diego,CA,91217,USA,NA,Thompson,Valarie,Small,2004,2,1,February,Q1,2004-02,NA,2608.96,1305.6,1303.3600000000001,49.95707101680363,Low
10249,20,67.82,1,1356.4,2004-05-08,Shipped,2,5,2004,Planes,68,S24_2841,Cambridge Collectables Co.,6175555555,4658 Baden Av.,N/A,Cambridge,MA,51247,USA,NA,Tseng,Kyung,Small,2004,5,2,May,Q2,2004-05,NA,1356.4,816.0,540.4000000000001,39.84075493954586,Low
10262,24,67.14,10,1611.36,2004-06-24,Cancelled,2,6,2004,Planes,68,S24_2841,Euro Shopping Channel,(91) 555 94 44,"C/ Moralzarzal, 86",N/A,Madrid,N/A,28034,Spain,EMEA,Freyre,Diego,Small,2004,6,2,June,Q2,2004-06,EMEA,1611.36,979.1999999999999,632.16,39.23145665773012,Low
10274,40,65.08,2,2603.2,2004-07-21,Shipped,3,7,2004,Planes,68,S24_2841,Collectables For Less Inc.,6175558555,7825 Douglas Av.,N/A,Brickhaven,MA,58339,USA,NA,Nelson,Allen,Small,2004,7,3,July,Q3,2004-07,NA,2603.2,1632.0,971.1999999999998,37.3079287031346,Low
10284,30,73.99,12,2219.7,2004-08-21,Shipped,3,8,2004,Planes,68,S24_2841,"Norway Gifts By Mail, Co.",+47 2212 1555,"Drammensveien 126 A, PB 744 Sentrum",N/A,Oslo,N/A,N 0106,Norway,EMEA,Klaeboe,Jan,Small,2004,8,3,August,Q3,2004-08,EMEA,2219.7,1224.0,995.6999999999998,44.85741316394107,Low
10296,21,71.25,8,1496.25,2004-09-15,Shipped,3,9,2004,Planes,68,S24_2841,"Bavarian Collectables Imports, Co.",+49 89 61 08 9555,Hansastr. 15,N/A,Munich,N/A,80686,Germany,EMEA,Donnermeyer,Michael,Small,2004,9,3,September,Q3,2004-09,EMEA,1496.25,856.8,639.45,42.736842105263165,Low
10307,25,75.36,2,1884.0,2004-10-14,Shipped,4,10,2004,Planes,68,S24_2841,"Classic Gift Ideas, Inc",2155554695,782 First Street,N/A,Philadelphia,PA,71270,USA,NA,Cervantes,Francisca,Small,2004,10,4,October,Q4,2004-10,NA,1884.0,1020.0,864.0,45.85987261146497,Low
10316,34,63.71,10,2166.14,2004-11-01,Shipped,4,11,2004,Planes,68,S24_2841,giftsbymail.co.uk,(198) 555-8888,Garden House Crowther Way,N/A,Cowes,Isle of Wight,PO31 7PJ,UK,EMEA,Bennett,Helen,Small,2004,11,4,November,Q4,2004-11,EMEA,2166.14,1387.2,778.9399999999998,35.959817924972526,Low
10328,48,58.92,1,2828.16,2004-11-12,Shipped,4,11,2004,Planes,68,S24_2841,Rovelli Gifts,035-640555,Via Ludovico il Moro 22,N/A,Bergamo,N/A,24100,Italy,EMEA,Rovelli,Giovanni,Small,2004,11,4,November,Q4,2004-11,EMEA,2828.16,1958.3999999999999,869.76,30.75356415478615,Low
10339,55,100.0,12,6214.45,2004-11-23,Shipped,4,11,2004,Planes,68,S24_2841,"Tokyo Collectables, Ltd",+81 3 3584 0555,2-2-8 Roppongi,N/A,Minato-ku,Tokyo,106-0032,Japan,Japan,Shimamura,Akiko,Medium,2004,11,4,November,Q4,2004-11,Japan,6214.45,2244.0,3970.45,63.89060978847686,High
10351,25,74.68,5,1867.0,2004-12-03,Shipped,4,12,2004,Planes,68,S24_2841,"Stylish Desk Decors, Co.",(171) 555-0297,35 King George,N/A,London,N/A,WX3 6FW,UK,EMEA,Brown,Ann,Small,2004,12,4,December,Q4,2004-12,EMEA,1867.0,1020.0,847.0,45.36689876807713,Low
10373,38,70.44,7,2676.72,2005-01-31,Shipped,1,1,2005,Planes,68,S24_2841,"Oulu Toy Supplies, Inc.",981-443655,Torikatu 38,N/A,Oulu,N/A,90110,Finland,EMEA,Koskitalo,Pirkko,Small,2005,1,1,January,Q1,2005-01,EMEA,2676.72,1550.3999999999999,1126.32,42.078364565587734,Low
10386,39,55.96,1,2182.44,2005-03-01,Resolved,1,3,2005,Planes,68,S24_2841,Euro Shopping Channel,(91) 555 94 44,"C/ Moralzarzal, 86",N/A,Madrid,N/A,28034,Spain,EMEA,Freyre,Diego,Small,2005,3,1,March,Q1,2005-03,EMEA,2182.44,1591.2,591.24,27.090779127948533,Low
10398,28,57.55,3,1611.4,2005-03-30,Shipped,1,3,2005,Planes,68,S24_2841,Reims Collectables,26.47.1555,59 rue de l'Abbaye,N/A,Reims,N/A,51100,France,EMEA,Henriot,Paul,Small,2005,3,1,March,Q1,2005-03,EMEA,1611.4,1142.3999999999999,469.0000000000002,29.10512597741096,Low
10400,24,61.66,2,1479.84,2005-04-01,Shipped,2,4,2005,Planes,68,S24_2841,The Sharp Gifts Warehouse,4085553659,3086 Ingle Ln.,N/A,San Jose,CA,94217,USA,NA,Frick,Sue,Small,2005,4,2,April,Q2,2005-04,NA,1479.84,979.1999999999999,500.64,33.83068439831333,Low
10415,21,67.82,1,1424.22,2005-05-09,Disputed,2,5,2005,Planes,68,S24_2841,"Australian Collectables, Ltd",61-9-3844-6555,7 Allen Street,N/A,Glen Waverly,Victoria,3150,Australia,APAC,Connery,Sean,Small,2005,5,2,May,Q2,2005-05,APAC,1424.22,856.8,567.4200000000001,39.84075493954586,Low
10110,46,100.0,10,5942.28,2003-03-18,Shipped,1,3,2003,Classic Cars,117,S24_2887,"AV Stores, Co.",(171) 555-1555,Fauntleroy Circus,N/A,Manchester,N/A,EC2 5NT,UK,EMEA,Ashworth,Victoria,Medium,2003,3,1,March,Q1,2003-03,EMEA,5942.28,3229.2,2713.08,45.6572224802601,Medium
10124,25,93.95,9,2348.75,2003-05-21,Shipped,2,5,2003,Classic Cars,117,S24_2887,Signal Gift Stores,7025551838,8489 Strong St.,N/A,Las Vegas,NV,83030,USA,NA,King,Sue,Small,2003,5,2,May,Q2,2003-05,NA,2348.75,1755.0,593.75,25.279403938265034,Low
10148,34,100.0,3,4392.12,2003-09-11,Shipped,3,9,2003,Classic Cars,117,S24_2887,"Anna's Decorations, Ltd",02 9936 8555,201 Miller Street,Level 15,North Sydney,NSW,2060,Australia,APAC,O'Hara,Anna,Medium,2003,9,3,September,Q3,2003-09,APAC,4392.12,2386.7999999999997,2005.3200000000002,45.65722248026011,Medium
10161,25,100.0,2,2759.75,2003-10-17,Shipped,4,10,2003,Classic Cars,117,S24_2887,Heintze Collectables,86 21 3555,Smagsloget 45,N/A,Aaarhus,N/A,8200,Denmark,EMEA,Ibsen,Palle,Small,2003,10,4,October,Q4,2003-10,EMEA,2759.75,1755.0,1004.75,36.407283268411994,Low
10173,23,100.0,16,2728.03,2003-11-05,Shipped,4,11,2003,Classic Cars,117,S24_2887,Rovelli Gifts,035-640555,Via Ludovico il Moro 22,N/A,Bergamo,N/A,24100,Italy,EMEA,Rovelli,Giovanni,Small,2003,11,4,November,Q4,2003-11,EMEA,2728.03,1614.6,1113.4300000000003,40.81443385886519,Low
10182,20,100.0,13,2395.8,2003-11-12,Shipped,4,11,2003,Classic Cars,117,S24_2887,Mini Gifts Distributors Ltd.,4155551450,5677 Strong St.,N/A,San Rafael,CA,97562,USA,NA,Nelson,Valarie,Small,2003,11,4,November,Q4,2003-11,NA,2395.8,1404.0,991.8000000000002,41.39744552967694,Low
10192,23,100.0,1,3052.33,2003-11-20,Shipped,4,11,2003,Classic Cars,117,S24_2887,Online Diecast Creations Co.,6035558647,2304 Long Airport Avenue,N/A,Nashua,NH,62005,USA,NA,Young,Valarie,Medium,2003,11,4,November,Q4,2003-11,NA,3052.33,1614.6,1437.73,47.10270514656017,Medium
10204,42,100.0,7,4242.0,2003-12-02,Shipped,4,12,2003,Classic Cars,117,S24_2887,Muscle Machine Inc,2125557413,4092 Furth Circle,Suite 400,NYC,NY,10022,USA,NA,Young,Jeff,Medium,2003,12,4,December,Q4,2003-12,NA,4242.0,2948.4,1293.6,30.495049504950494,Medium
10213,27,100.0,3,2790.45,2004-01-22,Shipped,1,1,2004,Classic Cars,117,S24_2887,"Double Decker Gift Stores, Ltd",(171) 555-7555,120 Hanover Sq.,N/A,London,N/A,WA1 1DP,UK,EMEA,Hardy,Thomas,Small,2004,1,1,January,Q1,2004-01,EMEA,2790.45,1895.3999999999999,895.05,32.075471698113205,Low
10227,33,100.0,13,4340.49,2004-03-02,Shipped,1,3,2004,Classic Cars,117,S24_2887,"Saveley & Henriot, Co.",78.32.5555,"2, rue du Commerce",N/A,Lyon,N/A,69004,France,EMEA,Saveley,Mary,Medium,2004,3,1,March,Q1,2004-03,EMEA,4340.49,2316.6,2023.8899999999999,46.628145670189305,Medium
10241,28,98.65,5,2762.2,2004-04-13,Shipped,2,4,2004,Classic Cars,117,S24_2887,Mini Caravy,88.60.1555,"24, place Kluber",N/A,Strasbourg,N/A,67000,France,EMEA,Citeaux,Frederique,Small,2004,4,2,April,Q2,2004-04,EMEA,2762.2,1965.6,796.5999999999999,28.83933096806893,Low
10267,43,100.0,2,4645.72,2004-07-07,Shipped,3,7,2004,Classic Cars,117,S24_2887,Muscle Machine Inc,2125557413,4092 Furth Circle,Suite 400,NYC,NY,10022,USA,NA,Young,Jeff,Medium,2004,7,3,July,Q3,2004-07,NA,4645.72,3018.6,1627.1200000000003,35.02406516105147,Medium
10279,48,100.0,2,5580.96,2004-08-09,Shipped,3,8,2004,Classic Cars,117,S24_2887,Euro Shopping Channel,(91) 555 94 44,"C/ Moralzarzal, 86",N/A,Madrid,N/A,28034,Spain,EMEA,Freyre,Diego,Medium,2004,8,3,August,Q3,2004-08,EMEA,5580.96,3369.6,2211.36,39.6232906166681,Medium
10288,48,100.0,8,6539.04,2004-09-01,Shipped,3,9,2004,Classic Cars,117,S24_2887,Handji Gifts& Co,+65 224 1555,Village Close - 106 Linden Road Sandown,2nd Floor,Singapore,N/A,69045,Singapore,APAC,Victorino,Wendy,Medium,2004,9,3,September,Q3,2004-09,APAC,6539.04,3369.6,3169.44,48.4695001101079,High
10302,45,100.0,4,5548.95,2003-10-06,Shipped,4,10,2003,Classic Cars,117,S24_2887,"UK Collectables, Ltd.",(171) 555-2282,Berkeley Gardens 12  Brewery,N/A,Liverpool,N/A,WX1 6LT,UK,EMEA,Devon,Elizabeth,Medium,2003,10,4,October,Q4,2003-10,EMEA,5548.95,3159.0,2389.95,43.070310599302566,Medium
10311,43,100.0,3,4595.41,2004-10-16,Shipped,4,10,2004,Classic Cars,117,S24_2887,Euro Shopping Channel,(91) 555 94 44,"C/ Moralzarzal, 86",N/A,Madrid,N/A,28034,Spain,EMEA,Freyre,Diego,Medium,2004,10,4,October,Q4,2004-10,EMEA,4595.41,3018.6,1576.81,34.31271638439225,Medium
10332,44,42.26,11,1859.44,2004-11-17,Shipped,4,11,2004,Classic Cars,117,S24_2887,"AV Stores, Co.",(171) 555-1555,Fauntleroy Circus,N/A,Manchester,N/A,EC2 5NT,UK,EMEA,Ashworth,Victoria,Small,2004,11,4,November,Q4,2004-11,EMEA,1859.44,3088.7999999999997,-1229.3599999999997,-66.11452910553713,Low
10346,24,87.24,5,2093.76,2004-11-29,Shipped,4,11,2004,Classic Cars,117,S24_2887,Signal Gift Stores,7025551838,8489 Strong St.,N/A,Las Vegas,NV,83030,USA,NA,King,Sue,Small,2004,11,4,November,Q4,2004-11,NA,2093.76,1684.8,408.96000000000026,19.53232462173316,Low
10368,31,100.0,5,4223.13,2005-01-19,Shipped,1,1,2005,Classic Cars,117,S24_2887,Mini Gifts Distributors Ltd.,4155551450,5677 Strong St.,N/A,San Rafael,CA,97562,USA,NA,Nelson,Valarie,Medium,2005,1,1,January,Q1,2005-01,NA,4223.13,2176.2,2046.9300000000003,48.46950011010791,Medium
10380,44,36.29,7,1596.76,2005-02-16,Shipped,1,2,2005,Classic Cars,117,S24_2887,Euro Shopping Channel,(91) 555 94 44,"C/ Moralzarzal, 86",N/A,Madrid,N/A,28034,Spain,EMEA,Freyre,Diego,Small,2005,2,1,February,Q1,2005-02,EMEA,1596.76,3088.7999999999997,-1492.0399999999997,-93.44171948195094,Low
10407,59,98.65,5,5820.35,2005-04-22,On Hold,2,4,2005,Classic Cars,117,S24_2887,The Sharp Gifts Warehouse,4085553659,3086 Ingle Ln.,N/A,San Jose,CA,94217,USA,NA,Frick,Sue,Medium,2005,4,2,April,Q2,2005-04,NA,5820.35,4141.8,1678.5500000000002,28.839330968068932,Medium
10420,55,96.3,8,5296.5,2005-05-29,In Process,2,5,2005,Classic Cars,117,S24_2887,Souveniers And Things Co.,+61 2 9495 8555,"Monitor Money Building, 815 Pacific Hwy",Level 6,Chatswood,NSW,2067,Australia,APAC,Huxley,Adrian,Medium,2005,5,2,May,Q2,2005-05,APAC,5296.5,3861.0,1435.5,27.102803738317753,Medium
10109,29,32.1,6,930.9,2003-03-10,Shipped,1,3,2003,Classic Cars,37,S24_2972,Motor Mint Distributors Inc.,2155559857,11328 Douglas Av.,N/A,Philadelphia,PA,71270,USA,NA,Hernandez,Rosa,Small,2003,3,1,March,Q1,2003-03,NA,930.9,643.8,287.1,30.841121495327105,Low
10122,39,30.96,4,1207.44,2003-05-08,Shipped,2,5,2003,Classic Cars,37,S24_2972,Marseille Mini Autos,91.24.4555,"12, rue des Bouchers",N/A,Marseille,N/A,13008,France,EMEA,Lebihan,Laurence,Small,2003,5,2,May,Q2,2003-05,EMEA,1207.44,865.8,341.6400000000001,28.294573643410857,Low
10135,20,35.87,1,717.4,2003-07-02,Shipped,3,7,2003,Classic Cars,37,S24_2972,Mini Gifts Distributors Ltd.,4155551450,5677 Strong St.,N/A,San Rafael,CA,97562,USA,NA,Nelson,Valarie,Small,2003,7,3,July,Q3,2003-07,NA,717.4,444.0,273.4,38.10984109283523,Low
10147,25,42.67,1,1066.75,2003-09-05,Shipped,3,9,2003,Classic Cars,37,S24_2972,Collectables For Less Inc.,6175558555,7825 Douglas Av.,N/A,Brickhaven,MA,58339,USA,NA,Nelson,Allen,Small,2003,9,3,September,Q3,2003-09,NA,1066.75,555.0,511.75,47.97281462385751,Low
10160,42,37.0,2,1554.0,2003-10-11,Shipped,4,10,2003,Classic Cars,37,S24_2972,"Men 'R' US Retailers, Ltd.",2155554369,6047 Douglas Av.,N/A,Los Angeles,CA,N/A,USA,NA,Chandler,Michael,Small,2003,10,4,October,Q4,2003-10,NA,1554.0,932.4,621.6,40.0,Low
10171,36,35.49,4,1277.64,2003-11-05,Shipped,4,11,2003,Classic Cars,37,S24_2972,Quebec Home Shopping Network,(514) 555-8054,43 rue St. Laurent,N/A,Montreal,Quebec,H1J 1C3,Canada,NA,Fresnisre,Jean,Small,2003,11,4,November,Q4,2003-11,NA,1277.64,799.1999999999999,478.44000000000017,37.44716821639899,Low
10181,37,42.67,8,1578.79,2003-11-12,Shipped,4,11,2003,Classic Cars,37,S24_2972,Herkku Gifts,+47 2267 3215,"Drammen 121, PR 744 Sentrum",N/A,Bergen,N/A,N 5804,Norway,EMEA,Oeztan,Veysel,Small,2003,11,4,November,Q4,2003-11,EMEA,1578.79,821.4,757.39,47.97281462385751,Low
10192,30,30.59,13,917.7,2003-11-20,Shipped,4,11,2003,Classic Cars,37,S24_2972,Online Diecast Creations Co.,6035558647,2304 Long Airport Avenue,N/A,Nashua,NH,62005,USA,NA,Young,Valarie,Small,2003,11,4,November,Q4,2003-11,NA,917.7,666.0,251.70000000000005,27.427263811703174,Low
10203,21,37.0,2,777.0,2003-12-02,Shipped,4,12,2003,Classic Cars,37,S24_2972,Euro Shopping Channel,(91) 555 94 44,"C/ Moralzarzal, 86",N/A,Madrid,N/A,28034,Spain,EMEA,Freyre,Diego,Small,2003,12,4,December,Q4,2003-12,EMEA,777.0,466.2,310.8,40.0,Low
10212,34,43.42,12,1476.28,2004-01-16,Shipped,1,1,2004,Classic Cars,37,S24_2972,Euro Shopping Channel,(91) 555 94 44,"C/ Moralzarzal, 86",N/A,Madrid,N/A,28034,Spain,EMEA,Freyre,Diego,Small,2004,1,1,January,Q1,2004-01,EMEA,1476.28,754.8,721.48,48.87148779364349,Low
10225,42,36.63,3,1538.46,2004-02-22,Shipped,1,2,2004,Classic Cars,37,S24_2972,"Vida Sport, Ltd",0897-034555,Grenzacherweg 237,N/A,Gensve,N/A,1203,Switzerland,EMEA,Holz,Michael,Small,2004,2,1,February,Q1,2004-02,EMEA,1538.46,932.4,606.0600000000001,39.3939393939394,Low
10239,20,44.56,2,891.2,2004-04-12,Shipped,2,4,2004,Classic Cars,37,S24_2972,"Oulu Toy Supplies, Inc.",981-443655,Torikatu 38,N/A,Oulu,N/A,90110,Finland,EMEA,Koskitalo,Pirkko,Small,2004,4,2,April,Q2,2004-04,EMEA,891.2,444.0,447.20000000000005,50.179533213644525,Low
10253,40,42.67,7,1706.8,2004-06-01,Cancelled,2,6,2004,Classic Cars,37,S24_2972,"UK Collectables, Ltd.",(171) 555-2282,Berkeley Gardens 12  Brewery,N/A,Liverpool,N/A,WX1 6LT,UK,EMEA,Devon,Elizabeth,Small,2004,6,2,June,Q2,2004-06,EMEA,1706.8,888.0,818.8,47.97281462385751,Low
10266,34,40.4,8,1373.6,2004-07-06,Shipped,3,7,2004,Classic Cars,37,S24_2972,L'ordine Souveniers,0522-556555,Strada Provinciale 124,N/A,Reggio Emilia,N/A,42100,Italy,EMEA,Moroni,Maurizio,Small,2004,7,3,July,Q3,2004-07,EMEA,1373.6,754.8,618.8,45.04950495049505,Low
10278,31,38.89,8,1205.59,2004-08-06,Shipped,3,8,2004,Classic Cars,37,S24_2972,Signal Gift Stores,7025551838,8489 Strong St.,N/A,Las Vegas,NV,83030,USA,NA,King,Sue,Small,2004,8,3,August,Q3,2004-08,NA,1205.59,688.1999999999999,517.39,42.91591668809463,Low
10287,36,39.65,6,1427.4,2004-08-30,Shipped,3,8,2004,Classic Cars,37,S24_2972,"Vida Sport, Ltd",0897-034555,Grenzacherweg 237,N/A,Gensve,N/A,1203,Switzerland,EMEA,Holz,Michael,Small,2004,8,3,August,Q3,2004-08,EMEA,1427.4,799.1999999999999,628.2000000000002,44.01008827238336,Low
10301,48,34.36,10,1649.28,2003-10-05,Shipped,4,10,2003,Classic Cars,37,S24_2972,"Norway Gifts By Mail, Co.",+47 2212 1555,"Drammensveien 126 A, PB 744 Sentrum",N/A,Oslo,N/A,N 0106,Norway,EMEA,Klaeboe,Jan,Small,2003,10,4,October,Q4,2003-10,EMEA,1649.28,1065.6,583.6800000000001,35.389988358556465,Low
10310,33,41.91,4,1383.03,2004-10-16,Shipped,4,10,2004,Classic Cars,37,S24_2972,"Toms Spezialitten, Ltd",0221-5554327,Mehrheimerstr. 369,N/A,Koln,N/A,50739,Germany,EMEA,Pfalzheim,Henriette,Small,2004,10,4,October,Q4,2004-10,EMEA,1383.03,732.6,650.43,47.02934860415175,Low
10321,37,33.23,12,1229.51,2004-11-04,Shipped,4,11,2004,Classic Cars,37,S24_2972,FunGiftIdeas.com,5085552555,1785 First Street,N/A,New Bedford,MA,50553,USA,NA,Benitez,Violeta,Small,2004,11,4,November,Q4,2004-11,NA,1229.51,821.4,408.11,33.192897983749624,Low
10331,27,42.24,13,1140.48,2004-11-17,Shipped,4,11,2004,Classic Cars,37,S24_2972,Motor Mint Distributors Inc.,2155559857,11328 Douglas Av.,N/A,Philadelphia,PA,71270,USA,NA,Hernandez,Rosa,Small,2004,11,4,November,Q4,2004-11,NA,1140.48,599.4,541.08,47.44318181818182,Low
10342,39,40.4,9,1575.6,2004-11-24,Shipped,4,11,2004,Classic Cars,37,S24_2972,"Australian Collectors, Co.",03 9520 4555,636 St Kilda Road,Level 3,Melbourne,Victoria,3004,Australia,APAC,Ferguson,Peter,Small,2004,11,4,November,Q4,2004-11,APAC,1575.6,865.8,709.8,45.04950495049505,Low
10355,36,38.52,4,1386.72,2004-12-07,Shipped,4,12,2004,Classic Cars,37,S24_2972,Euro Shopping Channel,(91) 555 94 44,"C/ Moralzarzal, 86",N/A,Madrid,N/A,28034,Spain,EMEA,Freyre,Diego,Small,2004,12,4,December,Q4,2004-12,EMEA,1386.72,799.1999999999999,587.5200000000001,42.36760124610592,Low
10367,36,100.0,2,5018.4,2005-01-12,Resolved,1,1,2005,Classic Cars,37,S24_2972,Toys4GrownUps.com,6265557265,78934 Hillside Dr.,N/A,Pasadena,CA,90003,USA,NA,Young,Julie,Medium,2005,1,1,January,Q1,2005-01,NA,5018.4,799.1999999999999,4219.2,84.07460545193688,Medium
10378,41,100.0,7,5856.85,2005-02-10,Shipped,1,2,2005,Classic Cars,37,S24_2972,Euro Shopping Channel,(91) 555 94 44,"C/ Moralzarzal, 86",N/A,Madrid,N/A,28034,Spain,EMEA,Freyre,Diego,Medium,2005,2,1,February,Q1,2005-02,EMEA,5856.85,910.1999999999999,4946.650000000001,84.45922296114806,Medium
10390,37,100.0,5,4894.73,2005-03-04,Shipped,1,3,2005,Classic Cars,37,S24_2972,Mini Gifts Distributors Ltd.,4155551450,5677 Strong St.,N/A,San Rafael,CA,97562,USA,NA,Nelson,Valarie,Medium,2005,3,1,March,Q1,2005-03,NA,4894.73,821.4,4073.3299999999995,83.2186862196689,Medium
10405,47,44.56,2,2094.32,2005-04-14,Shipped,2,4,2005,Classic Cars,37,S24_2972,Mini Caravy,88.60.1555,"24, place Kluber",N/A,Strasbourg,N/A,67000,France,EMEA,Citeaux,Frederique,Small,2005,4,2,April,Q2,2005-04,EMEA,2094.32,1043.3999999999999,1050.9200000000003,50.17953321364453,Low
10419,15,42.67,7,640.05,2005-05-17,Shipped,2,5,2005,Classic Cars,37,S24_2972,Salzburg Collectables,6562-9555,Geislweg 14,N/A,Salzburg,N/A,5020,Austria,EMEA,Pipps,Georg,Small,2005,5,2,May,Q2,2005-05,EMEA,640.05,333.0,307.04999999999995,47.97281462385751,Low
10105,44,72.58,4,3193.52,2003-02-11,Shipped,1,2,2003,Vintage Cars,88,S24_3151,Danish Wholesale Imports,31 12 3555,Vinb'ltet 34,N/A,Kobenhavn,N/A,1734,Denmark,EMEA,Petersen,Jytte,Medium,2003,2,1,February,Q1,2003-02,EMEA,3193.52,2323.2,870.3200000000002,27.252686690548366,Medium
10119,35,87.62,13,3066.7,2003-04-28,Shipped,2,4,2003,Vintage Cars,88,S24_3151,Salzburg Collectables,6562-9555,Geislweg 14,N/A,Salzburg,N/A,5020,Austria,EMEA,Pipps,Georg,Medium,2003,4,2,April,Q2,2003-04,EMEA,3066.7,1848.0,1218.6999999999998,39.73978543711481,Medium
10129,41,94.71,4,3883.11,2003-06-12,Shipped,2,6,2003,Vintage Cars,88,S24_3151,"Stylish Desk Decors, Co.",(171) 555-0297,35 King George,N/A,London,N/A,WX3 6FW,UK,EMEA,Brown,Ann,Medium,2003,6,2,June,Q2,2003-06,EMEA,3883.11,2164.7999999999997,1718.3100000000004,44.25087108013938,Medium
10142,49,98.25,1,4814.25,2003-08-08,Shipped,3,8,2003,Vintage Cars,88,S24_3151,Mini Gifts Distributors Ltd.,4155551450,5677 Strong St.,N/A,San Rafael,CA,97562,USA,NA,Nelson,Valarie,Medium,2003,8,3,August,Q3,2003-08,NA,4814.25,2587.2,2227.05,46.25954198473283,Medium
10154,31,91.17,2,2826.27,2003-10-02,Shipped,4,10,2003,Vintage Cars,88,S24_3151,Boards & Toys Co.,3105552373,4097 Douglas Av.,N/A,Glendale,CA,92561,USA,NA,Young,Leslie,Small,2003,10,4,October,Q4,2003-10,NA,2826.27,1636.8,1189.47,42.08621256992432,Low
10167,20,79.66,11,1593.2,2003-10-23,Cancelled,4,10,2003,Vintage Cars,88,S24_3151,Scandinavian Gift Ideas,0695-34 6555,?kergatan 24,N/A,Boras,N/A,S-844 67,Sweden,EMEA,Larsson,Maria,Small,2003,10,4,October,Q4,2003-10,EMEA,1593.2,1056.0,537.2,33.71830278684409,Low
10177,45,72.58,2,3266.1,2003-11-07,Shipped,4,11,2003,Vintage Cars,88,S24_3151,CAF Imports,+34 913 728 555,"Merchants House, 27-30 Merchant's Quay",N/A,Madrid,N/A,28023,Spain,EMEA,Fernandez,Jesus,Medium,2003,11,4,November,Q4,2003-11,EMEA,3266.1,2376.0,890.0999999999999,27.252686690548362,Medium
10185,33,74.35,2,2453.55,2003-11-14,Shipped,4,11,2003,Vintage Cars,88,S24_3151,Mini Creations Ltd.,5085559555,4575 Hillside Dr.,N/A,New Bedford,MA,50553,USA,NA,Tam,Wing C,Small,2003,11,4,November,Q4,2003-11,NA,2453.55,1742.3999999999999,711.1500000000003,28.984532616005392,Low
10197,47,83.2,8,3910.4,2003-11-26,Shipped,4,11,2003,Vintage Cars,88,S24_3151,Enaco Distributors,(93) 203 4555,"Rambla de Catalu¤a, 23",N/A,Barcelona,N/A,8022,Spain,EMEA,Saavedra,Eduardo,Medium,2003,11,4,November,Q4,2003-11,EMEA,3910.4,2481.6,1428.8000000000002,36.53846153846154,Medium
10208,20,89.4,2,1788.0,2004-01-02,Shipped,1,1,2004,Vintage Cars,88,S24_3151,"Saveley & Henriot, Co.",78.32.5555,"2, rue du Commerce",N/A,Lyon,N/A,69004,France,EMEA,Saveley,Mary,Small,2004,1,1,January,Q1,2004-01,EMEA,1788.0,1056.0,732.0,40.939597315436245,Low
10222,47,70.81,14,3328.07,2004-02-19,Shipped,1,2,2004,Vintage Cars,88,S24_3151,Collectable Mini Designs Co.,7605558146,361 Furth Circle,N/A,San Diego,CA,91217,USA,NA,Thompson,Valarie,Medium,2004,2,1,February,Q1,2004-02,NA,3328.07,2481.6,846.4700000000003,25.43426069764158,Medium
10233,40,94.71,2,3788.4,2004-03-29,Shipped,1,3,2004,Vintage Cars,88,S24_3151,Tekni Collectables Inc.,2015559350,7476 Moss Rd.,N/A,Newark,NJ,94019,USA,NA,Brown,William,Medium,2004,3,1,March,Q1,2004-03,NA,3788.4,2112.0,1676.4,44.250871080139376,Medium
10248,30,100.0,5,3053.7,2004-05-07,Cancelled,2,5,2004,Vintage Cars,88,S24_3151,Land of Toys Inc.,2125557818,897 Long Airport Avenue,N/A,NYC,NY,10022,USA,NA,Yu,Kwai,Medium,2004,5,2,May,Q2,2004-05,NA,3053.7,1584.0,1469.6999999999998,48.12849985263778,Medium
10261,22,91.17,3,2005.74,2004-06-17,Shipped,2,6,2004,Vintage Cars,88,S24_3151,Quebec Home Shopping Network,(514) 555-8054,43 rue St. Laurent,N/A,Montreal,Quebec,H1J 1C3,Canada,NA,Fresnisre,Jean,Small,2004,6,2,June,Q2,2004-06,NA,2005.74,1161.6,844.1400000000001,42.08621256992432,Low
10273,27,100.0,6,2796.12,2004-07-21,Shipped,3,7,2004,Vintage Cars,88,S24_3151,Petit Auto,(02) 5554 67,Rue Joseph-Bens 532,N/A,Bruxelles,N/A,B-1180,Belgium,EMEA,Dewey,Catherine,Small,2004,7,3,July,Q3,2004-07,EMEA,2796.12,1425.6,1370.52,49.015063731170336,Low
10283,34,92.94,8,3159.96,2004-08-20,Shipped,3,8,2004,Vintage Cars,88,S24_3151,"Royal Canadian Collectables, Ltd.",(604) 555-4555,23 Tsawassen Blvd.,N/A,Tsawassen,BC,T2F 8M4,Canada,NA,Lincoln,Elizabeth,Medium,2004,8,3,August,Q3,2004-08,NA,3159.96,1795.2,1364.76,43.18915429309232,Medium
10295,46,84.97,3,3908.62,2004-09-10,Shipped,3,9,2004,Vintage Cars,88,S24_3151,Gifts4AllAges.com,6175559555,8616 Spinnaker Dr.,N/A,Boston,MA,51003,USA,NA,Yoshido,Juri,Medium,2004,9,3,September,Q3,2004-09,NA,3908.62,2428.7999999999997,1479.8200000000002,37.86042132517359,Medium
10306,31,84.08,2,2606.48,2004-10-14,Shipped,4,10,2004,Vintage Cars,88,S24_3151,"AV Stores, Co.",(171) 555-1555,Fauntleroy Circus,N/A,Manchester,N/A,EC2 5NT,UK,EMEA,Ashworth,Victoria,Small,2004,10,4,October,Q4,2004-10,EMEA,2606.48,1636.8,969.6800000000001,37.202664129400574,Low
10315,24,86.74,1,2081.76,2004-10-29,Shipped,4,10,2004,Vintage Cars,88,S24_3151,La Rochelle Gifts,40.67.8555,"67, rue des Cinquante Otages",N/A,Nantes,N/A,44000,France,EMEA,Labrune,Janine,Small,2004,10,4,October,Q4,2004-10,EMEA,2081.76,1267.2,814.5600000000002,39.12842979017754,Low
10326,41,85.85,3,3519.85,2004-11-09,Shipped,4,11,2004,Vintage Cars,88,S24_3151,"Volvo Model Replicas, Co",0921-12 3555,Berguvsvgen  8,N/A,Lule,N/A,S-958 22,Sweden,EMEA,Berglund,Christina,Medium,2004,11,4,November,Q4,2004-11,EMEA,3519.85,2164.7999999999997,1355.0500000000002,38.49737914967968,Medium
10339,55,100.0,13,10758.0,2004-11-23,Shipped,4,11,2004,Vintage Cars,88,S24_3151,"Tokyo Collectables, Ltd",+81 3 3584 0555,2-2-8 Roppongi,N/A,Minato-ku,Tokyo,106-0032,Japan,Japan,Shimamura,Akiko,Large,2004,11,4,November,Q4,2004-11,Japan,10758.0,2904.0,7854.0,73.00613496932516,High
10350,30,100.0,9,3021.0,2004-12-02,Shipped,4,12,2004,Vintage Cars,88,S24_3151,Euro Shopping Channel,(91) 555 94 44,"C/ Moralzarzal, 86",N/A,Madrid,N/A,28034,Spain,EMEA,Freyre,Diego,Medium,2004,12,4,December,Q4,2004-12,EMEA,3021.0,1584.0,1437.0,47.56703078450844,Medium
10373,33,57.32,12,1891.56,2005-01-31,Shipped,1,1,2005,Vintage Cars,88,S24_3151,"Oulu Toy Supplies, Inc.",981-443655,Torikatu 38,N/A,Oulu,N/A,90110,Finland,EMEA,Koskitalo,Pirkko,Small,2005,1,1,January,Q1,2005-01,EMEA,1891.56,1742.3999999999999,149.16000000000008,7.885554780181442,Low
10384,43,97.87,2,4208.41,2005-02-23,Shipped,1,2,2005,Vintage Cars,88,S24_3151,Corporate Gift Ideas Co.,6505551386,7734 Strong St.,N/A,San Francisco,CA,N/A,USA,NA,Brown,Julie,Medium,2005,2,1,February,Q1,2005-02,NA,4208.41,2270.4,1938.0099999999998,46.05088382548278,Medium
10396,27,83.2,7,2246.4,2005-03-23,Shipped,1,3,2005,Vintage Cars,88,S24_3151,Mini Gifts Distributors Ltd.,4155551450,5677 Strong St.,N/A,San Rafael,CA,97562,USA,NA,Nelson,Valarie,Small,2005,3,1,March,Q1,2005-03,NA,2246.4,1425.6,820.8000000000002,36.53846153846155,Low
10414,60,100.0,5,6107.4,2005-05-06,On Hold,2,5,2005,Vintage Cars,88,S24_3151,Gifts4AllAges.com,6175559555,8616 Spinnaker Dr.,N/A,Boston,MA,51003,USA,NA,Yoshido,Juri,Medium,2005,5,2,May,Q2,2005-05,NA,6107.4,3168.0,2939.3999999999996,48.12849985263778,High
10110,27,73.62,12,1987.74,2003-03-18,Shipped,1,3,2003,Classic Cars,85,S24_3191,"AV Stores, Co.",(171) 555-1555,Fauntleroy Circus,N/A,Manchester,N/A,EC2 5NT,UK,EMEA,Ashworth,Victoria,Small,2003,3,1,March,Q1,2003-03,EMEA,1987.74,1377.0,610.74,30.725346373268138,Low
10124,49,83.04,11,4068.96,2003-05-21,Shipped,2,5,2003,Classic Cars,85,S24_3191,Signal Gift Stores,7025551838,8489 Strong St.,N/A,Las Vegas,NV,83030,USA,NA,King,Sue,Medium,2003,5,2,May,Q2,2003-05,NA,4068.96,2499.0,1569.96,38.58381502890174,Medium
10148,31,73.62,5,2282.22,2003-09-11,Shipped,3,9,2003,Classic Cars,85,S24_3191,"Anna's Decorations, Ltd",02 9936 8555,201 Miller Street,Level 15,North Sydney,NSW,2060,Australia,APAC,O'Hara,Anna,Small,2003,9,3,September,Q3,2003-09,APAC,2282.22,1581.0,701.2199999999998,30.725346373268124,Low
10161,20,77.05,4,1541.0,2003-10-17,Shipped,4,10,2003,Classic Cars,85,S24_3191,Heintze Collectables,86 21 3555,Smagsloget 45,N/A,Aaarhus,N/A,8200,Denmark,EMEA,Ibsen,Palle,Small,2003,10,4,October,Q4,2003-10,EMEA,1541.0,1020.0,521.0,33.80921479558728,Low
10172,24,81.33,2,1951.92,2003-11-05,Shipped,4,11,2003,Classic Cars,85,S24_3191,Gift Depot Inc.,2035552570,25593 South Bay Ln.,N/A,Bridgewater,CT,97562,USA,NA,King,Julie,Small,2003,11,4,November,Q4,2003-11,NA,1951.92,1224.0,727.9200000000001,37.29251198819624,Low
10182,33,94.17,15,3107.61,2003-11-12,Shipped,4,11,2003,Classic Cars,85,S24_3191,Mini Gifts Distributors Ltd.,4155551450,5677 Strong St.,N/A,San Rafael,CA,97562,USA,NA,Nelson,Valarie,Medium,2003,11,4,November,Q4,2003-11,NA,3107.61,1683.0,1424.6100000000001,45.8426250398216,Medium
10192,32,72.77,3,2328.64,2003-11-20,Shipped,4,11,2003,Classic Cars,85,S24_3191,Online Diecast Creations Co.,6035558647,2304 Long Airport Avenue,N/A,Nashua,NH,62005,USA,NA,Young,Valarie,Small,2003,11,4,November,Q4,2003-11,NA,2328.64,1632.0,696.6399999999999,29.916174247629513,Low
10204,40,79.62,9,3184.8,2003-12-02,Shipped,4,12,2003,Classic Cars,85,S24_3191,Muscle Machine Inc,2125557413,4092 Furth Circle,Suite 400,NYC,NY,10022,USA,NA,Young,Jeff,Medium,2003,12,4,December,Q4,2003-12,NA,3184.8,2040.0,1144.8000000000002,35.9457422758101,Medium
10212,27,79.62,2,2149.74,2004-01-16,Shipped,1,1,2004,Classic Cars,85,S24_3191,Euro Shopping Channel,(91) 555 94 44,"C/ Moralzarzal, 86",N/A,Madrid,N/A,28034,Spain,EMEA,Freyre,Diego,Small,2004,1,1,January,Q1,2004-01,EMEA,2149.74,1377.0,772.7399999999998,35.9457422758101,Low
10227,40,79.62,15,3184.8,2004-03-02,Shipped,1,3,2004,Classic Cars,85,S24_3191,"Saveley & Henriot, Co.",78.32.5555,"2, rue du Commerce",N/A,Lyon,N/A,69004,France,EMEA,Saveley,Mary,Medium,2004,3,1,March,Q1,2004-03,EMEA,3184.8,2040.0,1144.8000000000002,35.9457422758101,Medium
10241,26,81.33,7,2114.58,2004-04-13,Shipped,2,4,2004,Classic Cars,85,S24_3191,Mini Caravy,88.60.1555,"24, place Kluber",N/A,Strasbourg,N/A,67000,France,EMEA,Citeaux,Frederique,Small,2004,4,2,April,Q2,2004-04,EMEA,2114.58,1326.0,788.5799999999999,37.29251198819624,Low
10267,44,96.74,4,4256.56,2004-07-07,Shipped,3,7,2004,Classic Cars,85,S24_3191,Muscle Machine Inc,2125557413,4092 Furth Circle,Suite 400,NYC,NY,10022,USA,NA,Young,Jeff,Medium,2004,7,3,July,Q3,2004-07,NA,4256.56,2244.0,2012.5600000000004,47.28137275170561,Medium
10279,33,71.06,4,2344.98,2004-08-09,Shipped,3,8,2004,Classic Cars,85,S24_3191,Euro Shopping Channel,(91) 555 94 44,"C/ Moralzarzal, 86",N/A,Madrid,N/A,28034,Spain,EMEA,Freyre,Diego,Small,2004,8,3,August,Q3,2004-08,EMEA,2344.98,1683.0,661.98,28.229665071770338,Low
10288,34,68.49,10,2328.66,2004-09-01,Shipped,3,9,2004,Classic Cars,85,S24_3191,Handji Gifts& Co,+65 224 1555,Village Close - 106 Linden Road Sandown,2nd Floor,Singapore,N/A,69045,Singapore,APAC,Victorino,Wendy,Small,2004,9,3,September,Q3,2004-09,APAC,2328.66,1734.0,594.6599999999999,25.536574682435386,Low
10302,48,74.48,6,3575.04,2003-10-06,Shipped,4,10,2003,Classic Cars,85,S24_3191,"UK Collectables, Ltd.",(171) 555-2282,Berkeley Gardens 12  Brewery,N/A,Liverpool,N/A,WX1 6LT,UK,EMEA,Devon,Elizabeth,Medium,2003,10,4,October,Q4,2003-10,EMEA,3575.04,2448.0,1127.04,31.525241675617615,Medium
10311,25,83.04,5,2076.0,2004-10-16,Shipped,4,10,2004,Classic Cars,85,S24_3191,Euro Shopping Channel,(91) 555 94 44,"C/ Moralzarzal, 86",N/A,Madrid,N/A,28034,Spain,EMEA,Freyre,Diego,Small,2004,10,4,October,Q4,2004-10,EMEA,2076.0,1275.0,801.0,38.58381502890174,Low
10321,39,84.75,2,3305.25,2004-11-04,Shipped,4,11,2004,Classic Cars,85,S24_3191,FunGiftIdeas.com,5085552555,1785 First Street,N/A,New Bedford,MA,50553,USA,NA,Benitez,Violeta,Medium,2004,11,4,November,Q4,2004-11,NA,3305.25,1989.0,1316.25,39.823008849557525,Medium
10332,45,34.19,12,1538.55,2004-11-17,Shipped,4,11,2004,Classic Cars,85,S24_3191,"AV Stores, Co.",(171) 555-1555,Fauntleroy Circus,N/A,Manchester,N/A,EC2 5NT,UK,EMEA,Ashworth,Victoria,Small,2004,11,4,November,Q4,2004-11,EMEA,1538.55,2295.0,-756.45,-49.16642293068149,Low
10346,24,100.0,2,3325.92,2004-11-29,Shipped,4,11,2004,Classic Cars,85,S24_3191,Signal Gift Stores,7025551838,8489 Strong St.,N/A,Las Vegas,NV,83030,USA,NA,King,Sue,Medium,2004,11,4,November,Q4,2004-11,NA,3325.92,1224.0,2101.92,63.19815269158609,Medium
10368,46,79.62,1,3662.52,2005-01-19,Shipped,1,1,2005,Classic Cars,85,S24_3191,Mini Gifts Distributors Ltd.,4155551450,5677 Strong St.,N/A,San Rafael,CA,97562,USA,NA,Nelson,Valarie,Medium,2005,1,1,January,Q1,2005-01,NA,3662.52,2346.0,1316.52,35.9457422758101,Medium
10380,44,79.06,9,3478.64,2005-02-16,Shipped,1,2,2005,Classic Cars,85,S24_3191,Euro Shopping Channel,(91) 555 94 44,"C/ Moralzarzal, 86",N/A,Madrid,N/A,28034,Spain,EMEA,Freyre,Diego,Medium,2005,2,1,February,Q1,2005-02,EMEA,3478.64,2244.0,1234.6399999999999,35.492031368580825,Medium
10407,13,81.33,7,1057.29,2005-04-22,On Hold,2,4,2005,Classic Cars,85,S24_3191,The Sharp Gifts Warehouse,4085553659,3086 Ingle Ln.,N/A,San Jose,CA,94217,USA,NA,Frick,Sue,Small,2005,4,2,April,Q2,2005-04,NA,1057.29,663.0,394.28999999999996,37.29251198819624,Low
10420,35,96.74,10,3385.9,2005-05-29,In Process,2,5,2005,Classic Cars,85,S24_3191,Souveniers And Things Co.,+61 2 9495 8555,"Monitor Money Building, 815 Pacific Hwy",Level 6,Chatswood,NSW,2067,Australia,APAC,Huxley,Adrian,Medium,2005,5,2,May,Q2,2005-05,APAC,3385.9,1785.0,1600.9,47.281372751705604,Medium
10108,30,63.07,5,1892.1,2003-03-03,Shipped,1,3,2003,Classic Cars,61,S24_3371,Cruz & Sons Co.,+63 2 555 3587,15 McCallum Street - NatWest Center #13-03,N/A,Makati City,N/A,1227 MM,Philippines,Japan,Cruz,Arnold,Small,2003,3,1,March,Q1,2003-03,Japan,1892.1,1098.0,794.0999999999999,41.96924052639924,Low
10122,34,50.21,9,1707.14,2003-05-08,Shipped,2,5,2003,Classic Cars,61,S24_3371,Marseille Mini Autos,91.24.4555,"12, rue des Bouchers",N/A,Marseille,N/A,13008,France,EMEA,Lebihan,Laurence,Small,2003,5,2,May,Q2,2003-05,EMEA,1707.14,1244.3999999999999,462.74000000000024,27.106154152559263,Low
10135,27,66.13,6,1785.51,2003-07-02,Shipped,3,7,2003,Classic Cars,61,S24_3371,Mini Gifts Distributors Ltd.,4155551450,5677 Strong St.,N/A,San Rafael,CA,97562,USA,NA,Nelson,Valarie,Small,2003,7,3,July,Q3,2003-07,NA,1785.51,988.1999999999999,797.3100000000001,44.65446847119311,Low
10147,30,68.58,6,2057.4,2003-09-05,Shipped,3,9,2003,Classic Cars,61,S24_3371,Collectables For Less Inc.,6175558555,7825 Douglas Av.,N/A,Brickhaven,MA,58339,USA,NA,Nelson,Allen,Small,2003,9,3,September,Q3,2003-09,NA,2057.4,1098.0,959.4000000000001,46.63167104111986,Low
10159,50,69.8,1,3490.0,2003-10-10,Shipped,4,10,2003,Classic Cars,61,S24_3371,Corporate Gift Ideas Co.,6505551386,7734 Strong St.,N/A,San Francisco,CA,N/A,USA,NA,Brown,Julie,Medium,2003,10,4,October,Q4,2003-10,NA,3490.0,1830.0,1660.0,47.56446991404012,Medium
10169,34,50.21,1,1707.14,2003-11-04,Shipped,4,11,2003,Classic Cars,61,S24_3371,"Anna's Decorations, Ltd",02 9936 8555,201 Miller Street,Level 15,North Sydney,NSW,2060,Australia,APAC,O'Hara,Anna,Small,2003,11,4,November,Q4,2003-11,APAC,1707.14,1244.3999999999999,462.74000000000024,27.106154152559263,Low
10181,23,65.52,13,1506.96,2003-11-12,Shipped,4,11,2003,Classic Cars,61,S24_3371,Herkku Gifts,+47 2267 3215,"Drammen 121, PR 744 Sentrum",N/A,Bergen,N/A,N 5804,Norway,EMEA,Oeztan,Veysel,Small,2003,11,4,November,Q4,2003-11,EMEA,1506.96,841.8,665.1600000000001,44.139194139194146,Low
10191,48,60.01,2,2880.48,2003-11-20,Shipped,4,11,2003,Classic Cars,61,S24_3371,"Toms Spezialitten, Ltd",0221-5554327,Mehrheimerstr. 369,N/A,Koln,N/A,50739,Germany,EMEA,Pfalzheim,Henriette,Small,2003,11,4,November,Q4,2003-11,EMEA,2880.48,1756.8,1123.68,39.01016497250458,Low
10203,34,64.9,7,2206.6,2003-12-02,Shipped,4,12,2003,Classic Cars,61,S24_3371,Euro Shopping Channel,(91) 555 94 44,"C/ Moralzarzal, 86",N/A,Madrid,N/A,28034,Spain,EMEA,Freyre,Diego,Small,2003,12,4,December,Q4,2003-12,EMEA,2206.6,1244.3999999999999,962.2,43.60554699537751,Low
10211,48,48.98,1,2351.04,2004-01-15,Shipped,1,1,2004,Classic Cars,61,S24_3371,Auto Canal Petit,(1) 47.55.6555,"25, rue Lauriston",N/A,Paris,N/A,75016,France,EMEA,Perrier,Dominique,Small,2004,1,1,January,Q1,2004-01,EMEA,2351.04,1756.8,594.24,25.27562270314414,Low
10225,24,50.21,8,1205.04,2004-02-22,Shipped,1,2,2004,Classic Cars,61,S24_3371,"Vida Sport, Ltd",0897-034555,Grenzacherweg 237,N/A,Gensve,N/A,1203,Switzerland,EMEA,Holz,Michael,Small,2004,2,1,February,Q1,2004-02,EMEA,1205.04,878.4,326.64,27.106154152559252,Low
10238,47,62.45,2,2935.15,2004-04-09,Shipped,2,4,2004,Classic Cars,61,S24_3371,Danish Wholesale Imports,31 12 3555,Vinb'ltet 34,N/A,Kobenhavn,N/A,1734,Denmark,EMEA,Petersen,Jytte,Small,2004,4,2,April,Q2,2004-04,EMEA,2935.15,1720.2,1214.95,41.39311449159327,Low
10253,24,52.66,12,1263.84,2004-06-01,Cancelled,2,6,2004,Classic Cars,61,S24_3371,"UK Collectables, Ltd.",(171) 555-2282,Berkeley Gardens 12  Brewery,N/A,Liverpool,N/A,WX1 6LT,UK,EMEA,Devon,Elizabeth,Small,2004,6,2,June,Q2,2004-06,EMEA,1263.84,878.4,385.43999999999994,30.497531333080136,Low
10266,47,62.45,13,2935.15,2004-07-06,Shipped,3,7,2004,Classic Cars,61,S24_3371,L'ordine Souveniers,0522-556555,Strada Provinciale 124,N/A,Reggio Emilia,N/A,42100,Italy,EMEA,Moroni,Maurizio,Small,2004,7,3,July,Q3,2004-07,EMEA,2935.15,1720.2,1214.95,41.39311449159327,Low
10276,20,61.23,2,1224.6,2004-08-02,Shipped,3,8,2004,Classic Cars,61,S24_3371,Online Mini Collectables,6175557555,7635 Spinnaker Dr.,N/A,Brickhaven,MA,58339,USA,NA,Barajas,Miguel,Small,2004,8,3,August,Q3,2004-08,NA,1224.6,732.0,492.5999999999999,40.22537971582557,Low
10287,20,67.97,11,1359.4,2004-08-30,Shipped,3,8,2004,Classic Cars,61,S24_3371,"Vida Sport, Ltd",0897-034555,Grenzacherweg 237,N/A,Gensve,N/A,1203,Switzerland,EMEA,Holz,Michael,Small,2004,8,3,August,Q3,2004-08,EMEA,1359.4,732.0,627.4000000000001,46.152714432838025,Low
10300,31,58.78,4,1822.18,2003-10-04,Shipped,4,10,2003,Classic Cars,61,S24_3371,"Blauer See Auto, Co.",+49 69 66 90 2555,Lyonerstr. 34,N/A,Frankfurt,N/A,60528,Germany,EMEA,Keitel,Roland,Small,2003,10,4,October,Q4,2003-10,EMEA,1822.18,1134.6,687.5800000000002,37.7339231030963,Low
10310,38,56.94,9,2163.72,2004-10-16,Shipped,4,10,2004,Classic Cars,61,S24_3371,"Toms Spezialitten, Ltd",0221-5554327,Mehrheimerstr. 369,N/A,Koln,N/A,50739,Germany,EMEA,Pfalzheim,Henriette,Small,2004,10,4,October,Q4,2004-10,EMEA,2163.72,1390.8,772.9199999999998,35.7218124341412,Low
10320,26,61.23,2,1591.98,2004-11-03,Shipped,4,11,2004,Classic Cars,61,S24_3371,"Volvo Model Replicas, Co",0921-12 3555,Berguvsvgen  8,N/A,Lule,N/A,S-958 22,Sweden,EMEA,Berglund,Christina,Small,2004,11,4,November,Q4,2004-11,EMEA,1591.98,951.5999999999999,640.3800000000001,40.22537971582558,Low
10331,25,100.0,9,3078.5,2004-11-17,Shipped,4,11,2004,Classic Cars,61,S24_3371,Motor Mint Distributors Inc.,2155559857,11328 Douglas Av.,N/A,Philadelphia,PA,71270,USA,NA,Hernandez,Rosa,Medium,2004,11,4,November,Q4,2004-11,NA,3078.5,915.0,2163.5,70.27773266201072,Medium
10342,48,62.45,10,2997.6,2004-11-24,Shipped,4,11,2004,Classic Cars,61,S24_3371,"Australian Collectors, Co.",03 9520 4555,636 St Kilda Road,Level 3,Melbourne,Victoria,3004,Australia,APAC,Ferguson,Peter,Small,2004,11,4,November,Q4,2004-11,APAC,2997.6,1756.8,1240.8,41.39311449159327,Low
10355,44,62.45,6,2747.8,2004-12-07,Shipped,4,12,2004,Classic Cars,61,S24_3371,Euro Shopping Channel,(91) 555 94 44,"C/ Moralzarzal, 86",N/A,Madrid,N/A,28034,Spain,EMEA,Freyre,Diego,Small,2004,12,4,December,Q4,2004-12,EMEA,2747.8,1610.3999999999999,1137.4000000000003,41.39311449159329,Low
10363,21,100.0,15,2447.76,2005-01-06,Shipped,1,1,2005,Classic Cars,61,S24_3371,Suominen Souveniers,+358 9 8045 555,"Software Engineering Center, SEC Oy",N/A,Espoo,N/A,FIN-02271,Finland,EMEA,Suominen,Kalle,Small,2005,1,1,January,Q1,2005-01,EMEA,2447.76,768.6,1679.1600000000003,68.59986273164036,Low
10378,46,41.54,6,1910.84,2005-02-10,Shipped,1,2,2005,Classic Cars,61,S24_3371,Euro Shopping Channel,(91) 555 94 44,"C/ Moralzarzal, 86",N/A,Madrid,N/A,28034,Spain,EMEA,Freyre,Diego,Small,2005,2,1,February,Q1,2005-02,EMEA,1910.84,1683.6,227.24,11.892152142513241,Low
10390,46,52.84,6,2430.64,2005-03-04,Shipped,1,3,2005,Classic Cars,61,S24_3371,Mini Gifts Distributors Ltd.,4155551450,5677 Strong St.,N/A,San Rafael,CA,97562,USA,NA,Nelson,Valarie,Small,2005,3,1,March,Q1,2005-03,NA,2430.64,1683.6,747.04,30.734292202876606,Low
10419,55,52.66,12,2896.3,2005-05-17,Shipped,2,5,2005,Classic Cars,61,S24_3371,Salzburg Collectables,6562-9555,Geislweg 14,N/A,Salzburg,N/A,5020,Austria,EMEA,Pipps,Georg,Small,2005,5,2,May,Q2,2005-05,EMEA,2896.3,2013.0,883.3000000000002,30.49753133308014,Low
10106,31,52.6,14,1630.6,2003-02-17,Shipped,1,2,2003,Vintage Cars,65,S24_3420,Rovelli Gifts,035-640555,Via Ludovico il Moro 22,N/A,Bergamo,N/A,24100,Italy,EMEA,Rovelli,Giovanni,Small,2003,2,1,February,Q1,2003-02,EMEA,1630.6,1209.0,421.5999999999999,25.855513307984783,Low
10119,20,72.98,5,1459.6,2003-04-28,Shipped,2,4,2003,Vintage Cars,65,S24_3420,Salzburg Collectables,6562-9555,Geislweg 14,N/A,Salzburg,N/A,5020,Austria,EMEA,Pipps,Georg,Small,2003,4,2,April,Q2,2003-04,EMEA,1459.6,780.0,679.5999999999999,46.5607015620718,Low
10131,29,59.18,6,1716.22,2003-06-16,Shipped,2,6,2003,Vintage Cars,65,S24_3420,Gift Ideas Corp.,2035554407,2440 Pompton St.,N/A,Glendale,CT,97561,USA,NA,Lewis,Dan,Small,2003,6,2,June,Q2,2003-06,NA,1716.22,1131.0,585.22,34.09935789117945,Low
10143,33,77.59,9,2560.47,2003-08-10,Shipped,3,8,2003,Vintage Cars,65,S24_3420,Mini Creations Ltd.,5085559555,4575 Hillside Dr.,N/A,New Bedford,MA,50553,USA,NA,Tam,Wing C,Small,2003,8,3,August,Q3,2003-08,NA,2560.47,1287.0,1273.4699999999998,49.73579069467714,Low
10155,34,55.89,7,1900.26,2003-10-06,Shipped,4,10,2003,Vintage Cars,65,S24_3420,"Toys of Finland, Co.",90-224 8555,Keskuskatu 45,N/A,Helsinki,N/A,21240,Finland,EMEA,Karttunen,Matti,Small,2003,10,4,October,Q4,2003-10,EMEA,1900.26,1326.0,574.26,30.220075147611382,Low
10167,32,63.12,3,2019.84,2003-10-23,Cancelled,4,10,2003,Vintage Cars,65,S24_3420,Scandinavian Gift Ideas,0695-34 6555,?kergatan 24,N/A,Boras,N/A,S-844 67,Sweden,EMEA,Larsson,Maria,Small,2003,10,4,October,Q4,2003-10,EMEA,2019.84,1248.0,771.8399999999999,38.21292775665399,Low
10178,27,73.64,6,1988.28,2003-11-08,Shipped,4,11,2003,Vintage Cars,65,S24_3420,Alpha Cognac,61.77.6555,1 rue Alsace-Lorraine,N/A,Toulouse,N/A,31000,France,EMEA,Roulet,Annette,Small,2003,11,4,November,Q4,2003-11,EMEA,1988.28,1053.0,935.28,47.039652362846276,Low
10186,21,69.04,3,1449.84,2003-11-14,Shipped,4,11,2003,Vintage Cars,65,S24_3420,"Double Decker Gift Stores, Ltd",(171) 555-7555,120 Hanover Sq.,N/A,London,N/A,WA1 1DP,UK,EMEA,Hardy,Thomas,Small,2003,11,4,November,Q4,2003-11,EMEA,1449.84,819.0,630.8399999999999,43.51100811123986,Low
10198,27,71.67,6,1935.09,2003-11-27,Shipped,4,11,2003,Vintage Cars,65,S24_3420,Cruz & Sons Co.,+63 2 555 3587,15 McCallum Street - NatWest Center #13-03,N/A,Makati City,N/A,1227 MM,Philippines,Japan,Cruz,Arnold,Small,2003,11,4,November,Q4,2003-11,Japan,1935.09,1053.0,882.0899999999999,45.58392632900795,Low
10209,36,77.59,2,2793.24,2004-01-09,Shipped,1,1,2004,Vintage Cars,65,S24_3420,"Men 'R' US Retailers, Ltd.",2155554369,6047 Douglas Av.,N/A,Los Angeles,CA,N/A,USA,NA,Chandler,Michael,Small,2004,1,1,January,Q1,2004-01,NA,2793.24,1404.0,1389.2399999999998,49.73579069467714,Low
10222,43,70.35,6,3025.05,2004-02-19,Shipped,1,2,2004,Vintage Cars,65,S24_3420,Collectable Mini Designs Co.,7605558146,361 Furth Circle,N/A,San Diego,CA,91217,USA,NA,Thompson,Valarie,Medium,2004,2,1,February,Q1,2004-02,NA,3025.05,1677.0,1348.0500000000002,44.562899786780385,Medium
10249,25,69.7,2,1742.5,2004-05-08,Shipped,2,5,2004,Vintage Cars,65,S24_3420,Cambridge Collectables Co.,6175555555,4658 Baden Av.,N/A,Cambridge,MA,51247,USA,NA,Tseng,Kyung,Small,2004,5,2,May,Q2,2004-05,NA,1742.5,975.0,767.5,44.04591104734577,Low
10262,46,70.35,11,3236.1,2004-06-24,Cancelled,2,6,2004,Vintage Cars,65,S24_3420,Euro Shopping Channel,(91) 555 94 44,"C/ Moralzarzal, 86",N/A,Madrid,N/A,28034,Spain,EMEA,Freyre,Diego,Medium,2004,6,2,June,Q2,2004-06,EMEA,3236.1,1794.0,1442.1,44.56289978678038,Medium
10274,24,72.33,3,1735.92,2004-07-21,Shipped,3,7,2004,Vintage Cars,65,S24_3420,Collectables For Less Inc.,6175558555,7825 Douglas Av.,N/A,Brickhaven,MA,58339,USA,NA,Nelson,Allen,Small,2004,7,3,July,Q3,2004-07,NA,1735.92,936.0,799.9200000000001,46.080464537536294,Low
10284,39,71.67,13,2795.13,2004-08-21,Shipped,3,8,2004,Vintage Cars,65,S24_3420,"Norway Gifts By Mail, Co.",+47 2212 1555,"Drammensveien 126 A, PB 744 Sentrum",N/A,Oslo,N/A,N 0106,Norway,EMEA,Klaeboe,Jan,Small,2004,8,3,August,Q3,2004-08,EMEA,2795.13,1521.0,1274.13,45.58392632900796,Low
10296,31,53.92,9,1671.52,2004-09-15,Shipped,3,9,2004,Vintage Cars,65,S24_3420,"Bavarian Collectables Imports, Co.",+49 89 61 08 9555,Hansastr. 15,N/A,Munich,N/A,80686,Germany,EMEA,Donnermeyer,Michael,Small,2004,9,3,September,Q3,2004-09,EMEA,1671.52,1209.0,462.52,27.67062314540059,Low
10307,22,71.67,3,1576.74,2004-10-14,Shipped,4,10,2004,Vintage Cars,65,S24_3420,"Classic Gift Ideas, Inc",2155554695,782 First Street,N/A,Philadelphia,PA,71270,USA,NA,Cervantes,Francisca,Small,2004,10,4,October,Q4,2004-10,NA,1576.74,858.0,718.74,45.58392632900795,Low
10316,47,76.93,11,3615.71,2004-11-01,Shipped,4,11,2004,Vintage Cars,65,S24_3420,giftsbymail.co.uk,(198) 555-8888,Garden House Crowther Way,N/A,Cowes,Isle of Wight,PO31 7PJ,UK,EMEA,Bennett,Helen,Medium,2004,11,4,November,Q4,2004-11,EMEA,3615.71,1833.0,1782.71,49.30456258936696,Medium
10328,20,72.98,2,1459.6,2004-11-12,Shipped,4,11,2004,Vintage Cars,65,S24_3420,Rovelli Gifts,035-640555,Via Ludovico il Moro 22,N/A,Bergamo,N/A,24100,Italy,EMEA,Rovelli,Giovanni,Small,2004,11,4,November,Q4,2004-11,EMEA,1459.6,780.0,679.5999999999999,46.5607015620718,Low
10339,29,99.69,14,2891.01,2004-11-23,Shipped,4,11,2004,Vintage Cars,65,S24_3420,"Tokyo Collectables, Ltd",+81 3 3584 0555,2-2-8 Roppongi,N/A,Minato-ku,Tokyo,106-0032,Japan,Japan,Shimamura,Akiko,Small,2004,11,4,November,Q4,2004-11,Japan,2891.01,1131.0,1760.0100000000002,60.87872404453807,Low
10351,38,68.38,4,2598.44,2004-12-03,Shipped,4,12,2004,Vintage Cars,65,S24_3420,"Stylish Desk Decors, Co.",(171) 555-0297,35 King George,N/A,London,N/A,WX3 6FW,UK,EMEA,Brown,Ann,Small,2004,12,4,December,Q4,2004-12,EMEA,2598.44,1482.0,1116.44,42.96577946768061,Low
10361,34,100.0,6,3871.92,2004-12-17,Shipped,4,12,2004,Vintage Cars,65,S24_3420,Souveniers And Things Co.,+61 2 9495 8555,"Monitor Money Building, 815 Pacific Hwy",Level 6,Chatswood,NSW,2067,Australia,APAC,Huxley,Adrian,Medium,2004,12,4,December,Q4,2004-12,APAC,3871.92,1326.0,2545.92,65.75342465753424,Medium
10373,46,66.0,11,3036.0,2005-01-31,Shipped,1,1,2005,Vintage Cars,65,S24_3420,"Oulu Toy Supplies, Inc.",981-443655,Torikatu 38,N/A,Oulu,N/A,90110,Finland,EMEA,Koskitalo,Pirkko,Medium,2005,1,1,January,Q1,2005-01,EMEA,3036.0,1794.0,1242.0,40.909090909090914,Medium
10386,35,63.76,9,2231.6,2005-03-01,Resolved,1,3,2005,Vintage Cars,65,S24_3420,Euro Shopping Channel,(91) 555 94 44,"C/ Moralzarzal, 86",N/A,Madrid,N/A,28034,Spain,EMEA,Freyre,Diego,Small,2005,3,1,March,Q1,2005-03,EMEA,2231.6,1365.0,866.5999999999999,38.833124215809285,Low
10398,34,71.67,13,2436.78,2005-03-30,Shipped,1,3,2005,Vintage Cars,65,S24_3420,Reims Collectables,26.47.1555,59 rue de l'Abbaye,N/A,Reims,N/A,51100,France,EMEA,Henriot,Paul,Small,2005,3,1,March,Q1,2005-03,EMEA,2436.78,1326.0,1110.7800000000002,45.58392632900796,Low
10400,38,57.2,3,2173.6,2005-04-01,Shipped,2,4,2005,Vintage Cars,65,S24_3420,The Sharp Gifts Warehouse,4085553659,3086 Ingle Ln.,N/A,San Jose,CA,94217,USA,NA,Frick,Sue,Small,2005,4,2,April,Q2,2005-04,NA,2173.6,1482.0,691.5999999999999,31.818181818181817,Low
10415,18,69.7,2,1254.6,2005-05-09,Disputed,2,5,2005,Vintage Cars,65,S24_3420,"Australian Collectables, Ltd",61-9-3844-6555,7 Allen Street,N/A,Glen Waverly,Victoria,3150,Australia,APAC,Connery,Sean,Small,2005,5,2,May,Q2,2005-05,APAC,1254.6,702.0,552.5999999999999,44.04591104734577,Low
10110,37,100.0,14,3724.42,2003-03-18,Shipped,1,3,2003,Classic Cars,107,S24_3432,"AV Stores, Co.",(171) 555-1555,Fauntleroy Circus,N/A,Manchester,N/A,EC2 5NT,UK,EMEA,Ashworth,Victoria,Medium,2003,3,1,March,Q1,2003-03,EMEA,3724.42,2375.4,1349.02,36.22094178422412,Medium
10124,43,100.0,13,5203.0,2003-05-21,Shipped,2,5,2003,Classic Cars,107,S24_3432,Signal Gift Stores,7025551838,8489 Strong St.,N/A,Las Vegas,NV,83030,USA,NA,King,Sue,Medium,2003,5,2,May,Q2,2003-05,NA,5203.0,2760.6,2442.4,46.94214876033058,Medium
10148,27,100.0,7,3469.5,2003-09-11,Shipped,3,9,2003,Classic Cars,107,S24_3432,"Anna's Decorations, Ltd",02 9936 8555,201 Miller Street,Level 15,North Sydney,NSW,2060,Australia,APAC,O'Hara,Anna,Medium,2003,9,3,September,Q3,2003-09,APAC,3469.5,1733.3999999999999,1736.1000000000001,50.038910505836576,Medium
10161,30,100.0,6,3148.2,2003-10-17,Shipped,4,10,2003,Classic Cars,107,S24_3432,Heintze Collectables,86 21 3555,Smagsloget 45,N/A,Aaarhus,N/A,8200,Denmark,EMEA,Ibsen,Palle,Medium,2003,10,4,October,Q4,2003-10,EMEA,3148.2,1926.0,1222.1999999999998,38.822184105202965,Medium
10172,22,98.51,4,2167.22,2003-11-05,Shipped,4,11,2003,Classic Cars,107,S24_3432,Gift Depot Inc.,2035552570,25593 South Bay Ln.,N/A,Bridgewater,CT,97562,USA,NA,King,Julie,Small,2003,11,4,November,Q4,2003-11,NA,2167.22,1412.3999999999999,754.8199999999999,34.828951375494874,Low
10182,49,100.0,17,6244.07,2003-11-12,Shipped,4,11,2003,Classic Cars,107,S24_3432,Mini Gifts Distributors Ltd.,4155551450,5677 Strong St.,N/A,San Rafael,CA,97562,USA,NA,Nelson,Valarie,Medium,2003,11,4,November,Q4,2003-11,NA,6244.07,3145.7999999999997,3098.27,49.61939888566272,High
10192,46,100.0,5,5566.0,2003-11-20,Shipped,4,11,2003,Classic Cars,107,S24_3432,Online Diecast Creations Co.,6035558647,2304 Long Airport Avenue,N/A,Nashua,NH,62005,USA,NA,Young,Valarie,Medium,2003,11,4,November,Q4,2003-11,NA,5566.0,2953.2,2612.8,46.94214876033058,Medium
10204,48,91.02,11,4368.96,2003-12-02,Shipped,4,12,2003,Classic Cars,107,S24_3432,Muscle Machine Inc,2125557413,4092 Furth Circle,Suite 400,NYC,NY,10022,USA,NA,Young,Jeff,Medium,2003,12,4,December,Q4,2003-12,NA,4368.96,3081.6,1287.3600000000001,29.466051417270933,Medium
10212,46,87.81,4,4039.26,2004-01-16,Shipped,1,1,2004,Classic Cars,107,S24_3432,Euro Shopping Channel,(91) 555 94 44,"C/ Moralzarzal, 86",N/A,Madrid,N/A,28034,Spain,EMEA,Freyre,Diego,Medium,2004,1,1,January,Q1,2004-01,EMEA,4039.26,2953.2,1086.0600000000004,26.887598223436974,Medium
10226,48,92.09,2,4420.32,2004-02-26,Shipped,1,2,2004,Classic Cars,107,S24_3432,Collectable Mini Designs Co.,7605558146,361 Furth Circle,N/A,San Diego,CA,91217,USA,NA,Thompson,Valarie,Medium,2004,2,1,February,Q1,2004-02,NA,4420.32,3081.6,1338.7199999999998,30.285590183516124,Medium
10241,27,86.73,9,2341.71,2004-04-13,Shipped,2,4,2004,Classic Cars,107,S24_3432,Mini Caravy,88.60.1555,"24, place Kluber",N/A,Strasbourg,N/A,67000,France,EMEA,Citeaux,Frederique,Small,2004,4,2,April,Q2,2004-04,EMEA,2341.71,1733.3999999999999,608.3100000000002,25.977170529228648,Low
10267,43,100.0,6,5110.98,2004-07-07,Shipped,3,7,2004,Classic Cars,107,S24_3432,Muscle Machine Inc,2125557413,4092 Furth Circle,Suite 400,NYC,NY,10022,USA,NA,Young,Jeff,Medium,2004,7,3,July,Q3,2004-07,NA,5110.98,2760.6,2350.3799999999997,45.98687531549722,Medium
10279,48,100.0,6,6168.0,2004-08-09,Shipped,3,8,2004,Classic Cars,107,S24_3432,Euro Shopping Channel,(91) 555 94 44,"C/ Moralzarzal, 86",N/A,Madrid,N/A,28034,Spain,EMEA,Freyre,Diego,Medium,2004,8,3,August,Q3,2004-08,EMEA,6168.0,3081.6,3086.4,50.038910505836576,High
10288,41,100.0,12,4873.26,2004-09-01,Shipped,3,9,2004,Classic Cars,107,S24_3432,Handji Gifts& Co,+65 224 1555,Village Close - 106 Linden Road Sandown,2nd Floor,Singapore,N/A,69045,Singapore,APAC,Victorino,Wendy,Medium,2004,9,3,September,Q3,2004-09,APAC,4873.26,2632.2,2241.0600000000004,45.98687531549723,Medium
10301,22,96.37,2,2120.14,2003-10-05,Shipped,4,10,2003,Classic Cars,107,S24_3432,"Norway Gifts By Mail, Co.",+47 2212 1555,"Drammensveien 126 A, PB 744 Sentrum",N/A,Oslo,N/A,N 0106,Norway,EMEA,Klaeboe,Jan,Small,2003,10,4,October,Q4,2003-10,EMEA,2120.14,1412.3999999999999,707.74,33.381757808446615,Low
10311,46,92.09,7,4236.14,2004-10-16,Shipped,4,10,2004,Classic Cars,107,S24_3432,Euro Shopping Channel,(91) 555 94 44,"C/ Moralzarzal, 86",N/A,Madrid,N/A,28034,Spain,EMEA,Freyre,Diego,Medium,2004,10,4,October,Q4,2004-10,EMEA,4236.14,2953.2,1282.9400000000005,30.28559018351614,Medium
10321,21,89.95,4,1888.95,2004-11-04,Shipped,4,11,2004,Classic Cars,107,S24_3432,FunGiftIdeas.com,5085552555,1785 First Street,N/A,New Bedford,MA,50553,USA,NA,Benitez,Violeta,Small,2004,11,4,November,Q4,2004-11,NA,1888.95,1348.2,540.75,28.627015008337963,Low
10332,31,37.18,13,1152.58,2004-11-17,Shipped,4,11,2004,Classic Cars,107,S24_3432,"AV Stores, Co.",(171) 555-1555,Fauntleroy Circus,N/A,Manchester,N/A,EC2 5NT,UK,EMEA,Ashworth,Victoria,Small,2004,11,4,November,Q4,2004-11,EMEA,1152.58,1990.1999999999998,-837.6199999999999,-72.67348036578805,Low
10346,26,95.88,6,2492.88,2004-11-29,Shipped,4,11,2004,Classic Cars,107,S24_3432,Signal Gift Stores,7025551838,8489 Strong St.,N/A,Las Vegas,NV,83030,USA,NA,King,Sue,Small,2004,11,4,November,Q4,2004-11,NA,2492.88,1669.2,823.6800000000001,33.04130162703379,Low
10368,20,99.58,4,1991.6,2005-01-19,Shipped,1,1,2005,Classic Cars,107,S24_3432,Mini Gifts Distributors Ltd.,4155551450,5677 Strong St.,N/A,San Rafael,CA,97562,USA,NA,Nelson,Valarie,Small,2005,1,1,January,Q1,2005-01,NA,1991.6,1284.0,707.5999999999999,35.52922273548905,Low
10380,34,100.0,11,3953.18,2005-02-16,Shipped,1,2,2005,Classic Cars,107,S24_3432,Euro Shopping Channel,(91) 555 94 44,"C/ Moralzarzal, 86",N/A,Madrid,N/A,28034,Spain,EMEA,Freyre,Diego,Medium,2005,2,1,February,Q1,2005-02,EMEA,3953.18,2182.7999999999997,1770.38,44.783693128063994,Medium
10407,43,86.73,9,3729.39,2005-04-22,On Hold,2,4,2005,Classic Cars,107,S24_3432,The Sharp Gifts Warehouse,4085553659,3086 Ingle Ln.,N/A,San Jose,CA,94217,USA,NA,Frick,Sue,Medium,2005,4,2,April,Q2,2005-04,NA,3729.39,2760.6,968.79,25.977170529228637,Medium
10420,26,100.0,12,2617.16,2005-05-29,In Process,2,5,2005,Classic Cars,107,S24_3432,Souveniers And Things Co.,+61 2 9495 8555,"Monitor Money Building, 815 Pacific Hwy",Level 6,Chatswood,NSW,2067,Australia,APAC,Huxley,Adrian,Small,2005,5,2,May,Q2,2005-05,APAC,2617.16,1669.2,947.9599999999998,36.22094178422412,Low
10105,50,79.67,1,3983.5,2003-02-11,Shipped,1,2,2003,Vintage Cars,83,S24_3816,Danish Wholesale Imports,31 12 3555,Vinb'ltet 34,N/A,Kobenhavn,N/A,1734,Denmark,EMEA,Petersen,Jytte,Medium,2003,2,1,February,Q1,2003-02,EMEA,3983.5,2490.0,1493.5,37.4921551399523,Medium
10119,35,90.57,10,3169.95,2003-04-28,Shipped,2,4,2003,Vintage Cars,83,S24_3816,Salzburg Collectables,6562-9555,Geislweg 14,N/A,Salzburg,N/A,5020,Austria,EMEA,Pipps,Georg,Medium,2003,4,2,April,Q2,2003-04,EMEA,3169.95,1743.0,1426.9499999999998,45.01490559788009,Medium
10129,50,77.99,1,3899.5,2003-06-12,Shipped,2,6,2003,Vintage Cars,83,S24_3816,"Stylish Desk Decors, Co.",(171) 555-0297,35 King George,N/A,London,N/A,WX3 6FW,UK,EMEA,Brown,Ann,Medium,2003,6,2,June,Q2,2003-06,EMEA,3899.5,2490.0,1409.5,36.145659699961534,Medium
10143,23,80.51,14,1851.73,2003-08-10,Shipped,3,8,2003,Vintage Cars,83,S24_3816,Mini Creations Ltd.,5085559555,4575 Hillside Dr.,N/A,New Bedford,MA,50553,USA,NA,Tam,Wing C,Small,2003,8,3,August,Q3,2003-08,NA,1851.73,1145.3999999999999,706.3300000000002,38.14432989690722,Low
10155,37,67.93,12,2513.41,2003-10-06,Shipped,4,10,2003,Vintage Cars,83,S24_3816,"Toys of Finland, Co.",90-224 8555,Keskuskatu 45,N/A,Helsinki,N/A,21240,Finland,EMEA,Karttunen,Matti,Small,2003,10,4,October,Q4,2003-10,EMEA,2513.41,1842.6,670.81,26.689238922420138,Low
10167,29,83.86,8,2431.94,2003-10-23,Cancelled,4,10,2003,Vintage Cars,83,S24_3816,Scandinavian Gift Ideas,0695-34 6555,?kergatan 24,N/A,Boras,N/A,S-844 67,Sweden,EMEA,Larsson,Maria,Small,2003,10,4,October,Q4,2003-10,EMEA,2431.94,1444.2,987.74,40.6153112330074,Low
10178,21,72.12,11,1514.52,2003-11-08,Shipped,4,11,2003,Vintage Cars,83,S24_3816,Alpha Cognac,61.77.6555,1 rue Alsace-Lorraine,N/A,Toulouse,N/A,31000,France,EMEA,Roulet,Annette,Small,2003,11,4,November,Q4,2003-11,EMEA,1514.52,1045.8,468.72,30.948419301164726,Low
10186,36,85.54,8,3079.44,2003-11-14,Shipped,4,11,2003,Vintage Cars,83,S24_3816,"Double Decker Gift Stores, Ltd",(171) 555-7555,120 Hanover Sq.,N/A,London,N/A,WA1 1DP,UK,EMEA,Hardy,Thomas,Medium,2003,11,4,November,Q4,2003-11,EMEA,3079.44,1792.8,1286.64,41.781622632686464,Medium
10197,22,86.38,5,1900.36,2003-11-26,Shipped,4,11,2003,Vintage Cars,83,S24_3816,Enaco Distributors,(93) 203 4555,"Rambla de Catalu¤a, 23",N/A,Barcelona,N/A,8022,Spain,EMEA,Saavedra,Eduardo,Small,2003,11,4,November,Q4,2003-11,EMEA,1900.36,1095.6,804.76,42.3477656865015,Low
10209,22,89.73,7,1974.06,2004-01-09,Shipped,1,1,2004,Vintage Cars,83,S24_3816,"Men 'R' US Retailers, Ltd.",2155554369,6047 Douglas Av.,N/A,Los Angeles,CA,N/A,USA,NA,Chandler,Michael,Small,2004,1,1,January,Q1,2004-01,NA,1974.06,1095.6,878.46,44.50016716817118,Low
10222,46,80.51,11,3703.46,2004-02-19,Shipped,1,2,2004,Vintage Cars,83,S24_3816,Collectable Mini Designs Co.,7605558146,361 Furth Circle,N/A,San Diego,CA,91217,USA,NA,Thompson,Valarie,Medium,2004,2,1,February,Q1,2004-02,NA,3703.46,2290.7999999999997,1412.6600000000003,38.14432989690722,Medium
10248,23,76.31,2,1755.13,2004-05-07,Cancelled,2,5,2004,Vintage Cars,83,S24_3816,Land of Toys Inc.,2125557818,897 Long Airport Avenue,N/A,NYC,NY,10022,USA,NA,Yu,Kwai,Small,2004,5,2,May,Q2,2004-05,NA,1755.13,1145.3999999999999,609.7300000000002,34.73987681824139,Low
10262,49,87.21,16,4273.29,2004-06-24,Cancelled,2,6,2004,Vintage Cars,83,S24_3816,Euro Shopping Channel,(91) 555 94 44,"C/ Moralzarzal, 86",N/A,Madrid,N/A,28034,Spain,EMEA,Freyre,Diego,Medium,2004,6,2,June,Q2,2004-06,EMEA,4273.29,2440.2,1833.0900000000001,42.89645682834538,Medium
10273,48,83.02,3,3984.96,2004-07-21,Shipped,3,7,2004,Vintage Cars,83,S24_3816,Petit Auto,(02) 5554 67,Rue Joseph-Bens 532,N/A,Bruxelles,N/A,B-1180,Belgium,EMEA,Dewey,Catherine,Medium,2004,7,3,July,Q3,2004-07,EMEA,3984.96,2390.4,1594.56,40.014454348349794,Medium
10283,33,72.96,5,2407.68,2004-08-20,Shipped,3,8,2004,Vintage Cars,83,S24_3816,"Royal Canadian Collectables, Ltd.",(604) 555-4555,23 Tsawassen Blvd.,N/A,Tsawassen,BC,T2F 8M4,Canada,NA,Lincoln,Elizabeth,Small,2004,8,3,August,Q3,2004-08,NA,2407.68,1643.3999999999999,764.28,31.743421052631582,Low
10296,22,77.15,14,1697.3,2004-09-15,Shipped,3,9,2004,Vintage Cars,83,S24_3816,"Bavarian Collectables Imports, Co.",+49 89 61 08 9555,Hansastr. 15,N/A,Munich,N/A,80686,Germany,EMEA,Donnermeyer,Michael,Small,2004,9,3,September,Q3,2004-09,EMEA,1697.3,1095.6,601.7,35.45042125729099,Low
10307,22,91.41,8,2011.02,2004-10-14,Shipped,4,10,2004,Vintage Cars,83,S24_3816,"Classic Gift Ideas, Inc",2155554695,782 First Street,N/A,Philadelphia,PA,71270,USA,NA,Cervantes,Francisca,Small,2004,10,4,October,Q4,2004-10,NA,2011.02,1095.6,915.4200000000001,45.52018378733181,Low
10316,25,92.25,16,2306.25,2004-11-01,Shipped,4,11,2004,Vintage Cars,83,S24_3816,giftsbymail.co.uk,(198) 555-8888,Garden House Crowther Way,N/A,Cowes,Isle of Wight,PO31 7PJ,UK,EMEA,Bennett,Helen,Small,2004,11,4,November,Q4,2004-11,EMEA,2306.25,1245.0,1061.25,46.016260162601625,Low
10326,20,92.25,2,1845.0,2004-11-09,Shipped,4,11,2004,Vintage Cars,83,S24_3816,"Volvo Model Replicas, Co",0921-12 3555,Berguvsvgen  8,N/A,Lule,N/A,S-958 22,Sweden,EMEA,Berglund,Christina,Small,2004,11,4,November,Q4,2004-11,EMEA,1845.0,996.0,849.0,46.016260162601625,Low
10339,42,59.36,16,2493.12,2004-11-23,Shipped,4,11,2004,Vintage Cars,83,S24_3816,"Tokyo Collectables, Ltd",+81 3 3584 0555,2-2-8 Roppongi,N/A,Minato-ku,Tokyo,106-0032,Japan,Japan,Shimamura,Akiko,Small,2004,11,4,November,Q4,2004-11,Japan,2493.12,2091.6,401.52,16.10512129380054,Low
10350,25,60.34,10,1508.5,2004-12-02,Shipped,4,12,2004,Vintage Cars,83,S24_3816,Euro Shopping Channel,(91) 555 94 44,"C/ Moralzarzal, 86",N/A,Madrid,N/A,28034,Spain,EMEA,Freyre,Diego,Small,2004,12,4,December,Q4,2004-12,EMEA,1508.5,1245.0,263.5,17.46768312893603,Low
10373,23,100.0,10,2394.3,2005-01-31,Shipped,1,1,2005,Vintage Cars,83,S24_3816,"Oulu Toy Supplies, Inc.",981-443655,Torikatu 38,N/A,Oulu,N/A,90110,Finland,EMEA,Koskitalo,Pirkko,Small,2005,1,1,January,Q1,2005-01,EMEA,2394.3,1145.3999999999999,1248.9000000000003,52.1613832853026,Low
10385,37,85.54,2,3164.98,2005-02-28,Shipped,1,2,2005,Vintage Cars,83,S24_3816,Mini Gifts Distributors Ltd.,4155551450,5677 Strong St.,N/A,San Rafael,CA,97562,USA,NA,Nelson,Valarie,Medium,2005,2,1,February,Q1,2005-02,NA,3164.98,1842.6,1322.38,41.781622632686464,Medium
10396,37,90.57,8,3351.09,2005-03-23,Shipped,1,3,2005,Vintage Cars,83,S24_3816,Mini Gifts Distributors Ltd.,4155551450,5677 Strong St.,N/A,San Rafael,CA,97562,USA,NA,Nelson,Valarie,Medium,2005,3,1,March,Q1,2005-03,NA,3351.09,1842.6,1508.4900000000002,45.0149055978801,Medium
10400,42,72.96,8,3064.32,2005-04-01,Shipped,2,4,2005,Vintage Cars,83,S24_3816,The Sharp Gifts Warehouse,4085553659,3086 Ingle Ln.,N/A,San Jose,CA,94217,USA,NA,Frick,Sue,Medium,2005,4,2,April,Q2,2005-04,NA,3064.32,2091.6,972.7200000000003,31.743421052631586,Medium
10414,51,76.31,2,3891.81,2005-05-06,On Hold,2,5,2005,Vintage Cars,83,S24_3816,Gifts4AllAges.com,6175559555,8616 Spinnaker Dr.,N/A,Boston,MA,51003,USA,NA,Yoshido,Juri,Medium,2005,5,2,May,Q2,2005-05,NA,3891.81,2539.7999999999997,1352.0100000000002,34.73987681824139,Medium
10108,40,100.0,1,5448.8,2003-03-03,Shipped,1,3,2003,Classic Cars,140,S24_3856,Cruz & Sons Co.,+63 2 555 3587,15 McCallum Street - NatWest Center #13-03,N/A,Makati City,N/A,1227 MM,Philippines,Japan,Cruz,Arnold,Medium,2003,3,1,March,Q1,2003-03,Japan,5448.8,3360.0,2088.8,38.335046248715315,Medium
10122,43,100.0,5,5494.97,2003-05-08,Shipped,2,5,2003,Classic Cars,140,S24_3856,Marseille Mini Autos,91.24.4555,"12, rue des Bouchers",N/A,Marseille,N/A,13008,France,EMEA,Lebihan,Laurence,Medium,2003,5,2,May,Q2,2003-05,EMEA,5494.97,3612.0,1882.9700000000003,34.267157054542615,Medium
10135,47,100.0,2,6336.07,2003-07-02,Shipped,3,7,2003,Classic Cars,140,S24_3856,Mini Gifts Distributors Ltd.,4155551450,5677 Strong St.,N/A,San Rafael,CA,97562,USA,NA,Nelson,Valarie,Medium,2003,7,3,July,Q3,2003-07,NA,6336.07,3948.0,2388.0699999999997,37.690082338105476,High
10147,23,100.0,2,2906.97,2003-09-05,Shipped,3,9,2003,Classic Cars,140,S24_3856,Collectables For Less Inc.,6175558555,7825 Douglas Av.,N/A,Brickhaven,MA,58339,USA,NA,Nelson,Allen,Small,2003,9,3,September,Q3,2003-09,NA,2906.97,1932.0,974.9699999999998,33.53904581058627,Low
10160,35,100.0,3,4767.7,2003-10-11,Shipped,4,10,2003,Classic Cars,140,S24_3856,"Men 'R' US Retailers, Ltd.",2155554369,6047 Douglas Av.,N/A,Los Angeles,CA,N/A,USA,NA,Chandler,Michael,Medium,2003,10,4,October,Q4,2003-10,NA,4767.7,2940.0,1827.6999999999998,38.33504624871531,Medium
10170,34,100.0,1,3819.56,2003-11-04,Shipped,4,11,2003,Classic Cars,140,S24_3856,Mini Auto Werke,7675-3555,Kirchgasse 6,N/A,Graz,N/A,8010,Austria,EMEA,Mendel,Roland,Medium,2003,11,4,November,Q4,2003-11,EMEA,3819.56,2856.0,963.56,25.22698949617233,Medium
10181,25,100.0,9,3861.75,2003-11-12,Shipped,4,11,2003,Classic Cars,140,S24_3856,Herkku Gifts,+47 2267 3215,"Drammen 121, PR 744 Sentrum",N/A,Bergen,N/A,N 5804,Norway,EMEA,Oeztan,Veysel,Medium,2003,11,4,November,Q4,2003-11,EMEA,3861.75,2100.0,1761.75,45.62050883666731,Medium
10192,45,100.0,14,6319.35,2003-11-20,Shipped,4,11,2003,Classic Cars,140,S24_3856,Online Diecast Creations Co.,6035558647,2304 Long Airport Avenue,N/A,Nashua,NH,62005,USA,NA,Young,Valarie,Medium,2003,11,4,November,Q4,2003-11,NA,6319.35,3780.0,2539.3500000000004,40.183721427045505,High
10203,47,100.0,3,6996.42,2003-12-02,Shipped,4,12,2003,Classic Cars,140,S24_3856,Euro Shopping Channel,(91) 555 94 44,"C/ Moralzarzal, 86",N/A,Madrid,N/A,28034,Spain,EMEA,Freyre,Diego,Medium,2003,12,4,December,Q4,2003-12,EMEA,6996.42,3948.0,3048.42,43.57114066908505,High
10212,49,100.0,13,6949.67,2004-01-16,Shipped,1,1,2004,Classic Cars,140,S24_3856,Euro Shopping Channel,(91) 555 94 44,"C/ Moralzarzal, 86",N/A,Madrid,N/A,28034,Spain,EMEA,Freyre,Diego,Medium,2004,1,1,January,Q1,2004-01,EMEA,6949.67,4116.0,2833.67,40.77416625537615,High
10225,40,100.0,4,4550.0,2004-02-22,Shipped,1,2,2004,Classic Cars,140,S24_3856,"Vida Sport, Ltd",0897-034555,Grenzacherweg 237,N/A,Gensve,N/A,1203,Switzerland,EMEA,Holz,Michael,Medium,2004,2,1,February,Q1,2004-02,EMEA,4550.0,3360.0,1190.0,26.153846153846157,Medium
10239,29,100.0,3,4479.63,2004-04-12,Shipped,2,4,2004,Classic Cars,140,S24_3856,"Oulu Toy Supplies, Inc.",981-443655,Torikatu 38,N/A,Oulu,N/A,90110,Finland,EMEA,Koskitalo,Pirkko,Medium,2004,4,2,April,Q2,2004-04,EMEA,4479.63,2436.0,2043.63,45.62050883666732,Medium
10253,39,100.0,8,5148.0,2004-06-01,Cancelled,2,6,2004,Classic Cars,140,S24_3856,"UK Collectables, Ltd.",(171) 555-2282,Berkeley Gardens 12  Brewery,N/A,Liverpool,N/A,WX1 6LT,UK,EMEA,Devon,Elizabeth,Medium,2004,6,2,June,Q2,2004-06,EMEA,5148.0,3276.0,1872.0,36.36363636363637,Medium
10266,24,100.0,9,2932.08,2004-07-06,Shipped,3,7,2004,Classic Cars,140,S24_3856,L'ordine Souveniers,0522-556555,Strada Provinciale 124,N/A,Reggio Emilia,N/A,42100,Italy,EMEA,Moroni,Maurizio,Small,2004,7,3,July,Q3,2004-07,EMEA,2932.08,2016.0,916.0799999999999,31.24334943112057,Low
10278,25,100.0,9,3159.75,2004-08-06,Shipped,3,8,2004,Classic Cars,140,S24_3856,Signal Gift Stores,7025551838,8489 Strong St.,N/A,Las Vegas,NV,83030,USA,NA,King,Sue,Medium,2004,8,3,August,Q3,2004-08,NA,3159.75,2100.0,1059.75,33.53904581058628,Medium
10287,36,100.0,7,4297.32,2004-08-30,Shipped,3,8,2004,Classic Cars,140,S24_3856,"Vida Sport, Ltd",0897-034555,Grenzacherweg 237,N/A,Gensve,N/A,1203,Switzerland,EMEA,Holz,Michael,Medium,2004,8,3,August,Q3,2004-08,EMEA,4297.32,3024.0,1273.3199999999997,29.630560442322185,Medium
10301,50,100.0,11,7723.5,2003-10-05,Shipped,4,10,2003,Classic Cars,140,S24_3856,"Norway Gifts By Mail, Co.",+47 2212 1555,"Drammensveien 126 A, PB 744 Sentrum",N/A,Oslo,N/A,N 0106,Norway,EMEA,Klaeboe,Jan,Large,2003,10,4,October,Q4,2003-10,EMEA,7723.5,4200.0,3523.5,45.62050883666731,High
10310,45,100.0,5,5497.65,2004-10-16,Shipped,4,10,2004,Classic Cars,140,S24_3856,"Toms Spezialitten, Ltd",0221-5554327,Mehrheimerstr. 369,N/A,Koln,N/A,50739,Germany,EMEA,Pfalzheim,Henriette,Medium,2004,10,4,October,Q4,2004-10,EMEA,5497.65,3780.0,1717.6499999999996,31.243349431120564,Medium
10321,26,100.0,13,4052.88,2004-11-04,Shipped,4,11,2004,Classic Cars,140,S24_3856,FunGiftIdeas.com,5085552555,1785 First Street,N/A,New Bedford,MA,50553,USA,NA,Benitez,Violeta,Medium,2004,11,4,November,Q4,2004-11,NA,4052.88,2184.0,1868.88,46.112394149345654,Medium
10331,21,100.0,1,3135.93,2004-11-17,Shipped,4,11,2004,Classic Cars,140,S24_3856,Motor Mint Distributors Inc.,2155559857,11328 Douglas Av.,N/A,Philadelphia,PA,71270,USA,NA,Hernandez,Rosa,Medium,2004,11,4,November,Q4,2004-11,NA,3135.93,1764.0,1371.9299999999998,43.74874439161588,Medium
10342,42,100.0,6,5013.54,2004-11-24,Shipped,4,11,2004,Classic Cars,140,S24_3856,"Australian Collectors, Co.",03 9520 4555,636 St Kilda Road,Level 3,Melbourne,Victoria,3004,Australia,APAC,Ferguson,Peter,Medium,2004,11,4,November,Q4,2004-11,APAC,5013.54,3528.0,1485.54,29.63056044232219,Medium
10355,32,100.0,8,5302.72,2004-12-07,Shipped,4,12,2004,Classic Cars,140,S24_3856,Euro Shopping Channel,(91) 555 94 44,"C/ Moralzarzal, 86",N/A,Madrid,N/A,28034,Spain,EMEA,Freyre,Diego,Medium,2004,12,4,December,Q4,2004-12,EMEA,5302.72,2688.0,2614.7200000000003,49.30903385432382,Medium
10363,31,94.58,1,2931.98,2005-01-06,Shipped,1,1,2005,Classic Cars,140,S24_3856,Suominen Souveniers,+358 9 8045 555,"Software Engineering Center, SEC Oy",N/A,Espoo,N/A,FIN-02271,Finland,EMEA,Suominen,Kalle,Small,2005,1,1,January,Q1,2005-01,EMEA,2931.98,2604.0,327.98,11.1862973144428,Low
10378,33,53.27,3,1757.91,2005-02-10,Shipped,1,2,2005,Classic Cars,140,S24_3856,Euro Shopping Channel,(91) 555 94 44,"C/ Moralzarzal, 86",N/A,Madrid,N/A,28034,Spain,EMEA,Freyre,Diego,Small,2005,2,1,February,Q1,2005-02,EMEA,1757.91,2772.0,-1014.0899999999999,-57.68725361366622,Low
10390,45,100.0,8,6763.05,2005-03-04,Shipped,1,3,2005,Classic Cars,140,S24_3856,Mini Gifts Distributors Ltd.,4155551450,5677 Strong St.,N/A,San Rafael,CA,97562,USA,NA,Nelson,Valarie,Medium,2005,3,1,March,Q1,2005-03,NA,6763.05,3780.0,2983.05,44.10805775500698,High
10405,76,100.0,3,11739.7,2005-04-14,Shipped,2,4,2005,Classic Cars,140,S24_3856,Mini Caravy,88.60.1555,"24, place Kluber",N/A,Strasbourg,N/A,67000,France,EMEA,Citeaux,Frederique,Large,2005,4,2,April,Q2,2005-04,EMEA,11739.7,6384.0,5355.700000000001,45.62041619462167,High
10419,70,100.0,8,9240.0,2005-05-17,Shipped,2,5,2005,Classic Cars,140,S24_3856,Salzburg Collectables,6562-9555,Geislweg 14,N/A,Salzburg,N/A,5020,Austria,EMEA,Pipps,Georg,Large,2005,5,2,May,Q2,2005-05,EMEA,9240.0,5880.0,3360.0,36.36363636363637,High
10106,50,64.83,11,3241.5,2003-02-17,Shipped,1,2,2003,Planes,68,S24_3949,Rovelli Gifts,035-640555,Via Ludovico il Moro 22,N/A,Bergamo,N/A,24100,Italy,EMEA,Rovelli,Giovanni,Medium,2003,2,1,February,Q1,2003-02,EMEA,3241.5,2040.0,1201.5,37.066173068024064,Medium
10119,28,70.29,2,1968.12,2003-04-28,Shipped,2,4,2003,Planes,68,S24_3949,Salzburg Collectables,6562-9555,Geislweg 14,N/A,Salzburg,N/A,5020,Austria,EMEA,Pipps,Georg,Small,2003,4,2,April,Q2,2003-04,EMEA,1968.12,1142.3999999999999,825.72,41.95475885616731,Low
10131,50,81.89,3,4094.5,2003-06-16,Shipped,2,6,2003,Planes,68,S24_3949,Gift Ideas Corp.,2035554407,2440 Pompton St.,N/A,Glendale,CT,97561,USA,NA,Lewis,Dan,Medium,2003,6,2,June,Q2,2003-06,NA,4094.5,2040.0,2054.5,50.177066796922695,Medium
10143,28,66.19,6,1853.32,2003-08-10,Shipped,3,8,2003,Planes,68,S24_3949,Mini Creations Ltd.,5085559555,4575 Hillside Dr.,N/A,New Bedford,MA,50553,USA,NA,Tam,Wing C,Small,2003,8,3,August,Q3,2003-08,NA,1853.32,1142.3999999999999,710.9200000000001,38.35926877171779,Low
10155,44,77.11,4,3392.84,2003-10-06,Shipped,4,10,2003,Planes,68,S24_3949,"Toys of Finland, Co.",90-224 8555,Keskuskatu 45,N/A,Helsinki,N/A,21240,Finland,EMEA,Karttunen,Matti,Medium,2003,10,4,October,Q4,2003-10,EMEA,3392.84,1795.2,1597.64,47.08857476332512,Medium
10168,27,73.02,18,1971.54,2003-10-28,Shipped,4,10,2003,Planes,68,S24_3949,Technics Stores Inc.,6505556809,9408 Furth Circle,N/A,Burlingame,CA,94217,USA,NA,Hirano,Juri,Small,2003,10,4,October,Q4,2003-10,NA,1971.54,1101.6,869.94,44.12489728841414,Low
10178,30,72.33,3,2169.9,2003-11-08,Shipped,4,11,2003,Planes,68,S24_3949,Alpha Cognac,61.77.6555,1 rue Alsace-Lorraine,N/A,Toulouse,N/A,31000,France,EMEA,Roulet,Annette,Small,2003,11,4,November,Q4,2003-11,EMEA,2169.9,1224.0,945.9000000000001,43.59187059311489,Low
10198,43,66.19,3,2846.17,2003-11-27,Shipped,4,11,2003,Planes,68,S24_3949,Cruz & Sons Co.,+63 2 555 3587,15 McCallum Street - NatWest Center #13-03,N/A,Makati City,N/A,1227 MM,Philippines,Japan,Cruz,Arnold,Small,2003,11,4,November,Q4,2003-11,Japan,2846.17,1754.3999999999999,1091.7700000000002,38.35926877171779,Low
10210,29,69.6,16,2018.4,2004-01-12,Shipped,1,1,2004,Planes,68,S24_3949,Osaka Souveniers Co.,+81 06 6342 5555,"Dojima Avanza 4F, 1-6-20 Dojima, Kita-ku",N/A,Osaka,Osaka,530-0003,Japan,Japan,Kentary,Mory,Small,2004,1,1,January,Q1,2004-01,Japan,2018.4,1183.2,835.2,41.37931034482759,Low
10222,48,56.64,3,2718.72,2004-02-19,Shipped,1,2,2004,Planes,68,S24_3949,Collectable Mini Designs Co.,7605558146,361 Furth Circle,N/A,San Diego,CA,91217,USA,NA,Thompson,Valarie,Small,2004,2,1,February,Q1,2004-02,NA,2718.72,1958.3999999999999,760.3199999999999,27.966101694915253,Low
10235,33,60.05,12,1981.65,2004-04-02,Shipped,2,4,2004,Planes,68,S24_3949,"Royal Canadian Collectables, Ltd.",(604) 555-4555,23 Tsawassen Blvd.,N/A,Tsawassen,BC,T2F 8M4,Canada,NA,Lincoln,Elizabeth,Small,2004,4,2,April,Q2,2004-04,NA,1981.65,1346.3999999999999,635.2500000000002,32.05661948376354,Low
10250,40,75.06,13,3002.4,2004-05-11,Shipped,2,5,2004,Planes,68,S24_3949,The Sharp Gifts Warehouse,4085553659,3086 Ingle Ln.,N/A,San Jose,CA,94217,USA,NA,Frick,Sue,Medium,2004,5,2,May,Q2,2004-05,NA,3002.4,1632.0,1370.4,45.64348521183054,Medium
10262,48,61.42,8,2948.16,2004-06-24,Cancelled,2,6,2004,Planes,68,S24_3949,Euro Shopping Channel,(91) 555 94 44,"C/ Moralzarzal, 86",N/A,Madrid,N/A,28034,Spain,EMEA,Freyre,Diego,Small,2004,6,2,June,Q2,2004-06,EMEA,2948.16,1958.3999999999999,989.76,33.572126343210684,Low
10275,41,81.89,18,3357.49,2004-07-23,Shipped,3,7,2004,Planes,68,S24_3949,La Rochelle Gifts,40.67.8555,"67, rue des Cinquante Otages",N/A,Nantes,N/A,44000,France,EMEA,Labrune,Janine,Medium,2004,7,3,July,Q3,2004-07,EMEA,3357.49,1672.8,1684.6899999999998,50.177066796922695,Medium
10284,21,55.96,10,1175.16,2004-08-21,Shipped,3,8,2004,Planes,68,S24_3949,"Norway Gifts By Mail, Co.",+47 2212 1555,"Drammensveien 126 A, PB 744 Sentrum",N/A,Oslo,N/A,N 0106,Norway,EMEA,Klaeboe,Jan,Small,2004,8,3,August,Q3,2004-08,EMEA,1175.16,856.8,318.3600000000001,27.090779127948544,Low
10296,32,71.65,6,2292.8,2004-09-15,Shipped,3,9,2004,Planes,68,S24_3949,"Bavarian Collectables Imports, Co.",+49 89 61 08 9555,Hansastr. 15,N/A,Munich,N/A,80686,Germany,EMEA,Donnermeyer,Michael,Small,2004,9,3,September,Q3,2004-09,EMEA,2292.8,1305.6,987.2000000000003,43.05652477320308,Low
10308,43,76.43,16,3286.49,2004-10-15,Shipped,4,10,2004,Planes,68,S24_3949,Mini Classics,9145554562,3758 North Pendale Street,N/A,White Plains,NY,24067,USA,NA,Frick,Steve,Medium,2004,10,4,October,Q4,2004-10,NA,3286.49,1754.3999999999999,1532.09,46.617820227659294,Medium
10316,30,77.79,8,2333.7,2004-11-01,Shipped,4,11,2004,Planes,68,S24_3949,giftsbymail.co.uk,(198) 555-8888,Garden House Crowther Way,N/A,Cowes,Isle of Wight,PO31 7PJ,UK,EMEA,Bennett,Helen,Small,2004,11,4,November,Q4,2004-11,EMEA,2333.7,1224.0,1109.6999999999998,47.551099112996525,Low
10328,35,76.43,3,2675.05,2004-11-12,Shipped,4,11,2004,Planes,68,S24_3949,Rovelli Gifts,035-640555,Via Ludovico il Moro 22,N/A,Bergamo,N/A,24100,Italy,EMEA,Rovelli,Giovanni,Small,2004,11,4,November,Q4,2004-11,EMEA,2675.05,1428.0,1247.0500000000002,46.6178202276593,Low
10339,45,96.92,11,4361.4,2004-11-23,Shipped,4,11,2004,Planes,68,S24_3949,"Tokyo Collectables, Ltd",+81 3 3584 0555,2-2-8 Roppongi,N/A,Minato-ku,Tokyo,106-0032,Japan,Japan,Shimamura,Akiko,Medium,2004,11,4,November,Q4,2004-11,Japan,4361.4,1836.0,2525.3999999999996,57.903425505571605,Medium
10351,34,59.37,3,2018.58,2004-12-03,Shipped,4,12,2004,Planes,68,S24_3949,"Stylish Desk Decors, Co.",(171) 555-0297,35 King George,N/A,London,N/A,WX3 6FW,UK,EMEA,Brown,Ann,Small,2004,12,4,December,Q4,2004-12,EMEA,2018.58,1387.2,631.3799999999999,31.278423446184938,Low
10361,26,100.0,7,3710.98,2004-12-17,Shipped,4,12,2004,Planes,68,S24_3949,Souveniers And Things Co.,+61 2 9495 8555,"Monitor Money Building, 815 Pacific Hwy",Level 6,Chatswood,NSW,2067,Australia,APAC,Huxley,Adrian,Medium,2004,12,4,December,Q4,2004-12,APAC,3710.98,1060.8,2650.1800000000003,71.41455895747217,Medium
10373,39,73.0,13,2847.0,2005-01-31,Shipped,1,1,2005,Planes,68,S24_3949,"Oulu Toy Supplies, Inc.",981-443655,Torikatu 38,N/A,Oulu,N/A,90110,Finland,EMEA,Koskitalo,Pirkko,Small,2005,1,1,January,Q1,2005-01,EMEA,2847.0,1591.2,1255.8,44.10958904109589,Low
10386,41,73.32,12,3006.12,2005-03-01,Resolved,1,3,2005,Planes,68,S24_3949,Euro Shopping Channel,(91) 555 94 44,"C/ Moralzarzal, 86",N/A,Madrid,N/A,28034,Spain,EMEA,Freyre,Diego,Medium,2005,3,1,March,Q1,2005-03,EMEA,3006.12,1672.8,1333.32,44.35351882160393,Medium
10398,41,68.24,2,2797.84,2005-03-30,Shipped,1,3,2005,Planes,68,S24_3949,Reims Collectables,26.47.1555,59 rue de l'Abbaye,N/A,Reims,N/A,51100,France,EMEA,Henriot,Paul,Small,2005,3,1,March,Q1,2005-03,EMEA,2797.84,1672.8,1125.0400000000002,40.21101992966003,Low
10401,64,60.05,12,3843.2,2005-04-03,On Hold,2,4,2005,Planes,68,S24_3949,Tekni Collectables Inc.,2015559350,7476 Moss Rd.,N/A,Newark,NJ,94019,USA,NA,Brown,William,Medium,2005,4,2,April,Q2,2005-04,NA,3843.2,2611.2,1232.0,32.056619483763534,Medium
10416,18,75.06,13,1351.08,2005-05-10,Shipped,2,5,2005,Planes,68,S24_3949,L'ordine Souveniers,0522-556555,Strada Provinciale 124,N/A,Reggio Emilia,N/A,42100,Italy,EMEA,Moroni,Maurizio,Small,2005,5,2,May,Q2,2005-05,EMEA,1351.08,734.4,616.68,45.64348521183054,Low
10100,49,34.47,1,1689.03,2003-01-06,Shipped,1,1,2003,Vintage Cars,41,S24_3969,Online Diecast Creations Co.,6035558647,2304 Long Airport Avenue,N/A,Nashua,NH,62005,USA,NA,Young,Valarie,Small,2003,1,1,January,Q1,2003-01,NA,1689.03,1205.3999999999999,483.6300000000001,28.633594429939084,Low
10110,48,34.47,5,1654.56,2003-03-18,Shipped,1,3,2003,Vintage Cars,41,S24_3969,"AV Stores, Co.",(171) 555-1555,Fauntleroy Circus,N/A,Manchester,N/A,EC2 5NT,UK,EMEA,Ashworth,Victoria,Small,2003,3,1,March,Q1,2003-03,EMEA,1654.56,1180.8,473.76,28.63359442993908,Low
10124,46,33.23,4,1528.58,2003-05-21,Shipped,2,5,2003,Vintage Cars,41,S24_3969,Signal Gift Stores,7025551838,8489 Strong St.,N/A,Las Vegas,NV,83030,USA,NA,King,Sue,Small,2003,5,2,May,Q2,2003-05,NA,1528.58,1131.6,396.98,25.970508576587427,Low
10149,26,38.98,9,1013.48,2003-09-12,Shipped,3,9,2003,Vintage Cars,41,S24_3969,Signal Collectibles Ltd.,4155554312,2793 Furth Circle,N/A,Brisbane,CA,94217,USA,NA,Taylor,Sue,Small,2003,9,3,September,Q3,2003-09,NA,1013.48,639.6,373.88,36.89071318624936,Low
10162,37,38.98,7,1442.26,2003-10-18,Shipped,4,10,2003,Vintage Cars,41,S24_3969,Corporate Gift Ideas Co.,6505551386,7734 Strong St.,N/A,San Francisco,CA,N/A,USA,NA,Brown,Julie,Small,2003,10,4,October,Q4,2003-10,NA,1442.26,910.1999999999999,532.0600000000001,36.890713186249364,Low
10173,35,33.23,11,1163.05,2003-11-05,Shipped,4,11,2003,Vintage Cars,41,S24_3969,Rovelli Gifts,035-640555,Via Ludovico il Moro 22,N/A,Bergamo,N/A,24100,Italy,EMEA,Rovelli,Giovanni,Small,2003,11,4,November,Q4,2003-11,EMEA,1163.05,861.0,302.04999999999995,25.97050857658742,Low
10182,23,42.26,8,971.98,2003-11-12,Shipped,4,11,2003,Vintage Cars,41,S24_3969,Mini Gifts Distributors Ltd.,4155551450,5677 Strong St.,N/A,San Rafael,CA,97562,USA,NA,Nelson,Valarie,Small,2003,11,4,November,Q4,2003-11,NA,971.98,565.8,406.18000000000006,41.788925698059636,Low
10193,22,41.03,12,902.66,2003-11-21,Shipped,4,11,2003,Vintage Cars,41,S24_3969,"Australian Collectables, Ltd",61-9-3844-6555,7 Allen Street,N/A,Glen Waverly,Victoria,3150,Australia,APAC,Connery,Sean,Small,2003,11,4,November,Q4,2003-11,APAC,902.66,541.1999999999999,361.46000000000004,40.04387033877651,Low
10204,39,33.23,2,1295.97,2003-12-02,Shipped,4,12,2003,Vintage Cars,41,S24_3969,Muscle Machine Inc,2125557413,4092 Furth Circle,Suite 400,NYC,NY,10022,USA,NA,Young,Jeff,Small,2003,12,4,December,Q4,2003-12,NA,1295.97,959.4,336.57000000000005,25.970508576587427,Low
10214,44,34.88,5,1534.72,2004-01-26,Shipped,1,1,2004,Vintage Cars,41,S24_3969,"Corrida Auto Replicas, Ltd",(91) 555 22 82,"C/ Araquil, 67",N/A,Madrid,N/A,28023,Spain,EMEA,Sommer,Mart¡n,Small,2004,1,1,January,Q1,2004-01,EMEA,1534.72,1082.3999999999999,452.32000000000016,29.472477064220193,Low
10227,27,43.9,8,1185.3,2004-03-02,Shipped,1,3,2004,Vintage Cars,41,S24_3969,"Saveley & Henriot, Co.",78.32.5555,"2, rue du Commerce",N/A,Lyon,N/A,69004,France,EMEA,Saveley,Mary,Small,2004,3,1,March,Q1,2004-03,EMEA,1185.3,664.1999999999999,521.1,43.96355353075172,Low
10242,46,36.93,1,1698.78,2004-04-20,Shipped,2,4,2004,Vintage Cars,41,S24_3969,Microscale Inc.,2125551957,5290 North Pendale Street,Suite 200,NYC,NY,10022,USA,NA,Kuo,Kee,Small,2004,4,2,April,Q2,2004-04,NA,1698.78,1131.6,567.1800000000001,33.387489845653946,Low
10280,33,41.85,14,1381.05,2004-08-17,Shipped,3,8,2004,Vintage Cars,41,S24_3969,Amica Models & Co.,011-4988555,Via Monte Bianco 34,N/A,Torino,N/A,10100,Italy,EMEA,Accorti,Paolo,Small,2004,8,3,August,Q3,2004-08,EMEA,1381.05,811.8,569.25,41.21863799283154,Low
10288,33,40.62,3,1340.46,2004-09-01,Shipped,3,9,2004,Vintage Cars,41,S24_3969,Handji Gifts& Co,+65 224 1555,Village Close - 106 Linden Road Sandown,2nd Floor,Singapore,N/A,69045,Singapore,APAC,Victorino,Wendy,Small,2004,9,3,September,Q3,2004-09,APAC,1340.46,811.8,528.6600000000001,39.43870014771049,Low
10303,24,40.21,1,965.04,2004-10-06,Shipped,4,10,2004,Vintage Cars,41,S24_3969,"Iberia Gift Imports, Corp.",(95) 555 82 82,"C/ Romero, 33",N/A,Sevilla,N/A,41101,Spain,EMEA,Roel,Jose Pedro,Small,2004,10,4,October,Q4,2004-10,EMEA,965.04,590.4,374.64,38.82118875901517,Low
10312,31,35.29,15,1093.99,2004-10-21,Shipped,4,10,2004,Vintage Cars,41,S24_3969,Mini Gifts Distributors Ltd.,4155551450,5677 Strong St.,N/A,San Rafael,CA,97562,USA,NA,Nelson,Valarie,Small,2004,10,4,October,Q4,2004-10,NA,1093.99,762.6,331.39,30.291867384528192,Low
10332,41,77.24,14,3166.84,2004-11-17,Shipped,4,11,2004,Vintage Cars,41,S24_3969,"AV Stores, Co.",(171) 555-1555,Fauntleroy Circus,N/A,Manchester,N/A,EC2 5NT,UK,EMEA,Ashworth,Victoria,Medium,2004,11,4,November,Q4,2004-11,EMEA,3166.84,1008.5999999999999,2158.2400000000002,68.15121698601762,Medium
10346,22,97.44,4,2143.68,2004-11-29,Shipped,4,11,2004,Vintage Cars,41,S24_3969,Signal Gift Stores,7025551838,8489 Strong St.,N/A,Las Vegas,NV,83030,USA,NA,King,Sue,Small,2004,11,4,November,Q4,2004-11,NA,2143.68,541.1999999999999,1602.48,74.7536945812808,Low
10368,46,37.34,3,1717.64,2005-01-19,Shipped,1,1,2005,Vintage Cars,41,S24_3969,Mini Gifts Distributors Ltd.,4155551450,5677 Strong St.,N/A,San Rafael,CA,97562,USA,NA,Nelson,Valarie,Small,2005,1,1,January,Q1,2005-01,NA,1717.64,1131.6,586.0400000000002,34.118907337975365,Low
10380,43,95.03,12,4086.29,2005-02-16,Shipped,1,2,2005,Vintage Cars,41,S24_3969,Euro Shopping Channel,(91) 555 94 44,"C/ Moralzarzal, 86",N/A,Madrid,N/A,28034,Spain,EMEA,Freyre,Diego,Medium,2005,2,1,February,Q1,2005-02,EMEA,4086.29,1057.8,3028.49,74.11343786172787,Medium
10408,15,36.93,1,553.95,2005-04-22,Shipped,2,4,2005,Vintage Cars,41,S24_3969,"Tokyo Collectables, Ltd",+81 3 3584 0555,2-2-8 Roppongi,N/A,Minato-ku,Tokyo,106-0032,Japan,Japan,Shimamura,Akiko,Small,2005,4,2,April,Q2,2005-04,Japan,553.95,369.0,184.95000000000005,33.387489845653946,Low
10420,15,43.49,3,652.35,2005-05-29,In Process,2,5,2005,Vintage Cars,41,S24_3969,Souveniers And Things Co.,+61 2 9495 8555,"Monitor Money Building, 815 Pacific Hwy",Level 6,Chatswood,NSW,2067,Australia,APAC,Huxley,Adrian,Small,2005,5,2,May,Q2,2005-05,APAC,652.35,369.0,283.35,43.435272476431365,Low
10104,26,100.0,5,2921.62,2003-01-31,Shipped,1,1,2003,Classic Cars,118,S24_4048,Euro Shopping Channel,(91) 555 94 44,"C/ Moralzarzal, 86",N/A,Madrid,N/A,28034,Spain,EMEA,Freyre,Diego,Small,2003,1,1,January,Q1,2003-01,EMEA,2921.62,1840.8,1080.82,36.993859571059886,Low
10115,44,100.0,1,5568.64,2003-04-04,Shipped,2,4,2003,Classic Cars,118,S24_4048,Classic Legends Inc.,2125558493,5905 Pompton St.,Suite 750,NYC,NY,10022,USA,NA,Hernandez,Maria,Medium,2003,4,2,April,Q2,2003-04,NA,5568.64,3115.2,2453.4400000000005,44.058154235145395,Medium
10127,20,96.99,7,1939.8,2003-06-03,Shipped,2,6,2003,Classic Cars,118,S24_4048,Muscle Machine Inc,2125557413,4092 Furth Circle,Suite 400,NYC,NY,10022,USA,NA,Young,Jeff,Small,2003,6,2,June,Q2,2003-06,NA,1939.8,1416.0,523.8,27.00278379214352,Low
10141,40,94.62,1,3784.8,2003-08-01,Shipped,3,8,2003,Classic Cars,118,S24_4048,Suominen Souveniers,+358 9 8045 555,"Software Engineering Center, SEC Oy",N/A,Espoo,N/A,FIN-02271,Finland,EMEA,Suominen,Kalle,Medium,2003,8,3,August,Q3,2003-08,EMEA,3784.8,2832.0,952.8000000000002,25.174381737476224,Medium
10152,23,100.0,3,2802.09,2003-09-25,Shipped,3,9,2003,Classic Cars,118,S24_4048,"Australian Gift Network, Co",61-7-3844-6555,31 Duncan St. West End,N/A,South Brisbane,Queensland,4101,Australia,APAC,Calaghan,Tony,Small,2003,9,3,September,Q3,2003-09,APAC,2802.09,1628.3999999999999,1173.6900000000003,41.886234917508006,Low
10165,24,99.36,8,2384.64,2003-10-22,Shipped,4,10,2003,Classic Cars,118,S24_4048,"Dragon Souveniers, Ltd.",+65 221 7555,"Bronz Sok., Bronz Apt. 3/6 Tesvikiye",N/A,Singapore,N/A,79903,Singapore,Japan,Natividad,Eric,Small,2003,10,4,October,Q4,2003-10,Japan,2384.64,1699.2,685.4399999999998,28.743961352657,Low
10176,29,100.0,7,2915.66,2003-11-06,Shipped,4,11,2003,Classic Cars,118,S24_4048,L'ordine Souveniers,0522-556555,Strada Provinciale 124,N/A,Reggio Emilia,N/A,42100,Italy,EMEA,Moroni,Maurizio,Small,2003,11,4,November,Q4,2003-11,EMEA,2915.66,2053.2,862.46,29.58026656057291,Low
10184,49,100.0,2,5795.72,2003-11-14,Shipped,4,11,2003,Classic Cars,118,S24_4048,"Iberia Gift Imports, Corp.",(95) 555 82 82,"C/ Romero, 33",N/A,Sevilla,N/A,41101,Spain,EMEA,Roel,Jose Pedro,Medium,2003,11,4,November,Q4,2003-11,EMEA,5795.72,3469.2,2326.5200000000004,40.14203584714238,Medium
10195,34,100.0,2,3699.88,2003-11-25,Shipped,4,11,2003,Classic Cars,118,S24_4048,Mini Classics,9145554562,3758 North Pendale Street,N/A,White Plains,NY,24067,USA,NA,Frick,Steve,Medium,2003,11,4,November,Q4,2003-11,NA,3699.88,2407.2,1292.6800000000003,34.9384304355817,Medium
10207,28,100.0,3,2980.6,2003-12-09,Shipped,4,12,2003,Classic Cars,118,S24_4048,Diecast Collectables,6175552555,6251 Ingle Ln.,N/A,Boston,MA,51003,USA,NA,Franco,Valarie,Small,2003,12,4,December,Q4,2003-12,NA,2980.6,1982.3999999999999,998.2,33.48990136214186,Low
10220,37,100.0,7,5032.74,2004-02-12,Shipped,1,2,2004,Classic Cars,118,S24_4048,"Clover Collections, Co.",+353 1862 1555,25 Maiden Lane,Floor No. 4,Dublin,N/A,2,Ireland,EMEA,Cassidy,Dean,Medium,2004,2,1,February,Q1,2004-02,EMEA,5032.74,2619.6,2413.14,47.94883105425672,Medium
10230,45,100.0,5,4737.15,2004-03-15,Shipped,1,3,2004,Classic Cars,118,S24_4048,"Blauer See Auto, Co.",+49 69 66 90 2555,Lyonerstr. 34,N/A,Frankfurt,N/A,60528,Germany,EMEA,Keitel,Roland,Medium,2004,3,1,March,Q1,2004-03,EMEA,4737.15,3186.0,1551.1499999999996,32.74437161584496,Medium
10246,46,100.0,1,6311.2,2004-05-05,Shipped,2,5,2004,Classic Cars,118,S24_4048,Euro Shopping Channel,(91) 555 94 44,"C/ Moralzarzal, 86",N/A,Madrid,N/A,28034,Spain,EMEA,Freyre,Diego,Medium,2004,5,2,May,Q2,2004-05,EMEA,6311.2,3256.7999999999997,3054.4,48.39650145772595,High
10271,22,100.0,1,3070.54,2004-07-20,Shipped,3,7,2004,Classic Cars,118,S24_4048,Mini Gifts Distributors Ltd.,4155551450,5677 Strong St.,N/A,San Rafael,CA,97562,USA,NA,Nelson,Valarie,Medium,2004,7,3,July,Q3,2004-07,NA,3070.54,1557.6,1512.94,49.27276635380096,Medium
10282,39,100.0,10,4797.39,2004-08-20,Shipped,3,8,2004,Classic Cars,118,S24_4048,Mini Gifts Distributors Ltd.,4155551450,5677 Strong St.,N/A,San Rafael,CA,97562,USA,NA,Nelson,Valarie,Medium,2004,8,3,August,Q3,2004-08,NA,4797.39,2761.2,2036.1900000000005,42.44370376392164,Medium
10292,27,100.0,4,3832.38,2004-09-08,Shipped,3,9,2004,Classic Cars,118,S24_4048,Land of Toys Inc.,2125557818,897 Long Airport Avenue,N/A,NYC,NY,10022,USA,NA,Yu,Kwai,Medium,2004,9,3,September,Q3,2004-09,NA,3832.38,1911.6,1920.7800000000002,50.119768916443576,Medium
10305,36,100.0,1,4641.48,2004-10-13,Shipped,4,10,2004,Classic Cars,118,S24_4048,Marta's Replicas Co.,6175558555,39323 Spinnaker Dr.,N/A,Cambridge,MA,51247,USA,NA,Hernandez,Marta,Medium,2004,10,4,October,Q4,2004-10,NA,4641.48,2548.7999999999997,2092.68,45.0864810362212,Medium
10314,38,100.0,10,4000.26,2004-10-22,Shipped,4,10,2004,Classic Cars,118,S24_4048,Heintze Collectables,86 21 3555,Smagsloget 45,N/A,Aaarhus,N/A,8200,Denmark,EMEA,Ibsen,Palle,Medium,2004,10,4,October,Q4,2004-10,EMEA,4000.26,2690.4,1309.8600000000001,32.74437161584497,Medium
10325,44,100.0,5,5325.76,2004-11-05,Shipped,4,11,2004,Classic Cars,118,S24_4048,Baane Mini Imports,07-98 9555,Erling Skakkes gate 78,N/A,Stavern,N/A,4110,Norway,EMEA,Bergulfsen,Jonas,Medium,2004,11,4,November,Q4,2004-11,EMEA,5325.76,3115.2,2210.5600000000004,41.506939854593526,Medium
10336,31,100.0,5,4618.69,2004-11-20,Shipped,4,11,2004,Classic Cars,118,S24_4048,"La Corne D'abondance, Co.",(1) 42.34.2555,"265, boulevard Charonne",N/A,Paris,N/A,75012,France,EMEA,Bertrand,Marie,Medium,2004,11,4,November,Q4,2004-11,EMEA,4618.69,2194.7999999999997,2423.89,52.480032216927306,Medium
10349,23,100.0,2,3182.97,2004-12-01,Shipped,4,12,2004,Classic Cars,118,S24_4048,Muscle Machine Inc,2125557413,4092 Furth Circle,Suite 400,NYC,NY,10022,USA,NA,Young,Jeff,Medium,2004,12,4,December,Q4,2004-12,NA,3182.97,1628.3999999999999,1554.57,48.8402341209625,Medium
10359,22,100.0,7,2603.04,2004-12-15,Shipped,4,12,2004,Classic Cars,118,S24_4048,Reims Collectables,26.47.1555,59 rue de l'Abbaye,N/A,Reims,N/A,51100,France,EMEA,Henriot,Paul,Small,2004,12,4,December,Q4,2004-12,EMEA,2603.04,1557.6,1045.44,40.16227180527384,Low
10371,28,50.32,9,1408.96,2005-01-23,Shipped,1,1,2005,Classic Cars,118,S24_4048,Mini Gifts Distributors Ltd.,4155551450,5677 Strong St.,N/A,San Rafael,CA,97562,USA,NA,Nelson,Valarie,Small,2005,1,1,January,Q1,2005-01,NA,1408.96,1982.3999999999999,-573.4399999999998,-40.699523052464215,Low
10383,21,93.91,4,1972.11,2005-02-22,Shipped,1,2,2005,Classic Cars,118,S24_4048,Euro Shopping Channel,(91) 555 94 44,"C/ Moralzarzal, 86",N/A,Madrid,N/A,28034,Spain,EMEA,Freyre,Diego,Small,2005,2,1,February,Q1,2005-02,EMEA,1972.11,1486.8,485.30999999999995,24.6086678734959,Low
10394,37,100.0,7,5207.75,2005-03-15,Shipped,1,3,2005,Classic Cars,118,S24_4048,Euro Shopping Channel,(91) 555 94 44,"C/ Moralzarzal, 86",N/A,Madrid,N/A,28034,Spain,EMEA,Freyre,Diego,Medium,2005,3,1,March,Q1,2005-03,EMEA,5207.75,2619.6,2588.15,49.698046181172295,Medium
10412,31,100.0,1,4253.2,2005-05-03,Shipped,2,5,2005,Classic Cars,118,S24_4048,Euro Shopping Channel,(91) 555 94 44,"C/ Moralzarzal, 86",N/A,Madrid,N/A,28034,Spain,EMEA,Freyre,Diego,Medium,2005,5,2,May,Q2,2005-05,EMEA,4253.2,2194.7999999999997,2058.4,48.396501457725954,Medium
10103,25,100.0,15,2873.0,2003-01-29,Shipped,1,1,2003,Vintage Cars,97,S24_4258,Baane Mini Imports,07-98 9555,Erling Skakkes gate 78,N/A,Stavern,N/A,4110,Norway,EMEA,Bergulfsen,Jonas,Small,2003,1,1,January,Q1,2003-01,EMEA,2873.0,1455.0,1418.0,49.35607379046293,Low
10111,26,86.68,3,2253.68,2003-03-25,Shipped,1,3,2003,Vintage Cars,97,S24_4258,Mini Wheels Co.,6505555787,5557 North Pendale Street,N/A,San Francisco,CA,N/A,USA,NA,Murphy,Julie,Small,2003,3,1,March,Q1,2003-03,NA,2253.68,1513.2,740.4799999999998,32.85648361790493,Low
10126,34,100.0,15,3576.12,2003-05-28,Shipped,2,5,2003,Vintage Cars,97,S24_4258,"Corrida Auto Replicas, Ltd",(91) 555 22 82,"C/ Araquil, 67",N/A,Madrid,N/A,28023,Spain,EMEA,Sommer,Mart¡n,Medium,2003,5,2,May,Q2,2003-05,EMEA,3576.12,1978.8,1597.32,44.66628636622932,Medium
10139,29,100.0,4,3276.13,2003-07-16,Shipped,3,7,2003,Vintage Cars,97,S24_4258,Souveniers And Things Co.,+61 2 9495 8555,"Monitor Money Building, 815 Pacific Hwy",Level 6,Chatswood,NSW,2067,Australia,APAC,Huxley,Adrian,Medium,2003,7,3,July,Q3,2003-07,APAC,3276.13,1687.8,1588.3300000000002,48.48189784898646,Medium
10149,20,90.57,1,1811.4,2003-09-12,Shipped,3,9,2003,Vintage Cars,97,S24_4258,Signal Collectibles Ltd.,4155554312,2793 Furth Circle,N/A,Brisbane,CA,94217,USA,NA,Taylor,Sue,Small,2003,9,3,September,Q3,2003-09,NA,1811.4,1164.0,647.4000000000001,35.74031136137794,Low
10163,42,91.55,5,3845.1,2003-10-20,Shipped,4,10,2003,Vintage Cars,97,S24_4258,Classic Legends Inc.,2125558493,5905 Pompton St.,Suite 750,NYC,NY,10022,USA,NA,Hernandez,Maria,Medium,2003,10,4,October,Q4,2003-10,NA,3845.1,2444.4,1400.6999999999998,36.42818132168213,Medium
10173,22,100.0,3,2571.14,2003-11-05,Shipped,4,11,2003,Vintage Cars,97,S24_4258,Rovelli Gifts,035-640555,Via Ludovico il Moro 22,N/A,Bergamo,N/A,24100,Italy,EMEA,Rovelli,Giovanni,Small,2003,11,4,November,Q4,2003-11,EMEA,2571.14,1280.3999999999999,1290.74,50.20107812098914,Low
10183,47,100.0,12,5035.11,2003-11-13,Shipped,4,11,2003,Vintage Cars,97,S24_4258,"Classic Gift Ideas, Inc",2155554695,782 First Street,N/A,Philadelphia,PA,71270,USA,NA,Cervantes,Francisca,Medium,2003,11,4,November,Q4,2003-11,NA,5035.11,2735.4,2299.7099999999996,45.67348081769812,Medium
10193,20,100.0,4,2279.0,2003-11-21,Shipped,4,11,2003,Vintage Cars,97,S24_4258,"Australian Collectables, Ltd",61-9-3844-6555,7 Allen Street,N/A,Glen Waverly,Victoria,3150,Australia,APAC,Connery,Sean,Small,2003,11,4,November,Q4,2003-11,APAC,2279.0,1164.0,1115.0,48.92496709082931,Low
10206,33,97.39,10,3213.87,2003-12-05,Shipped,4,12,2003,Vintage Cars,97,S24_4258,Canadian Gift Exchange Network,(604) 555-3392,1900 Oak St.,N/A,Vancouver,BC,V3F 2K1,Canada,NA,Tannamuri,Yoshi,Medium,2003,12,4,December,Q4,2003-12,NA,3213.87,1920.6,1293.27,40.24027107505904,Medium
10215,39,90.57,7,3532.23,2004-01-29,Shipped,1,1,2004,Vintage Cars,97,S24_4258,West Coast Collectables Co.,3105553722,3675 Furth Circle,N/A,Burbank,CA,94019,USA,NA,Thompson,Steve,Medium,2004,1,1,January,Q1,2004-01,NA,3532.23,2269.7999999999997,1262.4300000000003,35.74031136137795,Medium
10228,33,100.0,6,3406.59,2004-03-10,Shipped,1,3,2004,Vintage Cars,97,S24_4258,Cambridge Collectables Co.,6175555555,4658 Baden Av.,N/A,Cambridge,MA,51247,USA,NA,Tseng,Kyung,Medium,2004,3,1,March,Q1,2004-03,NA,3406.59,1920.6,1485.9900000000002,43.62104039523395,Medium
10244,40,86.68,4,3467.2,2004-04-29,Shipped,2,4,2004,Vintage Cars,97,S24_4258,Euro Shopping Channel,(91) 555 94 44,"C/ Moralzarzal, 86",N/A,Madrid,N/A,28034,Spain,EMEA,Freyre,Diego,Medium,2004,4,2,April,Q2,2004-04,EMEA,3467.2,2328.0,1139.1999999999998,32.856483617904935,Medium
10257,46,78.89,4,3628.94,2004-06-14,Shipped,2,6,2004,Vintage Cars,97,S24_4258,The Sharp Gifts Warehouse,4085553659,3086 Ingle Ln.,N/A,San Jose,CA,94217,USA,NA,Frick,Sue,Medium,2004,6,2,June,Q2,2004-06,NA,3628.94,2677.2,951.7400000000002,26.226391177589054,Medium
10269,48,97.39,2,4674.72,2004-07-16,Shipped,3,7,2004,Vintage Cars,97,S24_4258,Salzburg Collectables,6562-9555,Geislweg 14,N/A,Salzburg,N/A,5020,Austria,EMEA,Pipps,Georg,Medium,2004,7,3,July,Q3,2004-07,EMEA,4674.72,2793.6,1881.1200000000003,40.24027107505905,Medium
10280,21,78.89,6,1656.69,2004-08-17,Shipped,3,8,2004,Vintage Cars,97,S24_4258,Amica Models & Co.,011-4988555,Via Monte Bianco 34,N/A,Torino,N/A,10100,Italy,EMEA,Accorti,Paolo,Small,2004,8,3,August,Q3,2004-08,EMEA,1656.69,1222.2,434.49,26.226391177589047,Low
10290,45,100.0,1,5171.4,2004-09-07,Shipped,3,9,2004,Vintage Cars,97,S24_4258,Auto-Moto Classics Inc.,6175558428,16780 Pompton St.,N/A,Brickhaven,MA,58339,USA,NA,Taylor,Leslie,Medium,2004,9,3,September,Q3,2004-09,NA,5171.4,2619.0,2552.3999999999996,49.35607379046293,Medium
10304,33,100.0,10,3342.57,2004-10-11,Shipped,4,10,2004,Vintage Cars,97,S24_4258,Auto Assoc. & Cie.,30.59.8555,"67, avenue de l'Europe",N/A,Versailles,N/A,78000,France,EMEA,Tonini,Daniel,Medium,2004,10,4,October,Q4,2004-10,EMEA,3342.57,1920.6,1421.9700000000003,42.54121828413467,Medium
10312,44,100.0,7,4884.88,2004-10-21,Shipped,4,10,2004,Vintage Cars,97,S24_4258,Mini Gifts Distributors Ltd.,4155551450,5677 Strong St.,N/A,San Rafael,CA,97562,USA,NA,Nelson,Valarie,Medium,2004,10,4,October,Q4,2004-10,NA,4884.88,2560.7999999999997,2324.0800000000004,47.57701315078365,Medium
10324,33,100.0,3,6267.69,2004-11-05,Shipped,4,11,2004,Vintage Cars,97,S24_4258,Vitachrome Inc.,2125551500,2678 Kingston Rd.,Suite 101,NYC,NY,10022,USA,NA,Frick,Michael,Medium,2004,11,4,November,Q4,2004-11,NA,6267.69,1920.6,4347.09,69.35713157479071,High
10333,39,100.0,1,4424.16,2004-11-18,Shipped,4,11,2004,Vintage Cars,97,S24_4258,Mini Wheels Co.,6505555787,5557 North Pendale Street,N/A,San Francisco,CA,N/A,USA,NA,Murphy,Julie,Medium,2004,11,4,November,Q4,2004-11,NA,4424.16,2269.7999999999997,2154.36,48.69534555712271,Medium
10348,39,50.31,2,1962.09,2004-11-01,Shipped,4,11,2004,Vintage Cars,97,S24_4258,"Corrida Auto Replicas, Ltd",(91) 555 22 82,"C/ Araquil, 67",N/A,Madrid,N/A,28023,Spain,EMEA,Sommer,Mart¡n,Small,2004,11,4,November,Q4,2004-11,EMEA,1962.09,2269.7999999999997,-307.7099999999998,-15.682766845557532,Low
10358,41,100.0,6,6847.0,2004-12-10,Shipped,4,12,2004,Vintage Cars,97,S24_4258,Euro Shopping Channel,(91) 555 94 44,"C/ Moralzarzal, 86",N/A,Madrid,N/A,28034,Spain,EMEA,Freyre,Diego,Medium,2004,12,4,December,Q4,2004-12,EMEA,6847.0,2386.2,4460.8,65.1497005988024,High
10369,40,86.92,3,3476.8,2005-01-20,Shipped,1,1,2005,Vintage Cars,97,S24_4258,Collectables For Less Inc.,6175558555,7825 Douglas Av.,N/A,Brickhaven,MA,58339,USA,NA,Nelson,Allen,Medium,2005,1,1,January,Q1,2005-01,NA,3476.8,2328.0,1148.8000000000002,33.04187758858721,Medium
10382,33,100.0,4,4592.61,2005-02-17,Shipped,1,2,2005,Vintage Cars,97,S24_4258,Mini Gifts Distributors Ltd.,4155551450,5677 Strong St.,N/A,San Rafael,CA,97562,USA,NA,Nelson,Valarie,Medium,2005,2,1,February,Q1,2005-02,NA,4592.61,1920.6,2672.0099999999998,58.18064237982323,Medium
10423,28,78.89,4,2208.92,2005-05-30,In Process,2,5,2005,Vintage Cars,97,S24_4258,Petit Auto,(02) 5554 67,Rue Joseph-Bens 532,N/A,Bruxelles,N/A,B-1180,Belgium,EMEA,Dewey,Catherine,Small,2005,5,2,May,Q2,2005-05,EMEA,2208.92,1629.6,579.3200000000002,26.226391177589054,Low
10106,26,63.76,3,1657.76,2003-02-17,Shipped,1,2,2003,Planes,72,S24_4278,Rovelli Gifts,035-640555,Via Ludovico il Moro 22,N/A,Bergamo,N/A,24100,Italy,EMEA,Rovelli,Giovanni,Small,2003,2,1,February,Q1,2003-02,EMEA,1657.76,1123.2,534.56,32.24592220828105,Low
10120,29,85.49,9,2479.21,2003-04-29,Shipped,2,4,2003,Planes,72,S24_4278,"Australian Collectors, Co.",03 9520 4555,636 St Kilda Road,Level 3,Melbourne,Victoria,3004,Australia,APAC,Ferguson,Peter,Small,2003,4,2,April,Q2,2003-04,APAC,2479.21,1252.8,1226.41,49.46777400865599,Low
10133,46,77.52,4,3565.92,2003-06-27,Shipped,2,6,2003,Planes,72,S24_4278,Euro Shopping Channel,(91) 555 94 44,"C/ Moralzarzal, 86",N/A,Madrid,N/A,28034,Spain,EMEA,Freyre,Diego,Medium,2003,6,2,June,Q2,2003-06,EMEA,3565.92,1987.1999999999998,1578.7200000000003,44.27244582043344,Medium
10145,33,84.77,15,2797.41,2003-08-25,Shipped,3,8,2003,Planes,72,S24_4278,Toys4GrownUps.com,6265557265,78934 Hillside Dr.,N/A,Pasadena,CA,90003,USA,NA,Young,Julie,Small,2003,8,3,August,Q3,2003-08,NA,2797.41,1425.6,1371.81,49.03857496755928,Low
10168,48,78.25,10,3756.0,2003-10-28,Shipped,4,10,2003,Planes,72,S24_4278,Technics Stores Inc.,6505556809,9408 Furth Circle,N/A,Burlingame,CA,94217,USA,NA,Hirano,Juri,Medium,2003,10,4,October,Q4,2003-10,NA,3756.0,2073.6,1682.4,44.79233226837061,Medium
10210,40,71.0,8,2840.0,2004-01-12,Shipped,1,1,2004,Planes,72,S24_4278,Osaka Souveniers Co.,+81 06 6342 5555,"Dojima Avanza 4F, 1-6-20 Dojima, Kita-ku",N/A,Osaka,Osaka,530-0003,Japan,Japan,Kentary,Mory,Small,2004,1,1,January,Q1,2004-01,Japan,2840.0,1728.0,1112.0,39.154929577464785,Low
10223,23,74.62,10,1716.26,2004-02-20,Shipped,1,2,2004,Planes,72,S24_4278,"Australian Collectors, Co.",03 9520 4555,636 St Kilda Road,Level 3,Melbourne,Victoria,3004,Australia,APAC,Ferguson,Peter,Small,2004,2,1,February,Q1,2004-02,APAC,1716.26,993.5999999999999,722.6600000000001,42.106673813990895,Low
10235,40,81.14,4,3245.6,2004-04-02,Shipped,2,4,2004,Planes,72,S24_4278,"Royal Canadian Collectables, Ltd.",(604) 555-4555,23 Tsawassen Blvd.,N/A,Tsawassen,BC,T2F 8M4,Canada,NA,Lincoln,Elizabeth,Medium,2004,4,2,April,Q2,2004-04,NA,3245.6,1728.0,1517.6,46.75868868622135,Medium
10250,37,74.62,5,2760.94,2004-05-11,Shipped,2,5,2004,Planes,72,S24_4278,The Sharp Gifts Warehouse,4085553659,3086 Ingle Ln.,N/A,San Jose,CA,94217,USA,NA,Frick,Sue,Small,2004,5,2,May,Q2,2004-05,NA,2760.94,1598.3999999999999,1162.5400000000002,42.106673813990895,Low
10263,24,75.35,11,1808.4,2004-06-28,Shipped,2,6,2004,Planes,72,S24_4278,Gift Depot Inc.,2035552570,25593 South Bay Ln.,N/A,Bridgewater,CT,97562,USA,NA,King,Julie,Small,2004,6,2,June,Q2,2004-06,NA,1808.4,1036.8,771.6000000000001,42.66755142667552,Low
10275,27,62.31,10,1682.37,2004-07-23,Shipped,3,7,2004,Planes,72,S24_4278,La Rochelle Gifts,40.67.8555,"67, rue des Cinquante Otages",N/A,Nantes,N/A,44000,France,EMEA,Labrune,Janine,Small,2004,7,3,July,Q3,2004-07,EMEA,1682.37,1166.3999999999999,515.97,30.669234472797307,Low
10284,21,71.0,2,1491.0,2004-08-21,Shipped,3,8,2004,Planes,72,S24_4278,"Norway Gifts By Mail, Co.",+47 2212 1555,"Drammensveien 126 A, PB 744 Sentrum",N/A,Oslo,N/A,N 0106,Norway,EMEA,Klaeboe,Jan,Small,2004,8,3,August,Q3,2004-08,EMEA,1491.0,907.1999999999999,583.8000000000001,39.15492957746479,Low
10297,23,72.45,5,1666.35,2004-09-16,Shipped,3,9,2004,Planes,72,S24_4278,"Clover Collections, Co.",+353 1862 1555,25 Maiden Lane,Floor No. 4,Dublin,N/A,2,Ireland,EMEA,Cassidy,Dean,Small,2004,9,3,September,Q3,2004-09,EMEA,1666.35,993.5999999999999,672.75,40.37267080745342,Low
10308,44,83.32,8,3666.08,2004-10-15,Shipped,4,10,2004,Planes,72,S24_4278,Mini Classics,9145554562,3758 North Pendale Street,N/A,White Plains,NY,24067,USA,NA,Frick,Steve,Medium,2004,10,4,October,Q4,2004-10,NA,3666.08,1900.8,1765.28,48.15170427268363,Medium
10317,35,83.32,1,2916.2,2004-11-02,Shipped,4,11,2004,Planes,72,S24_4278,Technics Stores Inc.,6505556809,9408 Furth Circle,N/A,Burlingame,CA,94217,USA,NA,Hirano,Juri,Small,2004,11,4,November,Q4,2004-11,NA,2916.2,1512.0,1404.1999999999998,48.151704272683624,Low
10328,43,60.86,4,2616.98,2004-11-12,Shipped,4,11,2004,Planes,72,S24_4278,Rovelli Gifts,035-640555,Via Ludovico il Moro 22,N/A,Bergamo,N/A,24100,Italy,EMEA,Rovelli,Giovanni,Small,2004,11,4,November,Q4,2004-11,EMEA,2616.98,1857.6,759.3800000000001,29.017417022674998,Low
10340,40,84.77,1,3390.8,2004-11-24,Shipped,4,11,2004,Planes,72,S24_4278,Enaco Distributors,(93) 203 4555,"Rambla de Catalu¤a, 23",N/A,Barcelona,N/A,8022,Spain,EMEA,Saavedra,Eduardo,Medium,2004,11,4,November,Q4,2004-11,EMEA,3390.8,1728.0,1662.8000000000002,49.03857496755928,Medium
10353,35,89.9,3,3146.5,2004-12-04,Shipped,4,12,2004,Planes,72,S24_4278,Gift Ideas Corp.,2035554407,2440 Pompton St.,N/A,Glendale,CT,97561,USA,NA,Lewis,Dan,Medium,2004,12,4,December,Q4,2004-12,NA,3146.5,1512.0,1634.5,51.94660734149055,Medium
10361,25,62.46,1,1561.5,2004-12-17,Shipped,4,12,2004,Planes,72,S24_4278,Souveniers And Things Co.,+61 2 9495 8555,"Monitor Money Building, 815 Pacific Hwy",Level 6,Chatswood,NSW,2067,Australia,APAC,Huxley,Adrian,Small,2004,12,4,December,Q4,2004-12,APAC,1561.5,1080.0,481.5,30.835734870317005,Low
10375,43,100.0,2,10039.6,2005-02-03,Shipped,1,2,2005,Planes,72,S24_4278,La Rochelle Gifts,40.67.8555,"67, rue des Cinquante Otages",N/A,Nantes,N/A,44000,France,EMEA,Labrune,Janine,Large,2005,2,1,February,Q1,2005-02,EMEA,10039.6,1857.6,8182.0,81.4972708076019,High
10386,50,63.34,8,3167.0,2005-03-01,Resolved,1,3,2005,Planes,72,S24_4278,Euro Shopping Channel,(91) 555 94 44,"C/ Moralzarzal, 86",N/A,Madrid,N/A,28034,Spain,EMEA,Freyre,Diego,Medium,2005,3,1,March,Q1,2005-03,EMEA,3167.0,2160.0,1007.0,31.796652983896433,Medium
10398,45,78.25,14,3521.25,2005-03-30,Shipped,1,3,2005,Planes,72,S24_4278,Reims Collectables,26.47.1555,59 rue de l'Abbaye,N/A,Reims,N/A,51100,France,EMEA,Henriot,Paul,Medium,2005,3,1,March,Q1,2005-03,EMEA,3521.25,1944.0,1577.25,44.79233226837061,Medium
10401,52,81.14,4,4219.28,2005-04-03,On Hold,2,4,2005,Planes,72,S24_4278,Tekni Collectables Inc.,2015559350,7476 Moss Rd.,N/A,Newark,NJ,94019,USA,NA,Brown,William,Medium,2005,4,2,April,Q2,2005-04,NA,4219.28,2246.4,1972.8799999999997,46.75868868622134,Medium
10416,48,74.62,5,3581.76,2005-05-10,Shipped,2,5,2005,Planes,72,S24_4278,L'ordine Souveniers,0522-556555,Strada Provinciale 124,N/A,Reggio Emilia,N/A,42100,Italy,EMEA,Moroni,Maurizio,Medium,2005,5,2,May,Q2,2005-05,EMEA,3581.76,2073.6,1508.1600000000003,42.106673813990895,Medium
10108,31,68.71,10,2130.01,2003-03-03,Shipped,1,3,2003,Classic Cars,80,S24_4620,Cruz & Sons Co.,+63 2 555 3587,15 McCallum Street - NatWest Center #13-03,N/A,Makati City,N/A,1227 MM,Philippines,Japan,Cruz,Arnold,Small,2003,3,1,March,Q1,2003-03,Japan,2130.01,1488.0,642.0100000000002,30.14117304613594,Low
10122,29,71.14,14,2063.06,2003-05-08,Shipped,2,5,2003,Classic Cars,80,S24_4620,Marseille Mini Autos,91.24.4555,"12, rue des Bouchers",N/A,Marseille,N/A,13008,France,EMEA,Lebihan,Laurence,Small,2003,5,2,May,Q2,2003-05,EMEA,2063.06,1392.0,671.06,32.52741073938712,Low
10135,23,87.31,11,2008.13,2003-07-02,Shipped,3,7,2003,Classic Cars,80,S24_4620,Mini Gifts Distributors Ltd.,4155551450,5677 Strong St.,N/A,San Rafael,CA,97562,USA,NA,Nelson,Valarie,Small,2003,7,3,July,Q3,2003-07,NA,2008.13,1104.0,904.1300000000001,45.02347955560646,Low
10147,31,64.67,11,2004.77,2003-09-05,Shipped,3,9,2003,Classic Cars,80,S24_4620,Collectables For Less Inc.,6175558555,7825 Douglas Av.,N/A,Brickhaven,MA,58339,USA,NA,Nelson,Allen,Small,2003,9,3,September,Q3,2003-09,NA,2004.77,1488.0,516.77,25.777021802999844,Low
10159,23,67.1,6,1543.3,2003-10-10,Shipped,4,10,2003,Classic Cars,80,S24_4620,Corporate Gift Ideas Co.,6505551386,7734 Strong St.,N/A,San Francisco,CA,N/A,USA,NA,Brown,Julie,Small,2003,10,4,October,Q4,2003-10,NA,1543.3,1104.0,439.29999999999995,28.46497764530551,Low
10169,24,94.58,6,2269.92,2003-11-04,Shipped,4,11,2003,Classic Cars,80,S24_4620,"Anna's Decorations, Ltd",02 9936 8555,201 Miller Street,Level 15,North Sydney,NSW,2060,Australia,APAC,O'Hara,Anna,Small,2003,11,4,November,Q4,2003-11,APAC,2269.92,1152.0,1117.92,49.249312751110175,Low
10180,28,71.14,1,1991.92,2003-11-11,Shipped,4,11,2003,Classic Cars,80,S24_4620,Daedalus Designs Imports,20.16.1555,"184, chausse de Tournai",N/A,Lille,N/A,59000,France,EMEA,Rance,Martine,Small,2003,11,4,November,Q4,2003-11,EMEA,1991.92,1344.0,647.9200000000001,32.52741073938712,Low
10191,44,66.29,7,2916.76,2003-11-20,Shipped,4,11,2003,Classic Cars,80,S24_4620,"Toms Spezialitten, Ltd",0221-5554327,Mehrheimerstr. 369,N/A,Koln,N/A,50739,Germany,EMEA,Pfalzheim,Henriette,Small,2003,11,4,November,Q4,2003-11,EMEA,2916.76,2112.0,804.7600000000002,27.59088852013879,Low
10211,22,92.16,6,2027.52,2004-01-15,Shipped,1,1,2004,Classic Cars,80,S24_4620,Auto Canal Petit,(1) 47.55.6555,"25, rue Lauriston",N/A,Paris,N/A,75016,France,EMEA,Perrier,Dominique,Small,2004,1,1,January,Q1,2004-01,EMEA,2027.52,1056.0,971.52,47.91666666666667,Low
10225,46,70.33,13,3235.18,2004-02-22,Shipped,1,2,2004,Classic Cars,80,S24_4620,"Vida Sport, Ltd",0897-034555,Grenzacherweg 237,N/A,Gensve,N/A,1203,Switzerland,EMEA,Holz,Michael,Medium,2004,2,1,February,Q1,2004-02,EMEA,3235.18,2208.0,1027.1799999999998,31.750319920375368,Medium
10238,22,93.77,7,2062.94,2004-04-09,Shipped,2,4,2004,Classic Cars,80,S24_4620,Danish Wholesale Imports,31 12 3555,Vinb'ltet 34,N/A,Kobenhavn,N/A,1734,Denmark,EMEA,Petersen,Jytte,Small,2004,4,2,April,Q2,2004-04,EMEA,2062.94,1056.0,1006.94,48.810920336994776,Low
10252,38,87.31,3,3317.78,2004-05-26,Shipped,2,5,2004,Classic Cars,80,S24_4620,Auto Canal Petit,(1) 47.55.6555,"25, rue Lauriston",N/A,Paris,N/A,75016,France,EMEA,Perrier,Dominique,Medium,2004,5,2,May,Q2,2004-05,EMEA,3317.78,1824.0,1493.7800000000002,45.02347955560646,Medium
10264,47,83.27,1,3913.69,2004-06-30,Shipped,2,6,2004,Classic Cars,80,S24_4620,Gifts4AllAges.com,6175559555,8616 Spinnaker Dr.,N/A,Boston,MA,51003,USA,NA,Yoshido,Juri,Medium,2004,6,2,June,Q2,2004-06,NA,3913.69,2256.0,1657.69,42.356190704935756,Medium
10276,48,75.18,7,3608.64,2004-08-02,Shipped,3,8,2004,Classic Cars,80,S24_4620,Online Mini Collectables,6175557555,7635 Spinnaker Dr.,N/A,Brickhaven,MA,58339,USA,NA,Barajas,Miguel,Medium,2004,8,3,August,Q3,2004-08,NA,3608.64,2304.0,1304.6399999999999,36.15323224261772,Medium
10287,40,88.12,16,3524.8,2004-08-30,Shipped,3,8,2004,Classic Cars,80,S24_4620,"Vida Sport, Ltd",0897-034555,Grenzacherweg 237,N/A,Gensve,N/A,1203,Switzerland,EMEA,Holz,Michael,Medium,2004,8,3,August,Q3,2004-08,EMEA,3524.8,1920.0,1604.8000000000002,45.52882433045847,Medium
10299,32,80.84,1,2586.88,2004-09-30,Shipped,3,9,2004,Classic Cars,80,S24_4620,"Toys of Finland, Co.",90-224 8555,Keskuskatu 45,N/A,Helsinki,N/A,21240,Finland,EMEA,Karttunen,Matti,Small,2004,9,3,September,Q3,2004-09,EMEA,2586.88,1536.0,1050.88,40.623453735774376,Low
10310,49,97.01,14,4753.49,2004-10-16,Shipped,4,10,2004,Classic Cars,80,S24_4620,"Toms Spezialitten, Ltd",0221-5554327,Mehrheimerstr. 369,N/A,Koln,N/A,50739,Germany,EMEA,Pfalzheim,Henriette,Medium,2004,10,4,October,Q4,2004-10,EMEA,4753.49,2352.0,2401.49,50.5205648902175,Medium
10319,43,85.69,2,3684.67,2004-11-03,Shipped,4,11,2004,Classic Cars,80,S24_4620,Microscale Inc.,2125551957,5290 North Pendale Street,Suite 200,NYC,NY,10022,USA,NA,Kuo,Kee,Medium,2004,11,4,November,Q4,2004-11,NA,3684.67,2064.0,1620.67,43.98412883650368,Medium
10331,41,100.0,2,5715.4,2004-11-17,Shipped,4,11,2004,Classic Cars,80,S24_4620,Motor Mint Distributors Inc.,2155559857,11328 Douglas Av.,N/A,Philadelphia,PA,71270,USA,NA,Hernandez,Rosa,Medium,2004,11,4,November,Q4,2004-11,NA,5715.4,1968.0,3747.3999999999996,65.56671449067431,Medium
10343,30,100.0,1,3098.7,2004-11-24,Shipped,4,11,2004,Classic Cars,80,S24_4620,Reims Collectables,26.47.1555,59 rue de l'Abbaye,N/A,Reims,N/A,51100,France,EMEA,Henriot,Paul,Medium,2004,11,4,November,Q4,2004-11,EMEA,3098.7,1440.0,1658.6999999999998,53.52889921580017,Medium
10355,28,95.39,9,2670.92,2004-12-07,Shipped,4,12,2004,Classic Cars,80,S24_4620,Euro Shopping Channel,(91) 555 94 44,"C/ Moralzarzal, 86",N/A,Madrid,N/A,28034,Spain,EMEA,Freyre,Diego,Small,2004,12,4,December,Q4,2004-12,EMEA,2670.92,1344.0,1326.92,49.68025998532341,Low
10363,43,100.0,9,5154.41,2005-01-06,Shipped,1,1,2005,Classic Cars,80,S24_4620,Suominen Souveniers,+358 9 8045 555,"Software Engineering Center, SEC Oy",N/A,Espoo,N/A,FIN-02271,Finland,EMEA,Suominen,Kalle,Medium,2005,1,1,January,Q1,2005-01,EMEA,5154.41,2064.0,3090.41,59.956619671310584,Medium
10378,41,100.0,2,4894.17,2005-02-10,Shipped,1,2,2005,Classic Cars,80,S24_4620,Euro Shopping Channel,(91) 555 94 44,"C/ Moralzarzal, 86",N/A,Madrid,N/A,28034,Spain,EMEA,Freyre,Diego,Medium,2005,2,1,February,Q1,2005-02,EMEA,4894.17,1968.0,2926.17,59.78889168132697,Medium
10390,30,82.42,10,2472.6,2005-03-04,Shipped,1,3,2005,Classic Cars,80,S24_4620,Mini Gifts Distributors Ltd.,4155551450,5677 Strong St.,N/A,San Rafael,CA,97562,USA,NA,Nelson,Valarie,Small,2005,3,1,March,Q1,2005-03,NA,2472.6,1440.0,1032.6,41.76170832322252,Low
10103,31,100.0,3,3224.31,2003-01-29,Shipped,1,1,2003,Trucks and Buses,96,S32_1268,Baane Mini Imports,07-98 9555,Erling Skakkes gate 78,N/A,Stavern,N/A,4110,Norway,EMEA,Bergulfsen,Jonas,Medium,2003,1,1,January,Q1,2003-01,EMEA,3224.31,1785.6,1438.71,44.620709547158924,Medium
10114,32,100.0,7,3667.52,2003-04-01,Shipped,2,4,2003,Trucks and Buses,96,S32_1268,"La Corne D'abondance, Co.",(1) 42.34.2555,"265, boulevard Charonne",N/A,Paris,N/A,75012,France,EMEA,Bertrand,Marie,Medium,2003,4,2,April,Q2,2003-04,EMEA,3667.52,1843.1999999999998,1824.3200000000002,49.74260535729867,Medium
10126,43,96.31,3,4141.33,2003-05-28,Shipped,2,5,2003,Trucks and Buses,96,S32_1268,"Corrida Auto Replicas, Ltd",(91) 555 22 82,"C/ Araquil, 67",N/A,Madrid,N/A,28023,Spain,EMEA,Sommer,Mart¡n,Medium,2003,5,2,May,Q2,2003-05,EMEA,4141.33,2476.7999999999997,1664.5300000000002,40.19312636278684,Medium
10140,26,100.0,3,2829.58,2003-07-24,Shipped,3,7,2003,Trucks and Buses,96,S32_1268,Technics Stores Inc.,6505556809,9408 Furth Circle,N/A,Burlingame,CA,94217,USA,NA,Hirano,Juri,Small,2003,7,3,July,Q3,2003-07,NA,2829.58,1497.6,1331.98,47.07341725627125,Low
10151,27,100.0,10,3068.55,2003-09-21,Shipped,3,9,2003,Trucks and Buses,96,S32_1268,"Oulu Toy Supplies, Inc.",981-443655,Torikatu 38,N/A,Oulu,N/A,90110,Finland,EMEA,Koskitalo,Pirkko,Medium,2003,9,3,September,Q3,2003-09,EMEA,3068.55,1555.2,1513.3500000000001,49.31808183018038,Medium
10164,24,100.0,1,2634.96,2003-10-21,Resolved,4,10,2003,Trucks and Buses,96,S32_1268,Mini Auto Werke,7675-3555,Kirchgasse 6,N/A,Graz,N/A,8010,Austria,EMEA,Mendel,Roland,Small,2003,10,4,October,Q4,2003-10,EMEA,2634.96,1382.3999999999999,1252.5600000000002,47.5362054831952,Low
10175,22,100.0,8,2436.72,2003-11-06,Shipped,4,11,2003,Trucks and Buses,96,S32_1268,"Stylish Desk Decors, Co.",(171) 555-0297,35 King George,N/A,London,N/A,WX3 6FW,UK,EMEA,Brown,Ann,Small,2003,11,4,November,Q4,2003-11,EMEA,2436.72,1267.2,1169.5199999999998,47.995666305525454,Low
10184,46,100.0,13,4607.36,2003-11-14,Shipped,4,11,2003,Trucks and Buses,96,S32_1268,"Iberia Gift Imports, Corp.",(95) 555 82 82,"C/ Romero, 33",N/A,Sevilla,N/A,41101,Spain,EMEA,Roel,Jose Pedro,Medium,2003,11,4,November,Q4,2003-11,EMEA,4607.36,2649.6,1957.7599999999998,42.49201277955271,Medium
10194,37,97.27,3,3598.99,2003-11-25,Shipped,4,11,2003,Trucks and Buses,96,S32_1268,"Saveley & Henriot, Co.",78.32.5555,"2, rue du Commerce",N/A,Lyon,N/A,69004,France,EMEA,Saveley,Mary,Medium,2003,11,4,November,Q4,2003-11,EMEA,3598.99,2131.2,1467.79,40.78338645008739,Medium
10207,49,80.9,14,3964.1,2003-12-09,Shipped,4,12,2003,Trucks and Buses,96,S32_1268,Diecast Collectables,6175552555,6251 Ingle Ln.,N/A,Boston,MA,51003,USA,NA,Franco,Valarie,Medium,2003,12,4,December,Q4,2003-12,NA,3964.1,2822.4,1141.6999999999998,28.80098887515451,Medium
10217,21,100.0,3,2244.9,2004-02-04,Shipped,1,2,2004,Trucks and Buses,96,S32_1268,Handji Gifts& Co,+65 224 1555,Village Close - 106 Linden Road Sandown,2nd Floor,Singapore,N/A,69045,Singapore,APAC,Victorino,Wendy,Small,2004,2,1,February,Q1,2004-02,APAC,2244.9,1209.6,1035.3000000000002,46.11786716557531,Low
10229,25,100.0,8,2793.0,2004-03-11,Shipped,1,3,2004,Trucks and Buses,96,S32_1268,Mini Gifts Distributors Ltd.,4155551450,5677 Strong St.,N/A,San Rafael,CA,97562,USA,NA,Nelson,Valarie,Small,2004,3,1,March,Q1,2004-03,NA,2793.0,1440.0,1353.0,48.442534908700324,Low
10245,37,100.0,1,4133.64,2004-05-04,Shipped,2,5,2004,Trucks and Buses,96,S32_1268,Super Scale Inc.,2035559545,567 North Pendale Street,N/A,New Haven,CT,97823,USA,NA,Murphy,Leslie,Medium,2004,5,2,May,Q2,2004-05,NA,4133.64,2131.2,2002.4400000000005,48.44253490870033,Medium
10259,45,86.68,11,3900.6,2004-06-15,Shipped,2,6,2004,Trucks and Buses,96,S32_1268,Handji Gifts& Co,+65 224 1555,Village Close - 106 Linden Road Sandown,2nd Floor,Singapore,N/A,69045,Singapore,APAC,Victorino,Wendy,Medium,2004,6,2,June,Q2,2004-06,APAC,3900.6,2592.0,1308.6,33.54868481772035,Medium
10270,32,85.72,1,2743.04,2004-07-19,Shipped,3,7,2004,Trucks and Buses,96,S32_1268,Souveniers And Things Co.,+61 2 9495 8555,"Monitor Money Building, 815 Pacific Hwy",Level 6,Chatswood,NSW,2067,Australia,APAC,Huxley,Adrian,Small,2004,7,3,July,Q3,2004-07,APAC,2743.04,1843.1999999999998,899.8400000000001,32.80447970135325,Low
10281,29,82.83,8,2402.07,2004-08-19,Shipped,3,8,2004,Trucks and Buses,96,S32_1268,Diecast Classics Inc.,2155551555,7586 Pompton St.,N/A,Allentown,PA,70267,USA,NA,Yu,Kyung,Small,2004,8,3,August,Q3,2004-08,NA,2402.07,1670.3999999999999,731.6700000000003,30.45997826874322,Low
10291,26,83.79,3,2178.54,2004-09-08,Shipped,3,9,2004,Trucks and Buses,96,S32_1268,Scandinavian Gift Ideas,0695-34 6555,?kergatan 24,N/A,Boras,N/A,S-844 67,Sweden,EMEA,Larsson,Maria,Small,2004,9,3,September,Q3,2004-09,EMEA,2178.54,1497.6,680.94,31.256713211600434,Low
10305,28,100.0,12,3155.04,2004-10-13,Shipped,4,10,2004,Trucks and Buses,96,S32_1268,Marta's Replicas Co.,6175558555,39323 Spinnaker Dr.,N/A,Cambridge,MA,51247,USA,NA,Hernandez,Marta,Medium,2004,10,4,October,Q4,2004-10,NA,3155.04,1612.8,1542.24,48.881789137380196,Medium
10313,27,87.64,6,2366.28,2004-10-22,Shipped,4,10,2004,Trucks and Buses,96,S32_1268,Canadian Gift Exchange Network,(604) 555-3392,1900 Oak St.,N/A,Vancouver,BC,V3F 2K1,Canada,NA,Tannamuri,Yoshi,Small,2004,10,4,October,Q4,2004-10,NA,2366.28,1555.2,811.0800000000002,34.276586033774535,Low
10324,20,98.18,11,1963.6,2004-11-05,Shipped,4,11,2004,Trucks and Buses,96,S32_1268,Vitachrome Inc.,2125551500,2678 Kingston Rd.,Suite 101,NYC,NY,10022,USA,NA,Frick,Michael,Small,2004,11,4,November,Q4,2004-11,NA,1963.6,1152.0,811.5999999999999,41.33224689346099,Low
10335,44,100.0,1,4746.28,2004-11-19,Shipped,4,11,2004,Trucks and Buses,96,S32_1268,Mini Gifts Distributors Ltd.,4155551450,5677 Strong St.,N/A,San Rafael,CA,97562,USA,NA,Nelson,Valarie,Medium,2004,11,4,November,Q4,2004-11,NA,4746.28,2534.4,2211.8799999999997,46.60239176786873,Medium
10348,42,100.0,3,6386.94,2004-11-01,Shipped,4,11,2004,Trucks and Buses,96,S32_1268,"Corrida Auto Replicas, Ltd",(91) 555 22 82,"C/ Araquil, 67",N/A,Madrid,N/A,28023,Spain,EMEA,Sommer,Mart¡n,Medium,2004,11,4,November,Q4,2004-11,EMEA,6386.94,2419.2,3967.74,62.12270664825409,High
10358,41,100.0,1,4428.0,2004-12-10,Shipped,4,12,2004,Trucks and Buses,96,S32_1268,Euro Shopping Channel,(91) 555 94 44,"C/ Moralzarzal, 86",N/A,Madrid,N/A,28034,Spain,EMEA,Freyre,Diego,Medium,2004,12,4,December,Q4,2004-12,EMEA,4428.0,2361.6,2066.4,46.666666666666664,Medium
10371,26,100.0,1,4044.04,2005-01-23,Shipped,1,1,2005,Trucks and Buses,96,S32_1268,Mini Gifts Distributors Ltd.,4155551450,5677 Strong St.,N/A,San Rafael,CA,97562,USA,NA,Nelson,Valarie,Medium,2005,1,1,January,Q1,2005-01,NA,4044.04,1497.6,2546.44,62.96772534396297,Medium
10382,26,100.0,6,2708.42,2005-02-17,Shipped,1,2,2005,Trucks and Buses,96,S32_1268,Mini Gifts Distributors Ltd.,4155551450,5677 Strong St.,N/A,San Rafael,CA,97562,USA,NA,Nelson,Valarie,Small,2005,2,1,February,Q1,2005-02,NA,2708.42,1497.6,1210.8200000000002,44.70576941537871,Low
10411,26,100.0,1,2904.72,2005-05-01,Shipped,2,5,2005,Trucks and Buses,96,S32_1268,Quebec Home Shopping Network,(514) 555-8054,43 rue St. Laurent,N/A,Montreal,Quebec,H1J 1C3,Canada,NA,Fresnisre,Jean,Small,2005,5,2,May,Q2,2005-05,NA,2904.72,1497.6,1407.12,48.442534908700324,Low
10425,41,86.68,11,3553.88,2005-05-31,In Process,2,5,2005,Trucks and Buses,96,S32_1268,La Rochelle Gifts,40.67.8555,"67, rue des Cinquante Otages",N/A,Nantes,N/A,44000,France,EMEA,Labrune,Janine,Medium,2005,5,2,May,Q2,2005-05,EMEA,3553.88,2361.6,1192.2800000000002,33.54868481772036,Medium
10107,20,92.9,8,1858.0,2003-02-24,Shipped,1,2,2003,Motorcycles,99,S32_1374,Land of Toys Inc.,2125557818,897 Long Airport Avenue,N/A,NYC,NY,10022,USA,NA,Yu,Kwai,Small,2003,2,1,February,Q1,2003-02,NA,1858.0,1188.0,670.0,36.06027987082885,Low
10120,22,100.0,6,2461.36,2003-04-29,Shipped,2,4,2003,Motorcycles,99,S32_1374,"Australian Collectors, Co.",03 9520 4555,636 St Kilda Road,Level 3,Melbourne,Victoria,3004,Australia,APAC,Ferguson,Peter,Small,2003,4,2,April,Q2,2003-04,APAC,2461.36,1306.8,1154.5600000000002,46.90740078655703,Low
10133,23,100.0,1,2642.01,2003-06-27,Shipped,2,6,2003,Motorcycles,99,S32_1374,Euro Shopping Channel,(91) 555 94 44,"C/ Moralzarzal, 86",N/A,Madrid,N/A,28034,Spain,EMEA,Freyre,Diego,Small,2003,6,2,June,Q2,2003-06,EMEA,2642.01,1366.2,1275.8100000000002,48.28937059284409,Low
10145,33,93.9,12,3098.7,2003-08-25,Shipped,3,8,2003,Motorcycles,99,S32_1374,Toys4GrownUps.com,6265557265,78934 Hillside Dr.,N/A,Pasadena,CA,90003,USA,NA,Young,Julie,Medium,2003,8,3,August,Q3,2003-08,NA,3098.7,1960.1999999999998,1138.5,36.74121405750799,Medium
10168,28,100.0,7,3244.36,2003-10-28,Shipped,4,10,2003,Motorcycles,99,S32_1374,Technics Stores Inc.,6505556809,9408 Furth Circle,N/A,Burlingame,CA,94217,USA,NA,Hirano,Juri,Medium,2003,10,4,October,Q4,2003-10,NA,3244.36,1663.2,1581.16,48.735652023819796,Medium
10188,44,98.89,7,4351.16,2003-11-18,Shipped,4,11,2003,Motorcycles,99,S32_1374,Herkku Gifts,+47 2267 3215,"Drammen 121, PR 744 Sentrum",N/A,Bergen,N/A,N 5804,Norway,EMEA,Oeztan,Veysel,Medium,2003,11,4,November,Q4,2003-11,EMEA,4351.16,2613.6,1737.56,39.93325917686318,Medium
10210,46,79.91,5,3675.86,2004-01-12,Shipped,1,1,2004,Motorcycles,99,S32_1374,Osaka Souveniers Co.,+81 06 6342 5555,"Dojima Avanza 4F, 1-6-20 Dojima, Kita-ku",N/A,Osaka,Osaka,530-0003,Japan,Japan,Kentary,Mory,Medium,2004,1,1,January,Q1,2004-01,Japan,3675.86,2732.4,943.46,25.666374671505444,Medium
10223,21,100.0,7,2475.27,2004-02-20,Shipped,1,2,2004,Motorcycles,99,S32_1374,"Australian Collectors, Co.",03 9520 4555,636 St Kilda Road,Level 3,Melbourne,Victoria,3004,Australia,APAC,Ferguson,Peter,Small,2004,2,1,February,Q1,2004-02,APAC,2475.27,1247.3999999999999,1227.8700000000001,49.60549758208196,Low
10235,41,100.0,1,4177.49,2004-04-02,Shipped,2,4,2004,Motorcycles,99,S32_1374,"Royal Canadian Collectables, Ltd.",(604) 555-4555,23 Tsawassen Blvd.,N/A,Tsawassen,BC,T2F 8M4,Canada,NA,Lincoln,Elizabeth,Medium,2004,4,2,April,Q2,2004-04,NA,4177.49,2435.4,1742.0899999999997,41.701835312592,Medium
10250,31,100.0,2,3282.28,2004-05-11,Shipped,2,5,2004,Motorcycles,99,S32_1374,The Sharp Gifts Warehouse,4085553659,3086 Ingle Ln.,N/A,San Jose,CA,94217,USA,NA,Frick,Sue,Medium,2004,5,2,May,Q2,2004-05,NA,3282.28,1841.3999999999999,1440.8800000000003,43.89875330562902,Medium
10263,31,79.91,8,2477.21,2004-06-28,Shipped,2,6,2004,Motorcycles,99,S32_1374,Gift Depot Inc.,2035552570,25593 South Bay Ln.,N/A,Bridgewater,CT,97562,USA,NA,King,Julie,Small,2004,6,2,June,Q2,2004-06,NA,2477.21,1841.3999999999999,635.8100000000002,25.666374671505448,Low
10275,23,81.91,7,1883.93,2004-07-23,Shipped,3,7,2004,Motorcycles,99,S32_1374,La Rochelle Gifts,40.67.8555,"67, rue des Cinquante Otages",N/A,Nantes,N/A,44000,France,EMEA,Labrune,Janine,Small,2004,7,3,July,Q3,2004-07,EMEA,1883.93,1366.2,517.73,27.481382004639237,Low
10285,37,98.89,12,3658.93,2004-08-27,Shipped,3,8,2004,Motorcycles,99,S32_1374,Marta's Replicas Co.,6175558555,39323 Spinnaker Dr.,N/A,Cambridge,MA,51247,USA,NA,Hernandez,Marta,Medium,2004,8,3,August,Q3,2004-08,NA,3658.93,2197.7999999999997,1461.13,39.93325917686318,Medium
10297,26,100.0,2,2856.88,2004-09-16,Shipped,3,9,2004,Motorcycles,99,S32_1374,"Clover Collections, Co.",+353 1862 1555,25 Maiden Lane,Floor No. 4,Dublin,N/A,2,Ireland,EMEA,Cassidy,Dean,Small,2004,9,3,September,Q3,2004-09,EMEA,2856.88,1544.3999999999999,1312.4800000000002,45.941026574444855,Low
10308,24,79.91,5,1917.84,2004-10-15,Shipped,4,10,2004,Motorcycles,99,S32_1374,Mini Classics,9145554562,3758 North Pendale Street,N/A,White Plains,NY,24067,USA,NA,Frick,Steve,Small,2004,10,4,October,Q4,2004-10,NA,1917.84,1425.6,492.24,25.666374671505444,Low
10318,47,100.0,7,5305.36,2004-11-02,Shipped,4,11,2004,Motorcycles,99,S32_1374,Diecast Classics Inc.,2155551555,7586 Pompton St.,N/A,Allentown,PA,70267,USA,NA,Yu,Kyung,Medium,2004,11,4,November,Q4,2004-11,NA,5305.36,2791.7999999999997,2513.56,47.377746279234586,Medium
10329,45,63.91,11,2875.95,2004-11-15,Shipped,4,11,2004,Motorcycles,99,S32_1374,Land of Toys Inc.,2125557818,897 Long Airport Avenue,N/A,NYC,NY,10022,USA,NA,Yu,Kwai,Small,2004,11,4,November,Q4,2004-11,NA,2875.95,2673.0,202.94999999999982,7.056798623063678,Low
10340,55,100.0,2,6482.85,2004-11-24,Shipped,4,11,2004,Motorcycles,99,S32_1374,Enaco Distributors,(93) 203 4555,"Rambla de Catalu¤a, 23",N/A,Barcelona,N/A,8022,Spain,EMEA,Saavedra,Eduardo,Medium,2004,11,4,November,Q4,2004-11,EMEA,6482.85,3267.0,3215.8500000000004,49.60549758208196,High
10353,46,81.17,5,3733.82,2004-12-04,Shipped,4,12,2004,Motorcycles,99,S32_1374,Gift Ideas Corp.,2035554407,2440 Pompton St.,N/A,Glendale,CT,97561,USA,NA,Lewis,Dan,Medium,2004,12,4,December,Q4,2004-12,NA,3733.82,2732.4,1001.4200000000001,26.82025378834545,Medium
10363,50,100.0,2,6576.5,2005-01-06,Shipped,1,1,2005,Motorcycles,99,S32_1374,Suominen Souveniers,+358 9 8045 555,"Software Engineering Center, SEC Oy",N/A,Espoo,N/A,FIN-02271,Finland,EMEA,Suominen,Kalle,Medium,2005,1,1,January,Q1,2005-01,EMEA,6576.5,2970.0,3606.5,54.83920018246787,High
10375,37,100.0,3,6353.27,2005-02-03,Shipped,1,2,2005,Motorcycles,99,S32_1374,La Rochelle Gifts,40.67.8555,"67, rue des Cinquante Otages",N/A,Nantes,N/A,44000,France,EMEA,Labrune,Janine,Medium,2005,2,1,February,Q1,2005-02,EMEA,6353.27,2197.7999999999997,4155.470000000001,65.40679051889816,High
10387,44,94.9,1,4175.6,2005-03-02,Shipped,1,3,2005,Motorcycles,99,S32_1374,"Dragon Souveniers, Ltd.",+65 221 7555,"Bronz Sok., Bronz Apt. 3/6 Tesvikiye",N/A,Singapore,N/A,79903,Singapore,Japan,Natividad,Eric,Medium,2005,3,1,March,Q1,2005-03,Japan,4175.6,2613.6,1562.0000000000005,37.40779768177029,Medium
10401,49,100.0,1,4992.61,2005-04-03,On Hold,2,4,2005,Motorcycles,99,S32_1374,Tekni Collectables Inc.,2015559350,7476 Moss Rd.,N/A,Newark,NJ,94019,USA,NA,Brown,William,Medium,2005,4,2,April,Q2,2005-04,NA,4992.61,2910.6,2082.0099999999998,41.70183531259201,Medium
10416,45,100.0,2,4764.6,2005-05-10,Shipped,2,5,2005,Motorcycles,99,S32_1374,L'ordine Souveniers,0522-556555,Strada Provinciale 124,N/A,Reggio Emilia,N/A,42100,Italy,EMEA,Moroni,Maurizio,Medium,2005,5,2,May,Q2,2005-05,EMEA,4764.6,2673.0,2091.6000000000004,43.898753305629015,Medium
10108,27,43.45,13,1173.15,2003-03-03,Shipped,1,3,2003,Motorcycles,40,S32_2206,Cruz & Sons Co.,+63 2 555 3587,15 McCallum Street - NatWest Center #13-03,N/A,Makati City,N/A,1227 MM,Philippines,Japan,Cruz,Arnold,Small,2003,3,1,March,Q1,2003-03,Japan,1173.15,648.0,525.1500000000001,44.764096662830845,Low
10122,31,44.66,17,1384.46,2003-05-08,Shipped,2,5,2003,Motorcycles,40,S32_2206,Marseille Mini Autos,91.24.4555,"12, rue des Bouchers",N/A,Marseille,N/A,13008,France,EMEA,Lebihan,Laurence,Small,2003,5,2,May,Q2,2003-05,EMEA,1384.46,744.0,640.46,46.26063591580833,Low
10135,33,40.23,14,1327.59,2003-07-02,Shipped,3,7,2003,Motorcycles,40,S32_2206,Mini Gifts Distributors Ltd.,4155551450,5677 Strong St.,N/A,San Rafael,CA,97562,USA,NA,Nelson,Valarie,Small,2003,7,3,July,Q3,2003-07,NA,1327.59,792.0,535.5899999999999,40.34302759134973,Low
10145,31,35.8,1,1109.8,2003-08-25,Shipped,3,8,2003,Motorcycles,40,S32_2206,Toys4GrownUps.com,6265557265,78934 Hillside Dr.,N/A,Pasadena,CA,90003,USA,NA,Young,Julie,Small,2003,8,3,August,Q3,2003-08,NA,1109.8,744.0,365.79999999999995,32.960893854748605,Low
10159,35,35.4,9,1239.0,2003-10-10,Shipped,4,10,2003,Motorcycles,40,S32_2206,Corporate Gift Ideas Co.,6505551386,7734 Strong St.,N/A,San Francisco,CA,N/A,USA,NA,Brown,Julie,Small,2003,10,4,October,Q4,2003-10,NA,1239.0,840.0,399.0,32.20338983050847,Low
10169,26,39.83,9,1035.58,2003-11-04,Shipped,4,11,2003,Motorcycles,40,S32_2206,"Anna's Decorations, Ltd",02 9936 8555,201 Miller Street,Level 15,North Sydney,NSW,2060,Australia,APAC,O'Hara,Anna,Small,2003,11,4,November,Q4,2003-11,APAC,1035.58,624.0,411.5799999999999,39.74391162440371,Low
10180,34,45.46,4,1545.64,2003-11-11,Shipped,4,11,2003,Motorcycles,40,S32_2206,Daedalus Designs Imports,20.16.1555,"184, chausse de Tournai",N/A,Lille,N/A,59000,France,EMEA,Rance,Martine,Small,2003,11,4,November,Q4,2003-11,EMEA,1545.64,816.0,729.6400000000001,47.20633523977123,Low
10190,46,32.99,1,1517.54,2003-11-19,Shipped,4,11,2003,Motorcycles,40,S32_2206,Euro Shopping Channel,(91) 555 94 44,"C/ Moralzarzal, 86",N/A,Madrid,N/A,28034,Spain,EMEA,Freyre,Diego,Small,2003,11,4,November,Q4,2003-11,EMEA,1517.54,1104.0,413.53999999999996,27.250682024856015,Low
10211,41,42.24,9,1731.84,2004-01-15,Shipped,1,1,2004,Motorcycles,40,S32_2206,Auto Canal Petit,(1) 47.55.6555,"25, rue Lauriston",N/A,Paris,N/A,75016,France,EMEA,Perrier,Dominique,Small,2004,1,1,January,Q1,2004-01,EMEA,1731.84,984.0,747.8399999999999,43.18181818181818,Low
10224,43,39.43,2,1695.49,2004-02-21,Shipped,1,2,2004,Motorcycles,40,S32_2206,Daedalus Designs Imports,20.16.1555,"184, chausse de Tournai",N/A,Lille,N/A,59000,France,EMEA,Rance,Martine,Small,2004,2,1,February,Q1,2004-02,EMEA,1695.49,1032.0,663.49,39.13264012173472,Low
10237,26,40.23,2,1045.98,2004-04-05,Shipped,2,4,2004,Motorcycles,40,S32_2206,Vitachrome Inc.,2125551500,2678 Kingston Rd.,Suite 101,NYC,NY,10022,USA,NA,Frick,Michael,Small,2004,4,2,April,Q2,2004-04,NA,1045.98,624.0,421.98,40.34302759134974,Low
10252,36,48.28,6,1738.08,2004-05-26,Shipped,2,5,2004,Motorcycles,40,S32_2206,Auto Canal Petit,(1) 47.55.6555,"25, rue Lauriston",N/A,Paris,N/A,75016,France,EMEA,Perrier,Dominique,Small,2004,5,2,May,Q2,2004-05,EMEA,1738.08,864.0,874.0799999999999,50.28997514498757,Low
10264,20,32.59,4,651.8,2004-06-30,Shipped,2,6,2004,Motorcycles,40,S32_2206,Gifts4AllAges.com,6175559555,8616 Spinnaker Dr.,N/A,Boston,MA,51003,USA,NA,Yoshido,Juri,Small,2004,6,2,June,Q2,2004-06,NA,651.8,480.0,171.79999999999995,26.357778459650195,Low
10276,27,36.61,10,988.47,2004-08-02,Shipped,3,8,2004,Motorcycles,40,S32_2206,Online Mini Collectables,6175557555,7635 Spinnaker Dr.,N/A,Brickhaven,MA,58339,USA,NA,Barajas,Miguel,Small,2004,8,3,August,Q3,2004-08,NA,988.47,648.0,340.47,34.44414094509697,Low
10285,37,41.03,1,1518.11,2004-08-27,Shipped,3,8,2004,Motorcycles,40,S32_2206,Marta's Replicas Co.,6175558555,39323 Spinnaker Dr.,N/A,Cambridge,MA,51247,USA,NA,Hernandez,Marta,Small,2004,8,3,August,Q3,2004-08,NA,1518.11,888.0,630.1099999999999,41.506214964659996,Low
10299,24,42.24,4,1013.76,2004-09-30,Shipped,3,9,2004,Motorcycles,40,S32_2206,"Toys of Finland, Co.",90-224 8555,Keskuskatu 45,N/A,Helsinki,N/A,21240,Finland,EMEA,Karttunen,Matti,Small,2004,9,3,September,Q3,2004-09,EMEA,1013.76,576.0,437.76,43.18181818181818,Low
10310,36,43.05,17,1549.8,2004-10-16,Shipped,4,10,2004,Motorcycles,40,S32_2206,"Toms Spezialitten, Ltd",0221-5554327,Mehrheimerstr. 369,N/A,Koln,N/A,50739,Germany,EMEA,Pfalzheim,Henriette,Small,2004,10,4,October,Q4,2004-10,EMEA,1549.8,864.0,685.8,44.25087108013937,Low
10319,29,38.22,5,1108.38,2004-11-03,Shipped,4,11,2004,Motorcycles,40,S32_2206,Microscale Inc.,2125551957,5290 North Pendale Street,Suite 200,NYC,NY,10022,USA,NA,Kuo,Kee,Small,2004,11,4,November,Q4,2004-11,NA,1108.38,696.0,412.3800000000001,37.205651491365785,Low
10331,28,100.0,3,4102.56,2004-11-17,Shipped,4,11,2004,Motorcycles,40,S32_2206,Motor Mint Distributors Inc.,2155559857,11328 Douglas Av.,N/A,Philadelphia,PA,71270,USA,NA,Hernandez,Rosa,Medium,2004,11,4,November,Q4,2004-11,NA,4102.56,672.0,3430.5600000000004,83.61998361998361,Medium
10343,29,100.0,5,3713.16,2004-11-24,Shipped,4,11,2004,Motorcycles,40,S32_2206,Reims Collectables,26.47.1555,59 rue de l'Abbaye,N/A,Reims,N/A,51100,France,EMEA,Henriot,Paul,Medium,2004,11,4,November,Q4,2004-11,EMEA,3713.16,696.0,3017.16,81.25585754451734,Medium
10355,38,39.83,10,1513.54,2004-12-07,Shipped,4,12,2004,Motorcycles,40,S32_2206,Euro Shopping Channel,(91) 555 94 44,"C/ Moralzarzal, 86",N/A,Madrid,N/A,28034,Spain,EMEA,Freyre,Diego,Small,2004,12,4,December,Q4,2004-12,EMEA,1513.54,912.0,601.54,39.743911624403715,Low
10364,48,48.28,1,2317.44,2005-01-06,Shipped,1,1,2005,Motorcycles,40,S32_2206,Marseille Mini Autos,91.24.4555,"12, rue des Bouchers",N/A,Marseille,N/A,13008,France,EMEA,Lebihan,Laurence,Small,2005,1,1,January,Q1,2005-01,EMEA,2317.44,1152.0,1165.44,50.28997514498757,Low
10378,40,82.46,1,3298.4,2005-02-10,Shipped,1,2,2005,Motorcycles,40,S32_2206,Euro Shopping Channel,(91) 555 94 44,"C/ Moralzarzal, 86",N/A,Madrid,N/A,28034,Spain,EMEA,Freyre,Diego,Medium,2005,2,1,February,Q1,2005-02,EMEA,3298.4,960.0,2338.4,70.89497938394373,Medium
10390,41,44.56,11,1826.96,2005-03-04,Shipped,1,3,2005,Motorcycles,40,S32_2206,Mini Gifts Distributors Ltd.,4155551450,5677 Strong St.,N/A,San Rafael,CA,97562,USA,NA,Nelson,Valarie,Small,2005,3,1,March,Q1,2005-03,NA,1826.96,984.0,842.96,46.14003590664273,Low
10403,30,40.23,2,1206.9,2005-04-08,Shipped,2,4,2005,Motorcycles,40,S32_2206,"UK Collectables, Ltd.",(171) 555-2282,Berkeley Gardens 12  Brewery,N/A,Liverpool,N/A,WX1 6LT,UK,EMEA,Devon,Elizabeth,Small,2005,4,2,April,Q2,2005-04,EMEA,1206.9,720.0,486.9000000000001,40.343027591349745,Low
10104,35,47.62,11,1666.7,2003-01-31,Shipped,1,1,2003,Trucks and Buses,54,S32_2509,Euro Shopping Channel,(91) 555 94 44,"C/ Moralzarzal, 86",N/A,Madrid,N/A,28034,Spain,EMEA,Freyre,Diego,Small,2003,1,1,January,Q1,2003-01,EMEA,1666.7,1134.0,532.7,31.96136077278455,Low
10114,28,55.73,2,1560.44,2003-04-01,Shipped,2,4,2003,Trucks and Buses,54,S32_2509,"La Corne D'abondance, Co.",(1) 42.34.2555,"265, boulevard Charonne",N/A,Paris,N/A,75012,France,EMEA,Bertrand,Marie,Small,2003,4,2,April,Q2,2003-04,EMEA,1560.44,907.1999999999999,653.2400000000001,41.862551588013645,Low
10127,45,51.95,13,2337.75,2003-06-03,Shipped,2,6,2003,Trucks and Buses,54,S32_2509,Muscle Machine Inc,2125557413,4092 Furth Circle,Suite 400,NYC,NY,10022,USA,NA,Young,Jeff,Small,2003,6,2,June,Q2,2003-06,NA,2337.75,1458.0,879.75,37.632338787295474,Low
10141,24,45.99,7,1103.76,2003-08-01,Shipped,3,8,2003,Trucks and Buses,54,S32_2509,Suominen Souveniers,+358 9 8045 555,"Software Engineering Center, SEC Oy",N/A,Espoo,N/A,FIN-02271,Finland,EMEA,Suominen,Kalle,Small,2003,8,3,August,Q3,2003-08,EMEA,1103.76,777.6,326.15999999999997,29.549902152641877,Low
10151,41,63.85,5,2617.85,2003-09-21,Shipped,3,9,2003,Trucks and Buses,54,S32_2509,"Oulu Toy Supplies, Inc.",981-443655,Torikatu 38,N/A,Oulu,N/A,90110,Finland,EMEA,Koskitalo,Pirkko,Small,2003,9,3,September,Q3,2003-09,EMEA,2617.85,1328.3999999999999,1289.45,49.256068911511356,Low
10165,48,45.99,14,2207.52,2003-10-22,Shipped,4,10,2003,Trucks and Buses,54,S32_2509,"Dragon Souveniers, Ltd.",+65 221 7555,"Bronz Sok., Bronz Apt. 3/6 Tesvikiye",N/A,Singapore,N/A,79903,Singapore,Japan,Natividad,Eric,Small,2003,10,4,October,Q4,2003-10,Japan,2207.52,1555.2,652.3199999999999,29.549902152641877,Low
10175,50,63.31,3,3165.5,2003-11-06,Shipped,4,11,2003,Trucks and Buses,54,S32_2509,"Stylish Desk Decors, Co.",(171) 555-0297,35 King George,N/A,London,N/A,WX3 6FW,UK,EMEA,Brown,Ann,Medium,2003,11,4,November,Q4,2003-11,EMEA,3165.5,1620.0,1545.5,48.82325067129995,Medium
10184,33,62.77,8,2071.41,2003-11-14,Shipped,4,11,2003,Trucks and Buses,54,S32_2509,"Iberia Gift Imports, Corp.",(95) 555 82 82,"C/ Romero, 33",N/A,Sevilla,N/A,41101,Spain,EMEA,Roel,Jose Pedro,Small,2003,11,4,November,Q4,2003-11,EMEA,2071.41,1069.2,1002.2099999999998,48.38298550262864,Low
10195,32,43.29,8,1385.28,2003-11-25,Shipped,4,11,2003,Trucks and Buses,54,S32_2509,Mini Classics,9145554562,3758 North Pendale Street,N/A,White Plains,NY,24067,USA,NA,Frick,Steve,Small,2003,11,4,November,Q4,2003-11,NA,1385.28,1036.8,348.48,25.155925155925157,Low
10207,27,60.06,9,1621.62,2003-12-09,Shipped,4,12,2003,Trucks and Buses,54,S32_2509,Diecast Collectables,6175552555,6251 Ingle Ln.,N/A,Boston,MA,51003,USA,NA,Franco,Valarie,Small,2003,12,4,December,Q4,2003-12,NA,1621.62,874.8,746.8199999999999,46.053946053946056,Low
10219,35,55.19,4,1931.65,2004-02-10,Shipped,1,2,2004,Trucks and Buses,54,S32_2509,Signal Collectibles Ltd.,4155554312,2793 Furth Circle,N/A,Brisbane,CA,94217,USA,NA,Taylor,Sue,Small,2004,2,1,February,Q1,2004-02,NA,1931.65,1134.0,797.6500000000001,41.293712629099474,Low
10229,23,54.11,3,1244.53,2004-03-11,Shipped,1,3,2004,Trucks and Buses,54,S32_2509,Mini Gifts Distributors Ltd.,4155551450,5677 Strong St.,N/A,San Rafael,CA,97562,USA,NA,Nelson,Valarie,Small,2004,3,1,March,Q1,2004-03,NA,1244.53,745.1999999999999,499.33000000000004,40.12197375716134,Low
10246,35,48.7,7,1704.5,2004-05-05,Shipped,2,5,2004,Trucks and Buses,54,S32_2509,Euro Shopping Channel,(91) 555 94 44,"C/ Moralzarzal, 86",N/A,Madrid,N/A,28034,Spain,EMEA,Freyre,Diego,Small,2004,5,2,May,Q2,2004-05,EMEA,1704.5,1134.0,570.5,33.47022587268994,Low
10259,40,43.83,6,1753.2,2004-06-15,Shipped,2,6,2004,Trucks and Buses,54,S32_2509,Handji Gifts& Co,+65 224 1555,Village Close - 106 Linden Road Sandown,2nd Floor,Singapore,N/A,69045,Singapore,APAC,Victorino,Wendy,Small,2004,6,2,June,Q2,2004-06,APAC,1753.2,1296.0,457.20000000000005,26.07802874743327,Low
10271,35,47.62,7,1666.7,2004-07-20,Shipped,3,7,2004,Trucks and Buses,54,S32_2509,Mini Gifts Distributors Ltd.,4155551450,5677 Strong St.,N/A,San Rafael,CA,97562,USA,NA,Nelson,Valarie,Small,2004,7,3,July,Q3,2004-07,NA,1666.7,1134.0,532.7,31.96136077278455,Low
10281,31,55.19,3,1710.89,2004-08-19,Shipped,3,8,2004,Trucks and Buses,54,S32_2509,Diecast Classics Inc.,2155551555,7586 Pompton St.,N/A,Allentown,PA,70267,USA,NA,Yu,Kyung,Small,2004,8,3,August,Q3,2004-08,NA,1710.89,1004.4,706.4900000000001,41.293712629099474,Low
10292,50,46.53,10,2326.5,2004-09-08,Shipped,3,9,2004,Trucks and Buses,54,S32_2509,Land of Toys Inc.,2125557818,897 Long Airport Avenue,N/A,NYC,NY,10022,USA,NA,Yu,Kwai,Small,2004,9,3,September,Q3,2004-09,NA,2326.5,1620.0,706.5,30.36750483558994,Low
10305,40,57.9,7,2316.0,2004-10-13,Shipped,4,10,2004,Trucks and Buses,54,S32_2509,Marta's Replicas Co.,6175558555,39323 Spinnaker Dr.,N/A,Cambridge,MA,51247,USA,NA,Hernandez,Marta,Small,2004,10,4,October,Q4,2004-10,NA,2316.0,1296.0,1020.0,44.04145077720207,Low
10313,38,45.45,1,1727.1,2004-10-22,Shipped,4,10,2004,Trucks and Buses,54,S32_2509,Canadian Gift Exchange Network,(604) 555-3392,1900 Oak St.,N/A,Vancouver,BC,V3F 2K1,Canada,NA,Tannamuri,Yoshi,Small,2004,10,4,October,Q4,2004-10,NA,1727.1,1231.2,495.89999999999986,28.712871287128706,Low
10325,38,100.0,3,8844.12,2004-11-05,Shipped,4,11,2004,Trucks and Buses,54,S32_2509,Baane Mini Imports,07-98 9555,Erling Skakkes gate 78,N/A,Stavern,N/A,4110,Norway,EMEA,Bergulfsen,Jonas,Large,2004,11,4,November,Q4,2004-11,EMEA,8844.12,1231.2,7612.920000000001,86.07888631090488,High
10335,40,60.6,3,2424.0,2004-11-19,Shipped,4,11,2004,Trucks and Buses,54,S32_2509,Mini Gifts Distributors Ltd.,4155551450,5677 Strong St.,N/A,San Rafael,CA,97562,USA,NA,Nelson,Valarie,Small,2004,11,4,November,Q4,2004-11,NA,2424.0,1296.0,1128.0,46.53465346534654,Low
10349,33,46.53,1,1535.49,2004-12-01,Shipped,4,12,2004,Trucks and Buses,54,S32_2509,Muscle Machine Inc,2125557413,4092 Furth Circle,Suite 400,NYC,NY,10022,USA,NA,Young,Jeff,Small,2004,12,4,December,Q4,2004-12,NA,1535.49,1069.2,466.28999999999996,30.367504835589937,Low
10359,36,100.0,3,6358.68,2004-12-15,Shipped,4,12,2004,Trucks and Buses,54,S32_2509,Reims Collectables,26.47.1555,59 rue de l'Abbaye,N/A,Reims,N/A,51100,France,EMEA,Henriot,Paul,Medium,2004,12,4,December,Q4,2004-12,EMEA,6358.68,1166.3999999999999,5192.280000000001,81.6565702315575,High
10371,20,66.47,2,1329.4,2005-01-23,Shipped,1,1,2005,Trucks and Buses,54,S32_2509,Mini Gifts Distributors Ltd.,4155551450,5677 Strong St.,N/A,San Rafael,CA,97562,USA,NA,Nelson,Valarie,Small,2005,1,1,January,Q1,2005-01,NA,1329.4,648.0,681.4000000000001,51.25620580713104,Low
10383,32,53.18,5,1701.76,2005-02-22,Shipped,1,2,2005,Trucks and Buses,54,S32_2509,Euro Shopping Channel,(91) 555 94 44,"C/ Moralzarzal, 86",N/A,Madrid,N/A,28034,Spain,EMEA,Freyre,Diego,Small,2005,2,1,February,Q1,2005-02,EMEA,1701.76,1036.8,664.96,39.07484016547574,Low
10394,36,62.77,3,2259.72,2005-03-15,Shipped,1,3,2005,Trucks and Buses,54,S32_2509,Euro Shopping Channel,(91) 555 94 44,"C/ Moralzarzal, 86",N/A,Madrid,N/A,28034,Spain,EMEA,Freyre,Diego,Small,2005,3,1,March,Q1,2005-03,EMEA,2259.72,1166.3999999999999,1093.32,48.38298550262864,Low
10412,19,48.7,7,925.3,2005-05-03,Shipped,2,5,2005,Trucks and Buses,54,S32_2509,Euro Shopping Channel,(91) 555 94 44,"C/ Moralzarzal, 86",N/A,Madrid,N/A,28034,Spain,EMEA,Freyre,Diego,Small,2005,5,2,May,Q2,2005-05,EMEA,925.3,615.6,309.69999999999993,33.47022587268994,Low
10425,11,43.83,6,482.13,2005-05-31,In Process,2,5,2005,Trucks and Buses,54,S32_2509,La Rochelle Gifts,40.67.8555,"67, rue des Cinquante Otages",N/A,Nantes,N/A,44000,France,EMEA,Labrune,Janine,Small,2005,5,2,May,Q2,2005-05,EMEA,482.13,356.4,125.73000000000002,26.07802874743327,Low
10104,49,65.87,4,3227.63,2003-01-31,Shipped,1,1,2003,Trains,62,S32_3207,Euro Shopping Channel,(91) 555 94 44,"C/ Moralzarzal, 86",N/A,Madrid,N/A,28034,Spain,EMEA,Freyre,Diego,Medium,2003,1,1,January,Q1,2003-01,EMEA,3227.63,1822.8,1404.8300000000002,43.525125246698046,Medium
10116,27,63.38,1,1711.26,2003-04-11,Shipped,2,4,2003,Trains,62,S32_3207,Royale Belge,(071) 23 67 2555,"Boulevard Tirou, 255",N/A,Charleroi,N/A,B-6000,Belgium,EMEA,Cartrain,Pascale,Small,2003,4,2,April,Q2,2003-04,EMEA,1711.26,1004.4,706.86,41.30640580624803,Low
10127,29,70.84,6,2054.36,2003-06-03,Shipped,2,6,2003,Trains,62,S32_3207,Muscle Machine Inc,2125557413,4092 Furth Circle,Suite 400,NYC,NY,10022,USA,NA,Young,Jeff,Small,2003,6,2,June,Q2,2003-06,NA,2054.36,1078.8,975.5600000000002,47.487295313382276,Low
10142,42,74.57,16,3131.94,2003-08-08,Shipped,3,8,2003,Trains,62,S32_3207,Mini Gifts Distributors Ltd.,4155551450,5677 Strong St.,N/A,San Rafael,CA,97562,USA,NA,Nelson,Valarie,Medium,2003,8,3,August,Q3,2003-08,NA,3131.94,1562.3999999999999,1569.5400000000002,50.11398685798579,Medium
10152,33,50.95,2,1681.35,2003-09-25,Shipped,3,9,2003,Trains,62,S32_3207,"Australian Gift Network, Co",61-7-3844-6555,31 Duncan St. West End,N/A,South Brisbane,Queensland,4101,Australia,APAC,Calaghan,Tony,Small,2003,9,3,September,Q3,2003-09,APAC,1681.35,1227.6,453.75,26.987242394504417,Low
10165,44,53.44,7,2351.36,2003-10-22,Shipped,4,10,2003,Trains,62,S32_3207,"Dragon Souveniers, Ltd.",+65 221 7555,"Bronz Sok., Bronz Apt. 3/6 Tesvikiye",N/A,Singapore,N/A,79903,Singapore,Japan,Natividad,Eric,Small,2003,10,4,October,Q4,2003-10,Japan,2351.36,1636.8,714.5600000000002,30.38922155688623,Low
10176,22,64.0,6,1408.0,2003-11-06,Shipped,4,11,2003,Trains,62,S32_3207,L'ordine Souveniers,0522-556555,Strada Provinciale 124,N/A,Reggio Emilia,N/A,42100,Italy,EMEA,Moroni,Maurizio,Small,2003,11,4,November,Q4,2003-11,EMEA,1408.0,818.4,589.6,41.875,Low
10184,48,50.95,1,2445.6,2003-11-14,Shipped,4,11,2003,Trains,62,S32_3207,"Iberia Gift Imports, Corp.",(95) 555 82 82,"C/ Romero, 33",N/A,Sevilla,N/A,41101,Spain,EMEA,Roel,Jose Pedro,Small,2003,11,4,November,Q4,2003-11,EMEA,2445.6,1785.6,660.0,26.987242394504417,Low
10195,33,54.68,1,1804.44,2003-11-25,Shipped,4,11,2003,Trains,62,S32_3207,Mini Classics,9145554562,3758 North Pendale Street,N/A,White Plains,NY,24067,USA,NA,Frick,Steve,Small,2003,11,4,November,Q4,2003-11,NA,1804.44,1227.6,576.8400000000001,31.967812728602784,Low
10207,45,56.55,2,2544.75,2003-12-09,Shipped,4,12,2003,Trains,62,S32_3207,Diecast Collectables,6175552555,6251 Ingle Ln.,N/A,Boston,MA,51003,USA,NA,Franco,Valarie,Small,2003,12,4,December,Q4,2003-12,NA,2544.75,1674.0,870.75,34.217506631299734,Low
10220,20,52.82,6,1056.4,2004-02-12,Shipped,1,2,2004,Trains,62,S32_3207,"Clover Collections, Co.",+353 1862 1555,25 Maiden Lane,Floor No. 4,Dublin,N/A,2,Ireland,EMEA,Cassidy,Dean,Small,2004,2,1,February,Q1,2004-02,EMEA,1056.4,744.0,312.4000000000001,29.5721317682696,Low
10230,46,60.9,4,2801.4,2004-03-15,Shipped,1,3,2004,Trains,62,S32_3207,"Blauer See Auto, Co.",+49 69 66 90 2555,Lyonerstr. 34,N/A,Frankfurt,N/A,60528,Germany,EMEA,Keitel,Roland,Small,2004,3,1,March,Q1,2004-03,EMEA,2801.4,1711.2,1090.2,38.91625615763547,Low
10247,40,49.71,6,1988.4,2004-05-05,Shipped,2,5,2004,Trains,62,S32_3207,Suominen Souveniers,+358 9 8045 555,"Software Engineering Center, SEC Oy",N/A,Espoo,N/A,FIN-02271,Finland,EMEA,Suominen,Kalle,Small,2004,5,2,May,Q2,2004-05,EMEA,1988.4,1488.0,500.4000000000001,25.165962582981294,Low
10272,45,64.63,6,2908.35,2004-07-20,Shipped,3,7,2004,Trains,62,S32_3207,Diecast Classics Inc.,2155551555,7586 Pompton St.,N/A,Allentown,PA,70267,USA,NA,Yu,Kyung,Small,2004,7,3,July,Q3,2004-07,NA,2908.35,1674.0,1234.35,42.44159059260405,Low
10282,36,59.65,9,2147.4,2004-08-20,Shipped,3,8,2004,Trains,62,S32_3207,Mini Gifts Distributors Ltd.,4155551450,5677 Strong St.,N/A,San Rafael,CA,97562,USA,NA,Nelson,Valarie,Small,2004,8,3,August,Q3,2004-08,NA,2147.4,1339.2,808.2,37.63621123218776,Low
10292,31,67.73,3,2099.63,2004-09-08,Shipped,3,9,2004,Trains,62,S32_3207,Land of Toys Inc.,2125557818,897 Long Airport Avenue,N/A,NYC,NY,10022,USA,NA,Yu,Kwai,Small,2004,9,3,September,Q3,2004-09,NA,2099.63,1153.2,946.4300000000001,45.07603720655544,Low
10306,46,50.33,17,2315.18,2004-10-14,Shipped,4,10,2004,Trains,62,S32_3207,"AV Stores, Co.",(171) 555-1555,Fauntleroy Circus,N/A,Manchester,N/A,EC2 5NT,UK,EMEA,Ashworth,Victoria,Small,2004,10,4,October,Q4,2004-10,EMEA,2315.18,1711.2,603.9799999999998,26.087820385455984,Low
10314,35,66.49,9,2327.15,2004-10-22,Shipped,4,10,2004,Trains,62,S32_3207,Heintze Collectables,86 21 3555,Smagsloget 45,N/A,Aaarhus,N/A,8200,Denmark,EMEA,Ibsen,Palle,Small,2004,10,4,October,Q4,2004-10,EMEA,2327.15,1302.0,1025.15,44.05173710332381,Low
10325,28,100.0,2,5377.4,2004-11-05,Shipped,4,11,2004,Trains,62,S32_3207,Baane Mini Imports,07-98 9555,Erling Skakkes gate 78,N/A,Stavern,N/A,4110,Norway,EMEA,Bergulfsen,Jonas,Medium,2004,11,4,November,Q4,2004-11,EMEA,5377.4,1041.6,4335.799999999999,80.63004425930747,Medium
10336,31,84.71,9,2626.01,2004-11-20,Shipped,4,11,2004,Trains,62,S32_3207,"La Corne D'abondance, Co.",(1) 42.34.2555,"265, boulevard Charonne",N/A,Paris,N/A,75012,France,EMEA,Bertrand,Marie,Small,2004,11,4,November,Q4,2004-11,EMEA,2626.01,1153.2,1472.8100000000002,56.0854680675245,Low
10350,27,100.0,14,4406.4,2004-12-02,Shipped,4,12,2004,Trains,62,S32_3207,Euro Shopping Channel,(91) 555 94 44,"C/ Moralzarzal, 86",N/A,Madrid,N/A,28034,Spain,EMEA,Freyre,Diego,Medium,2004,12,4,December,Q4,2004-12,EMEA,4406.4,1004.4,3401.9999999999995,77.20588235294117,Medium
10359,22,100.0,1,4301.22,2004-12-15,Shipped,4,12,2004,Trains,62,S32_3207,Reims Collectables,26.47.1555,59 rue de l'Abbaye,N/A,Reims,N/A,51100,France,EMEA,Henriot,Paul,Medium,2004,12,4,December,Q4,2004-12,EMEA,4301.22,818.4,3482.82,80.97284026392512,Medium
10371,30,99.55,11,2986.5,2005-01-23,Shipped,1,1,2005,Trains,62,S32_3207,Mini Gifts Distributors Ltd.,4155551450,5677 Strong St.,N/A,San Rafael,CA,97562,USA,NA,Nelson,Valarie,Small,2005,1,1,January,Q1,2005-01,NA,2986.5,1116.0,1870.5,62.631843294826716,Low
10383,44,36.07,8,1587.08,2005-02-22,Shipped,1,2,2005,Trains,62,S32_3207,Euro Shopping Channel,(91) 555 94 44,"C/ Moralzarzal, 86",N/A,Madrid,N/A,28034,Spain,EMEA,Freyre,Diego,Small,2005,2,1,February,Q1,2005-02,EMEA,1587.08,1636.8,-49.72000000000003,-3.1327973385084578,Low
10394,30,60.28,4,1808.4,2005-03-15,Shipped,1,3,2005,Trains,62,S32_3207,Euro Shopping Channel,(91) 555 94 44,"C/ Moralzarzal, 86",N/A,Madrid,N/A,28034,Spain,EMEA,Freyre,Diego,Small,2005,3,1,March,Q1,2005-03,EMEA,1808.4,1116.0,692.4000000000001,38.28798938287989,Low
10413,24,49.71,6,1193.04,2005-05-05,Shipped,2,5,2005,Trains,62,S32_3207,Gift Depot Inc.,2035552570,25593 South Bay Ln.,N/A,Bridgewater,CT,97562,USA,NA,King,Julie,Small,2005,5,2,May,Q2,2005-05,NA,1193.04,892.8,300.24,25.165962582981294,Low
10103,45,75.63,7,3403.35,2003-01-29,Shipped,1,1,2003,Trucks and Buses,64,S32_3522,Baane Mini Imports,07-98 9555,Erling Skakkes gate 78,N/A,Stavern,N/A,4110,Norway,EMEA,Bergulfsen,Jonas,Medium,2003,1,1,January,Q1,2003-01,EMEA,3403.35,1728.0,1675.35,49.226497421658074,Medium
10113,23,68.52,1,1575.96,2003-03-26,Shipped,1,3,2003,Trucks and Buses,64,S32_3522,Mini Gifts Distributors Ltd.,4155551450,5677 Strong St.,N/A,San Rafael,CA,97562,USA,NA,Nelson,Valarie,Small,2003,3,1,March,Q1,2003-03,NA,1575.96,883.1999999999999,692.7600000000001,43.95796847635727,Low
10126,26,62.7,7,1630.2,2003-05-28,Shipped,2,5,2003,Trucks and Buses,64,S32_3522,"Corrida Auto Replicas, Ltd",(91) 555 22 82,"C/ Araquil, 67",N/A,Madrid,N/A,28023,Spain,EMEA,Sommer,Mart¡n,Small,2003,5,2,May,Q2,2003-05,EMEA,1630.2,998.4,631.8000000000001,38.75598086124402,Low
10140,28,60.76,7,1701.28,2003-07-24,Shipped,3,7,2003,Trucks and Buses,64,S32_3522,Technics Stores Inc.,6505556809,9408 Furth Circle,N/A,Burlingame,CA,94217,USA,NA,Hirano,Juri,Small,2003,7,3,July,Q3,2003-07,NA,1701.28,1075.2,626.0799999999999,36.80052666227781,Low
10150,49,58.18,4,2850.82,2003-09-19,Shipped,3,9,2003,Trucks and Buses,64,S32_3522,"Dragon Souveniers, Ltd.",+65 221 7555,"Bronz Sok., Bronz Apt. 3/6 Tesvikiye",N/A,Singapore,N/A,79903,Singapore,Japan,Natividad,Eric,Small,2003,9,3,September,Q3,2003-09,Japan,2850.82,1881.6,969.2200000000003,33.99793743554487,Low
10164,49,54.94,5,2692.06,2003-10-21,Resolved,4,10,2003,Trucks and Buses,64,S32_3522,Mini Auto Werke,7675-3555,Kirchgasse 6,N/A,Graz,N/A,8010,Austria,EMEA,Mendel,Roland,Small,2003,10,4,October,Q4,2003-10,EMEA,2692.06,1881.6,810.46,30.105569712413544,Low
10175,29,74.98,12,2174.42,2003-11-06,Shipped,4,11,2003,Trucks and Buses,64,S32_3522,"Stylish Desk Decors, Co.",(171) 555-0297,35 King George,N/A,London,N/A,WX3 6FW,UK,EMEA,Brown,Ann,Small,2003,11,4,November,Q4,2003-11,EMEA,2174.42,1113.6,1060.8200000000002,48.78634302480662,Low
10183,49,64.64,4,3167.36,2003-11-13,Shipped,4,11,2003,Trucks and Buses,64,S32_3522,"Classic Gift Ideas, Inc",2155554695,782 First Street,N/A,Philadelphia,PA,71270,USA,NA,Cervantes,Francisca,Medium,2003,11,4,November,Q4,2003-11,NA,3167.36,1881.6,1285.7600000000002,40.5940594059406,Medium
10194,39,54.94,7,2142.66,2003-11-25,Shipped,4,11,2003,Trucks and Buses,64,S32_3522,"Saveley & Henriot, Co.",78.32.5555,"2, rue du Commerce",N/A,Lyon,N/A,69004,France,EMEA,Saveley,Mary,Small,2003,11,4,November,Q4,2003-11,EMEA,2142.66,1497.6,645.06,30.105569712413544,Low
10206,36,58.82,2,2117.52,2003-12-05,Shipped,4,12,2003,Trucks and Buses,64,S32_3522,Canadian Gift Exchange Network,(604) 555-3392,1900 Oak St.,N/A,Vancouver,BC,V3F 2K1,Canada,NA,Tannamuri,Yoshi,Small,2003,12,4,December,Q4,2003-12,NA,2117.52,1382.3999999999999,735.1200000000001,34.71608296497791,Low
10217,39,62.05,7,2419.95,2004-02-04,Shipped,1,2,2004,Trucks and Buses,64,S32_3522,Handji Gifts& Co,+65 224 1555,Village Close - 106 Linden Road Sandown,2nd Floor,Singapore,N/A,69045,Singapore,APAC,Victorino,Wendy,Small,2004,2,1,February,Q1,2004-02,APAC,2419.95,1497.6,922.3499999999999,38.11442385173247,Low
10229,30,73.04,12,2191.2,2004-03-11,Shipped,1,3,2004,Trucks and Buses,64,S32_3522,Mini Gifts Distributors Ltd.,4155551450,5677 Strong St.,N/A,San Rafael,CA,97562,USA,NA,Nelson,Valarie,Small,2004,3,1,March,Q1,2004-03,NA,2191.2,1152.0,1039.1999999999998,47.426067907995616,Low
10245,44,69.16,5,3043.04,2004-05-04,Shipped,2,5,2004,Trucks and Buses,64,S32_3522,Super Scale Inc.,2035559545,567 North Pendale Street,N/A,New Haven,CT,97823,USA,NA,Murphy,Leslie,Medium,2004,5,2,May,Q2,2004-05,NA,3043.04,1689.6,1353.44,44.476576055523424,Medium
10258,20,61.41,2,1228.2,2004-06-15,Shipped,2,6,2004,Trucks and Buses,64,S32_3522,"Tokyo Collectables, Ltd",+81 3 3584 0555,2-2-8 Roppongi,N/A,Minato-ku,Tokyo,106-0032,Japan,Japan,Shimamura,Akiko,Small,2004,6,2,June,Q2,2004-06,Japan,1228.2,768.0,460.20000000000005,37.469467513434296,Low
10270,21,63.35,5,1330.35,2004-07-19,Shipped,3,7,2004,Trucks and Buses,64,S32_3522,Souveniers And Things Co.,+61 2 9495 8555,"Monitor Money Building, 815 Pacific Hwy",Level 6,Chatswood,NSW,2067,Australia,APAC,Huxley,Adrian,Small,2004,7,3,July,Q3,2004-07,APAC,1330.35,806.4,523.9499999999999,39.384372533543804,Low
10281,36,77.57,12,2792.52,2004-08-19,Shipped,3,8,2004,Trucks and Buses,64,S32_3522,Diecast Classics Inc.,2155551555,7586 Pompton St.,N/A,Allentown,PA,70267,USA,NA,Yu,Kyung,Small,2004,8,3,August,Q3,2004-08,NA,2792.52,1382.3999999999999,1410.1200000000001,50.49632589918783,Low
10291,32,71.75,7,2296.0,2004-09-08,Shipped,3,9,2004,Trucks and Buses,64,S32_3522,Scandinavian Gift Ideas,0695-34 6555,?kergatan 24,N/A,Boras,N/A,S-844 67,Sweden,EMEA,Larsson,Maria,Small,2004,9,3,September,Q3,2004-09,EMEA,2296.0,1228.8,1067.2,46.4808362369338,Low
10304,36,73.04,2,2629.44,2004-10-11,Shipped,4,10,2004,Trucks and Buses,64,S32_3522,Auto Assoc. & Cie.,30.59.8555,"67, avenue de l'Europe",N/A,Versailles,N/A,78000,France,EMEA,Tonini,Daniel,Small,2004,10,4,October,Q4,2004-10,EMEA,2629.44,1382.3999999999999,1247.0400000000002,47.42606790799562,Low
10313,34,56.24,10,1912.16,2004-10-22,Shipped,4,10,2004,Trucks and Buses,64,S32_3522,Canadian Gift Exchange Network,(604) 555-3392,1900 Oak St.,N/A,Vancouver,BC,V3F 2K1,Canada,NA,Tannamuri,Yoshi,Small,2004,10,4,October,Q4,2004-10,NA,1912.16,1305.6,606.5600000000002,31.721194879089627,Low
10324,48,100.0,4,8209.44,2004-11-05,Shipped,4,11,2004,Trucks and Buses,64,S32_3522,Vitachrome Inc.,2125551500,2678 Kingston Rd.,Suite 101,NYC,NY,10022,USA,NA,Frick,Michael,Large,2004,11,4,November,Q4,2004-11,NA,8209.44,1843.1999999999998,6366.240000000001,77.54779863181899,High
10333,33,73.69,4,2431.77,2004-11-18,Shipped,4,11,2004,Trucks and Buses,64,S32_3522,Mini Wheels Co.,6505555787,5557 North Pendale Street,N/A,San Francisco,CA,N/A,USA,NA,Murphy,Julie,Small,2004,11,4,November,Q4,2004-11,NA,2431.77,1267.2,1164.57,47.889808657891166,Low
10348,31,100.0,5,3139.99,2004-11-01,Shipped,4,11,2004,Trucks and Buses,64,S32_3522,"Corrida Auto Replicas, Ltd",(91) 555 22 82,"C/ Araquil, 67",N/A,Madrid,N/A,28023,Spain,EMEA,Sommer,Mart¡n,Medium,2004,11,4,November,Q4,2004-11,EMEA,3139.99,1190.3999999999999,1949.59,62.08905123901669,Medium
10358,36,100.0,2,5669.64,2004-12-10,Shipped,4,12,2004,Trucks and Buses,64,S32_3522,Euro Shopping Channel,(91) 555 94 44,"C/ Moralzarzal, 86",N/A,Madrid,N/A,28034,Spain,EMEA,Freyre,Diego,Medium,2004,12,4,December,Q4,2004-12,EMEA,5669.64,1382.3999999999999,4287.240000000001,75.6174995237793,Medium
10370,25,100.0,3,3160.25,2005-01-20,Shipped,1,1,2005,Trucks and Buses,64,S32_3522,"Anna's Decorations, Ltd",02 9936 8555,201 Miller Street,Level 15,North Sydney,NSW,2060,Australia,APAC,O'Hara,Anna,Medium,2005,1,1,January,Q1,2005-01,APAC,3160.25,960.0,2200.25,69.62265643540859,Medium
10382,48,100.0,8,6799.68,2005-02-17,Shipped,1,2,2005,Trucks and Buses,64,S32_3522,Mini Gifts Distributors Ltd.,4155551450,5677 Strong St.,N/A,San Rafael,CA,97562,USA,NA,Nelson,Valarie,Medium,2005,2,1,February,Q1,2005-02,NA,6799.68,1843.1999999999998,4956.4800000000005,72.89284201609489,High
10411,27,69.16,5,1867.32,2005-05-01,Shipped,2,5,2005,Trucks and Buses,64,S32_3522,Quebec Home Shopping Network,(514) 555-8054,43 rue St. Laurent,N/A,Montreal,Quebec,H1J 1C3,Canada,NA,Fresnisre,Jean,Small,2005,5,2,May,Q2,2005-05,NA,1867.32,1036.8,830.52,44.476576055523424,Low
10424,44,61.41,2,2702.04,2005-05-31,In Process,2,5,2005,Trucks and Buses,64,S32_3522,Euro Shopping Channel,(91) 555 94 44,"C/ Moralzarzal, 86",N/A,Madrid,N/A,28034,Spain,EMEA,Freyre,Diego,Small,2005,5,2,May,Q2,2005-05,EMEA,2702.04,1689.6,1012.44,37.469467513434296,Low
10106,33,72.92,5,2406.36,2003-02-17,Shipped,1,2,2003,Vintage Cars,68,S32_4289,Rovelli Gifts,035-640555,Via Ludovico il Moro 22,N/A,Bergamo,N/A,24100,Italy,EMEA,Rovelli,Giovanni,Small,2003,2,1,February,Q1,2003-02,EMEA,2406.36,1346.3999999999999,1059.9600000000003,44.048272078990685,Low
10120,29,72.23,11,2094.67,2003-04-29,Shipped,2,4,2003,Vintage Cars,68,S32_4289,"Australian Collectors, Co.",03 9520 4555,636 St Kilda Road,Level 3,Melbourne,Victoria,3004,Australia,APAC,Ferguson,Peter,Small,2003,4,2,April,Q2,2003-04,APAC,2094.67,1183.2,911.47,43.51377543956805,Low
10133,49,57.1,6,2797.9,2003-06-27,Shipped,2,6,2003,Vintage Cars,68,S32_4289,Euro Shopping Channel,(91) 555 94 44,"C/ Moralzarzal, 86",N/A,Madrid,N/A,28034,Spain,EMEA,Freyre,Diego,Small,2003,6,2,June,Q2,2003-06,EMEA,2797.9,1999.1999999999998,798.7000000000003,28.546409807355527,Low
10144,20,81.86,1,1637.2,2003-08-13,Shipped,3,8,2003,Vintage Cars,68,S32_4289,Royale Belge,(071) 23 67 2555,"Boulevard Tirou, 255",N/A,Charleroi,N/A,B-6000,Belgium,EMEA,Cartrain,Pascale,Small,2003,8,3,August,Q3,2003-08,EMEA,1637.2,816.0,821.2,50.15880772049841,Low
10168,31,73.61,12,2281.91,2003-10-28,Shipped,4,10,2003,Vintage Cars,68,S32_4289,Technics Stores Inc.,6505556809,9408 Furth Circle,N/A,Burlingame,CA,94217,USA,NA,Hirano,Juri,Small,2003,10,4,October,Q4,2003-10,NA,2281.91,1264.8,1017.1099999999999,44.57274826789838,Low
10210,39,59.16,10,2307.24,2004-01-12,Shipped,1,1,2004,Vintage Cars,68,S32_4289,Osaka Souveniers Co.,+81 06 6342 5555,"Dojima Avanza 4F, 1-6-20 Dojima, Kita-ku",N/A,Osaka,Osaka,530-0003,Japan,Japan,Kentary,Mory,Small,2004,1,1,January,Q1,2004-01,Japan,2307.24,1591.2,716.0399999999997,31.03448275862068,Low
10223,20,66.04,12,1320.8,2004-02-20,Shipped,1,2,2004,Vintage Cars,68,S32_4289,"Australian Collectors, Co.",03 9520 4555,636 St Kilda Road,Level 3,Melbourne,Victoria,3004,Australia,APAC,Ferguson,Peter,Small,2004,2,1,February,Q1,2004-02,APAC,1320.8,816.0,504.79999999999995,38.21926105390672,Low
10235,34,77.73,6,2642.82,2004-04-02,Shipped,2,4,2004,Vintage Cars,68,S32_4289,"Royal Canadian Collectables, Ltd.",(604) 555-4555,23 Tsawassen Blvd.,N/A,Tsawassen,BC,T2F 8M4,Canada,NA,Lincoln,Elizabeth,Small,2004,4,2,April,Q2,2004-04,NA,2642.82,1387.2,1255.6200000000001,47.5106136626785,Low
10250,50,61.22,7,3061.0,2004-05-11,Shipped,2,5,2004,Vintage Cars,68,S32_4289,The Sharp Gifts Warehouse,4085553659,3086 Ingle Ln.,N/A,San Jose,CA,94217,USA,NA,Frick,Sue,Medium,2004,5,2,May,Q2,2004-05,NA,3061.0,2040.0,1021.0,33.355112708265274,Medium
10262,40,79.11,2,3164.4,2004-06-24,Cancelled,2,6,2004,Vintage Cars,68,S32_4289,Euro Shopping Channel,(91) 555 94 44,"C/ Moralzarzal, 86",N/A,Madrid,N/A,28034,Spain,EMEA,Freyre,Diego,Medium,2004,6,2,June,Q2,2004-06,EMEA,3164.4,1632.0,1532.4,48.42624194160031,Medium
10275,28,63.97,12,1791.16,2004-07-23,Shipped,3,7,2004,Vintage Cars,68,S32_4289,La Rochelle Gifts,40.67.8555,"67, rue des Cinquante Otages",N/A,Nantes,N/A,44000,France,EMEA,Labrune,Janine,Small,2004,7,3,July,Q3,2004-07,EMEA,1791.16,1142.3999999999999,648.7600000000002,36.220103173362524,Low
10284,50,81.86,4,4093.0,2004-08-21,Shipped,3,8,2004,Vintage Cars,68,S32_4289,"Norway Gifts By Mail, Co.",+47 2212 1555,"Drammensveien 126 A, PB 744 Sentrum",N/A,Oslo,N/A,N 0106,Norway,EMEA,Klaeboe,Jan,Medium,2004,8,3,August,Q3,2004-08,EMEA,4093.0,2040.0,2053.0,50.15880772049841,Medium
10297,28,79.8,7,2234.4,2004-09-16,Shipped,3,9,2004,Vintage Cars,68,S32_4289,"Clover Collections, Co.",+353 1862 1555,25 Maiden Lane,Floor No. 4,Dublin,N/A,2,Ireland,EMEA,Cassidy,Dean,Small,2004,9,3,September,Q3,2004-09,EMEA,2234.4,1142.3999999999999,1092.0000000000002,48.872180451127825,Low
10308,46,66.04,10,3037.84,2004-10-15,Shipped,4,10,2004,Vintage Cars,68,S32_4289,Mini Classics,9145554562,3758 North Pendale Street,N/A,White Plains,NY,24067,USA,NA,Frick,Steve,Medium,2004,10,4,October,Q4,2004-10,NA,3037.84,1876.8,1161.0400000000002,38.21926105390673,Medium
10316,24,59.16,2,1419.84,2004-11-01,Shipped,4,11,2004,Vintage Cars,68,S32_4289,giftsbymail.co.uk,(198) 555-8888,Garden House Crowther Way,N/A,Cowes,Isle of Wight,PO31 7PJ,UK,EMEA,Bennett,Helen,Small,2004,11,4,November,Q4,2004-11,EMEA,1419.84,979.1999999999999,440.64,31.03448275862069,Low
10328,24,81.17,5,1948.08,2004-11-12,Shipped,4,11,2004,Vintage Cars,68,S32_4289,Rovelli Gifts,035-640555,Via Ludovico il Moro 22,N/A,Bergamo,N/A,24100,Italy,EMEA,Rovelli,Giovanni,Small,2004,11,4,November,Q4,2004-11,EMEA,1948.08,979.1999999999999,968.88,49.735123814217076,Low
10340,39,59.16,3,2307.24,2004-11-24,Shipped,4,11,2004,Vintage Cars,68,S32_4289,Enaco Distributors,(93) 203 4555,"Rambla de Catalu¤a, 23",N/A,Barcelona,N/A,8022,Spain,EMEA,Saavedra,Eduardo,Small,2004,11,4,November,Q4,2004-11,EMEA,2307.24,1591.2,716.0399999999997,31.03448275862068,Low
10353,40,44.51,7,1780.4,2004-12-04,Shipped,4,12,2004,Vintage Cars,68,S32_4289,Gift Ideas Corp.,2035554407,2440 Pompton St.,N/A,Glendale,CT,97561,USA,NA,Lewis,Dan,Small,2004,12,4,December,Q4,2004-12,NA,1780.4,1632.0,148.4000000000001,8.335205571781627,Low
10361,49,72.33,2,3544.17,2004-12-17,Shipped,4,12,2004,Vintage Cars,68,S32_4289,Souveniers And Things Co.,+61 2 9495 8555,"Monitor Money Building, 815 Pacific Hwy",Level 6,Chatswood,NSW,2067,Australia,APAC,Huxley,Adrian,Medium,2004,12,4,December,Q4,2004-12,APAC,3544.17,1999.1999999999998,1544.9700000000003,43.5918705931149,Medium
10375,44,82.26,4,3619.44,2005-02-03,Shipped,1,2,2005,Vintage Cars,68,S32_4289,La Rochelle Gifts,40.67.8555,"67, rue des Cinquante Otages",N/A,Nantes,N/A,44000,France,EMEA,Labrune,Janine,Medium,2005,2,1,February,Q1,2005-02,EMEA,3619.44,1795.2,1824.24,50.40116703136397,Medium
10388,35,100.0,8,3918.95,2005-03-03,Shipped,1,3,2005,Vintage Cars,68,S32_4289,FunGiftIdeas.com,5085552555,1785 First Street,N/A,New Bedford,MA,50553,USA,NA,Benitez,Violeta,Medium,2005,3,1,March,Q1,2005-03,NA,3918.95,1428.0,2490.95,63.56166830401,Medium
10398,22,67.41,4,1483.02,2005-03-30,Shipped,1,3,2005,Vintage Cars,68,S32_4289,Reims Collectables,26.47.1555,59 rue de l'Abbaye,N/A,Reims,N/A,51100,France,EMEA,Henriot,Paul,Small,2005,3,1,March,Q1,2005-03,EMEA,1483.02,897.6,585.42,39.47485536270583,Low
10401,62,77.73,6,4819.26,2005-04-03,On Hold,2,4,2005,Vintage Cars,68,S32_4289,Tekni Collectables Inc.,2015559350,7476 Moss Rd.,N/A,Newark,NJ,94019,USA,NA,Brown,William,Medium,2005,4,2,April,Q2,2005-04,NA,4819.26,2529.6,2289.6600000000003,47.51061366267851,Medium
10416,26,61.22,7,1591.72,2005-05-10,Shipped,2,5,2005,Vintage Cars,68,S32_4289,L'ordine Souveniers,0522-556555,Strada Provinciale 124,N/A,Reggio Emilia,N/A,42100,Italy,EMEA,Moroni,Maurizio,Small,2005,5,2,May,Q2,2005-05,EMEA,1591.72,1060.8,530.9200000000001,33.35511270826528,Low
10108,31,100.0,16,3669.78,2003-03-03,Shipped,1,3,2003,Motorcycles,102,S32_4485,Cruz & Sons Co.,+63 2 555 3587,15 McCallum Street - NatWest Center #13-03,N/A,Makati City,N/A,1227 MM,Philippines,Japan,Cruz,Arnold,Medium,2003,3,1,March,Q1,2003-03,Japan,3669.78,1897.1999999999998,1772.5800000000004,48.3020780537253,Medium
10121,25,86.74,3,2168.5,2003-05-07,Shipped,2,5,2003,Motorcycles,102,S32_4485,Reims Collectables,26.47.1555,59 rue de l'Abbaye,N/A,Reims,N/A,51100,France,EMEA,Henriot,Paul,Small,2003,5,2,May,Q2,2003-05,EMEA,2168.5,1530.0,638.5,29.44431634770579,Low
10135,30,89.8,17,2694.0,2003-07-02,Shipped,3,7,2003,Motorcycles,102,S32_4485,Mini Gifts Distributors Ltd.,4155551450,5677 Strong St.,N/A,San Rafael,CA,97562,USA,NA,Nelson,Valarie,Small,2003,7,3,July,Q3,2003-07,NA,2694.0,1836.0,858.0,31.848552338530066,Low
10145,27,100.0,4,3251.34,2003-08-25,Shipped,3,8,2003,Motorcycles,102,S32_4485,Toys4GrownUps.com,6265557265,78934 Hillside Dr.,N/A,Pasadena,CA,90003,USA,NA,Young,Julie,Medium,2003,8,3,August,Q3,2003-08,NA,3251.34,1652.3999999999999,1598.9400000000003,49.177877428998514,Medium
10159,23,100.0,12,2347.15,2003-10-10,Shipped,4,10,2003,Motorcycles,102,S32_4485,Corporate Gift Ideas Co.,6505551386,7734 Strong St.,N/A,San Francisco,CA,N/A,USA,NA,Brown,Julie,Small,2003,10,4,October,Q4,2003-10,NA,2347.15,1407.6,939.5500000000002,40.02939735423812,Low
10169,34,100.0,12,3920.88,2003-11-04,Shipped,4,11,2003,Motorcycles,102,S32_4485,"Anna's Decorations, Ltd",02 9936 8555,201 Miller Street,Level 15,North Sydney,NSW,2060,Australia,APAC,O'Hara,Anna,Medium,2003,11,4,November,Q4,2003-11,APAC,3920.88,2080.7999999999997,1840.0800000000004,46.930280957336116,Medium
10180,22,100.0,7,2514.6,2003-11-11,Shipped,4,11,2003,Motorcycles,102,S32_4485,Daedalus Designs Imports,20.16.1555,"184, chausse de Tournai",N/A,Lille,N/A,59000,France,EMEA,Rance,Martine,Small,2003,11,4,November,Q4,2003-11,EMEA,2514.6,1346.3999999999999,1168.2,46.45669291338583,Low
10190,42,85.72,4,3600.24,2003-11-19,Shipped,4,11,2003,Motorcycles,102,S32_4485,Euro Shopping Channel,(91) 555 94 44,"C/ Moralzarzal, 86",N/A,Madrid,N/A,28034,Spain,EMEA,Freyre,Diego,Medium,2003,11,4,November,Q4,2003-11,EMEA,3600.24,2570.4,1029.8399999999997,28.604759682687813,Medium
10211,37,100.0,12,4040.03,2004-01-15,Shipped,1,1,2004,Motorcycles,102,S32_4485,Auto Canal Petit,(1) 47.55.6555,"25, rue Lauriston",N/A,Paris,N/A,75016,France,EMEA,Perrier,Dominique,Medium,2004,1,1,January,Q1,2004-01,EMEA,4040.03,2264.4,1775.63,43.95091125560949,Medium
10224,30,100.0,5,3336.9,2004-02-21,Shipped,1,2,2004,Motorcycles,102,S32_4485,Daedalus Designs Imports,20.16.1555,"184, chausse de Tournai",N/A,Lille,N/A,59000,France,EMEA,Rance,Martine,Medium,2004,2,1,February,Q1,2004-02,EMEA,3336.9,1836.0,1500.9,44.97887260631125,Medium
10237,27,100.0,5,3113.64,2004-04-05,Shipped,2,4,2004,Motorcycles,102,S32_4485,Vitachrome Inc.,2125551500,2678 Kingston Rd.,Suite 101,NYC,NY,10022,USA,NA,Frick,Michael,Medium,2004,4,2,April,Q2,2004-04,NA,3113.64,1652.3999999999999,1461.24,46.93028095733611,Medium
10252,25,100.0,9,2832.0,2004-05-26,Shipped,2,5,2004,Motorcycles,102,S32_4485,Auto Canal Petit,(1) 47.55.6555,"25, rue Lauriston",N/A,Paris,N/A,75016,France,EMEA,Perrier,Dominique,Small,2004,5,2,May,Q2,2004-05,EMEA,2832.0,1530.0,1302.0,45.97457627118644,Low
10264,34,97.97,7,3330.98,2004-06-30,Shipped,2,6,2004,Motorcycles,102,S32_4485,Gifts4AllAges.com,6175559555,8616 Spinnaker Dr.,N/A,Boston,MA,51003,USA,NA,Yoshido,Juri,Medium,2004,6,2,June,Q2,2004-06,NA,3330.98,2080.7999999999997,1250.1800000000003,37.53189751964888,Medium
10276,38,100.0,13,4304.64,2004-08-02,Shipped,3,8,2004,Motorcycles,102,S32_4485,Online Mini Collectables,6175557555,7635 Spinnaker Dr.,N/A,Brickhaven,MA,58339,USA,NA,Barajas,Miguel,Medium,2004,8,3,August,Q3,2004-08,NA,4304.64,2325.6,1979.0400000000004,45.97457627118644,Medium
10285,26,100.0,4,2600.26,2004-08-27,Shipped,3,8,2004,Motorcycles,102,S32_4485,Marta's Replicas Co.,6175558555,39323 Spinnaker Dr.,N/A,Cambridge,MA,51247,USA,NA,Hernandez,Marta,Small,2004,8,3,August,Q3,2004-08,NA,2600.26,1591.2,1009.0600000000002,38.8061193880612,Low
10299,38,100.0,7,4382.16,2004-09-30,Shipped,3,9,2004,Motorcycles,102,S32_4485,"Toys of Finland, Co.",90-224 8555,Keskuskatu 45,N/A,Helsinki,N/A,21240,Finland,EMEA,Karttunen,Matti,Medium,2004,9,3,September,Q3,2004-09,EMEA,4382.16,2325.6,2056.56,46.93028095733611,Medium
10309,50,84.7,3,4235.0,2004-10-15,Shipped,4,10,2004,Motorcycles,102,S32_4485,Baane Mini Imports,07-98 9555,Erling Skakkes gate 78,N/A,Stavern,N/A,4110,Norway,EMEA,Bergulfsen,Jonas,Medium,2004,10,4,October,Q4,2004-10,EMEA,4235.0,3060.0,1175.0,27.744982290436838,Medium
10319,22,100.0,8,2626.8,2004-11-03,Shipped,4,11,2004,Motorcycles,102,S32_4485,Microscale Inc.,2125551957,5290 North Pendale Street,Suite 200,NYC,NY,10022,USA,NA,Kuo,Kee,Small,2004,11,4,November,Q4,2004-11,NA,2626.8,1346.3999999999999,1280.4000000000003,48.74371859296483,Low
10331,32,100.0,4,5026.56,2004-11-17,Shipped,4,11,2004,Motorcycles,102,S32_4485,Motor Mint Distributors Inc.,2155559857,11328 Douglas Av.,N/A,Philadelphia,PA,71270,USA,NA,Hernandez,Rosa,Medium,2004,11,4,November,Q4,2004-11,NA,5026.56,1958.3999999999999,3068.1600000000008,61.03896103896105,Medium
10341,31,71.02,4,2201.62,2004-11-24,Shipped,4,11,2004,Motorcycles,102,S32_4485,Salzburg Collectables,6562-9555,Geislweg 14,N/A,Salzburg,N/A,5020,Austria,EMEA,Pipps,Georg,Small,2004,11,4,November,Q4,2004-11,EMEA,2201.62,1897.1999999999998,304.4200000000001,13.827090960292878,Low
10355,40,100.0,5,4326.8,2004-12-07,Shipped,4,12,2004,Motorcycles,102,S32_4485,Euro Shopping Channel,(91) 555 94 44,"C/ Moralzarzal, 86",N/A,Madrid,N/A,28034,Spain,EMEA,Freyre,Diego,Medium,2004,12,4,December,Q4,2004-12,EMEA,4326.8,2448.0,1878.8000000000002,43.42239068133494,Medium
10365,22,100.0,3,3425.18,2005-01-07,Shipped,1,1,2005,Motorcycles,102,S32_4485,Mini Creations Ltd.,5085559555,4575 Hillside Dr.,N/A,New Bedford,MA,50553,USA,NA,Tam,Wing C,Medium,2005,1,1,January,Q1,2005-01,NA,3425.18,1346.3999999999999,2078.7799999999997,60.69111696319609,Medium
10375,41,100.0,15,4701.88,2005-02-03,Shipped,1,2,2005,Motorcycles,102,S32_4485,La Rochelle Gifts,40.67.8555,"67, rue des Cinquante Otages",N/A,Nantes,N/A,44000,France,EMEA,Labrune,Janine,Medium,2005,2,1,February,Q1,2005-02,EMEA,4701.88,2509.2,2192.6800000000003,46.6341123125218,Medium
10390,45,48.98,12,2204.1,2005-03-04,Shipped,1,3,2005,Motorcycles,102,S32_4485,Mini Gifts Distributors Ltd.,4155551450,5677 Strong St.,N/A,San Rafael,CA,97562,USA,NA,Nelson,Valarie,Small,2005,3,1,March,Q1,2005-03,NA,2204.1,2754.0,-549.9000000000001,-24.948958758677016,Low
10403,45,100.0,5,5189.4,2005-04-08,Shipped,2,4,2005,Motorcycles,102,S32_4485,"UK Collectables, Ltd.",(171) 555-2282,Berkeley Gardens 12  Brewery,N/A,Liverpool,N/A,WX1 6LT,UK,EMEA,Devon,Elizabeth,Medium,2005,4,2,April,Q2,2005-04,EMEA,5189.4,2754.0,2435.3999999999996,46.93028095733611,Medium
10106,39,40.15,6,1565.85,2003-02-17,Shipped,1,2,2003,Vintage Cars,43,S50_1341,Rovelli Gifts,035-640555,Via Ludovico il Moro 22,N/A,Bergamo,N/A,24100,Italy,EMEA,Rovelli,Giovanni,Small,2003,2,1,February,Q1,2003-02,EMEA,1565.85,1006.1999999999999,559.65,35.74097135740971,Low
10120,49,50.62,12,2480.38,2003-04-29,Shipped,2,4,2003,Vintage Cars,43,S50_1341,"Australian Collectors, Co.",03 9520 4555,636 St Kilda Road,Level 3,Melbourne,Victoria,3004,Australia,APAC,Ferguson,Peter,Small,2003,4,2,April,Q2,2003-04,APAC,2480.38,1264.2,1216.18,49.032003160806006,Low
10133,27,50.19,7,1355.13,2003-06-27,Shipped,2,6,2003,Vintage Cars,43,S50_1341,Euro Shopping Channel,(91) 555 94 44,"C/ Moralzarzal, 86",N/A,Madrid,N/A,28034,Spain,EMEA,Freyre,Diego,Small,2003,6,2,June,Q2,2003-06,EMEA,1355.13,696.6,658.5300000000001,48.59533771667663,Low
10143,34,36.66,1,1246.44,2003-08-10,Shipped,3,8,2003,Vintage Cars,43,S50_1341,Mini Creations Ltd.,5085559555,4575 Hillside Dr.,N/A,New Bedford,MA,50553,USA,NA,Tam,Wing C,Small,2003,8,3,August,Q3,2003-08,NA,1246.44,877.1999999999999,369.2400000000001,29.62356792144027,Low
10156,20,41.02,1,820.4,2003-10-08,Shipped,4,10,2003,Vintage Cars,43,S50_1341,Euro Shopping Channel,(91) 555 94 44,"C/ Moralzarzal, 86",N/A,Madrid,N/A,28034,Spain,EMEA,Freyre,Diego,Small,2003,10,4,October,Q4,2003-10,EMEA,820.4,516.0,304.4,37.103851779619696,Low
10168,48,51.93,13,2492.64,2003-10-28,Shipped,4,10,2003,Vintage Cars,43,S50_1341,Technics Stores Inc.,6505556809,9408 Furth Circle,N/A,Burlingame,CA,94217,USA,NA,Hirano,Juri,Small,2003,10,4,October,Q4,2003-10,NA,2492.64,1238.3999999999999,1254.24,50.31773541305604,Low
10199,29,38.4,1,1113.6,2003-12-01,Shipped,4,12,2003,Vintage Cars,43,S50_1341,West Coast Collectables Co.,3105553722,3675 Furth Circle,N/A,Burbank,CA,94019,USA,NA,Thompson,Steve,Small,2003,12,4,December,Q4,2003-12,NA,1113.6,748.1999999999999,365.4,32.8125,Low
10210,43,41.02,11,1763.86,2004-01-12,Shipped,1,1,2004,Vintage Cars,43,S50_1341,Osaka Souveniers Co.,+81 06 6342 5555,"Dojima Avanza 4F, 1-6-20 Dojima, Kita-ku",N/A,Osaka,Osaka,530-0003,Japan,Japan,Kentary,Mory,Small,2004,1,1,January,Q1,2004-01,Japan,1763.86,1109.3999999999999,654.46,37.1038517796197,Low
10223,41,46.26,13,1896.66,2004-02-20,Shipped,1,2,2004,Vintage Cars,43,S50_1341,"Australian Collectors, Co.",03 9520 4555,636 St Kilda Road,Level 3,Melbourne,Victoria,3004,Australia,APAC,Ferguson,Peter,Small,2004,2,1,February,Q1,2004-02,APAC,1896.66,1057.8,838.8600000000001,44.228274967574585,Low
10235,41,35.35,7,1449.35,2004-04-02,Shipped,2,4,2004,Vintage Cars,43,S50_1341,"Royal Canadian Collectables, Ltd.",(604) 555-4555,23 Tsawassen Blvd.,N/A,Tsawassen,BC,T2F 8M4,Canada,NA,Lincoln,Elizabeth,Small,2004,4,2,April,Q2,2004-04,NA,1449.35,1057.8,391.54999999999995,27.015558698727016,Low
10250,36,51.93,8,1869.48,2004-05-11,Shipped,2,5,2004,Vintage Cars,43,S50_1341,The Sharp Gifts Warehouse,4085553659,3086 Ingle Ln.,N/A,San Jose,CA,94217,USA,NA,Frick,Sue,Small,2004,5,2,May,Q2,2004-05,NA,1869.48,928.8,940.6800000000001,50.31773541305604,Low
10262,49,37.97,3,1860.53,2004-06-24,Cancelled,2,6,2004,Vintage Cars,43,S50_1341,Euro Shopping Channel,(91) 555 94 44,"C/ Moralzarzal, 86",N/A,Madrid,N/A,28034,Spain,EMEA,Freyre,Diego,Small,2004,6,2,June,Q2,2004-06,EMEA,1860.53,1264.2,596.3299999999999,32.051619699762966,Low
10275,38,45.39,13,1724.82,2004-07-23,Shipped,3,7,2004,Vintage Cars,43,S50_1341,La Rochelle Gifts,40.67.8555,"67, rue des Cinquante Otages",N/A,Nantes,N/A,44000,France,EMEA,Labrune,Janine,Small,2004,7,3,July,Q3,2004-07,EMEA,1724.82,980.4,744.42,43.15928618638466,Low
10284,33,51.93,5,1713.69,2004-08-21,Shipped,3,8,2004,Vintage Cars,43,S50_1341,"Norway Gifts By Mail, Co.",+47 2212 1555,"Drammensveien 126 A, PB 744 Sentrum",N/A,Oslo,N/A,N 0106,Norway,EMEA,Klaeboe,Jan,Small,2004,8,3,August,Q3,2004-08,EMEA,1713.69,851.4,862.2900000000001,50.31773541305604,Low
10296,26,48.44,1,1259.44,2004-09-15,Shipped,3,9,2004,Vintage Cars,43,S50_1341,"Bavarian Collectables Imports, Co.",+49 89 61 08 9555,Hansastr. 15,N/A,Munich,N/A,80686,Germany,EMEA,Donnermeyer,Michael,Small,2004,9,3,September,Q3,2004-09,EMEA,1259.44,670.8,588.6400000000001,46.738232865400505,Low
10308,47,43.64,11,2051.08,2004-10-15,Shipped,4,10,2004,Vintage Cars,43,S50_1341,Mini Classics,9145554562,3758 North Pendale Street,N/A,White Plains,NY,24067,USA,NA,Frick,Steve,Small,2004,10,4,October,Q4,2004-10,NA,2051.08,1212.6,838.48,40.87992667277727,Low
10316,34,47.57,3,1617.38,2004-11-01,Shipped,4,11,2004,Vintage Cars,43,S50_1341,giftsbymail.co.uk,(198) 555-8888,Garden House Crowther Way,N/A,Cowes,Isle of Wight,PO31 7PJ,UK,EMEA,Bennett,Helen,Small,2004,11,4,November,Q4,2004-11,EMEA,1617.38,877.1999999999999,740.1800000000002,45.76413706117302,Low
10328,34,51.93,7,1765.62,2004-11-12,Shipped,4,11,2004,Vintage Cars,43,S50_1341,Rovelli Gifts,035-640555,Via Ludovico il Moro 22,N/A,Bergamo,N/A,24100,Italy,EMEA,Rovelli,Giovanni,Small,2004,11,4,November,Q4,2004-11,EMEA,1765.62,877.1999999999999,888.42,50.31773541305604,Low
10340,40,50.62,4,2024.8,2004-11-24,Shipped,4,11,2004,Vintage Cars,43,S50_1341,Enaco Distributors,(93) 203 4555,"Rambla de Catalu¤a, 23",N/A,Barcelona,N/A,8022,Spain,EMEA,Saavedra,Eduardo,Small,2004,11,4,November,Q4,2004-11,EMEA,2024.8,1032.0,992.8,49.032003160806006,Low
10353,40,82.21,8,3288.4,2004-12-04,Shipped,4,12,2004,Vintage Cars,43,S50_1341,Gift Ideas Corp.,2035554407,2440 Pompton St.,N/A,Glendale,CT,97561,USA,NA,Lewis,Dan,Medium,2004,12,4,December,Q4,2004-12,NA,3288.4,1032.0,2256.4,68.61695657462596,Medium
10361,33,82.59,3,2725.47,2004-12-17,Shipped,4,12,2004,Vintage Cars,43,S50_1341,Souveniers And Things Co.,+61 2 9495 8555,"Monitor Money Building, 815 Pacific Hwy",Level 6,Chatswood,NSW,2067,Australia,APAC,Huxley,Adrian,Small,2004,12,4,December,Q4,2004-12,APAC,2725.47,851.4,1874.0699999999997,68.76135125317835,Low
10375,49,65.8,5,3224.2,2005-02-03,Shipped,1,2,2005,Vintage Cars,43,S50_1341,La Rochelle Gifts,40.67.8555,"67, rue des Cinquante Otages",N/A,Nantes,N/A,44000,France,EMEA,Labrune,Janine,Medium,2005,2,1,February,Q1,2005-02,EMEA,3224.2,1264.2,1959.9999999999998,60.790273556231,Medium
10388,27,100.0,1,3211.38,2005-03-03,Shipped,1,3,2005,Vintage Cars,43,S50_1341,FunGiftIdeas.com,5085552555,1785 First Street,N/A,New Bedford,MA,50553,USA,NA,Benitez,Violeta,Medium,2005,3,1,March,Q1,2005-03,NA,3211.38,696.6,2514.78,78.30839078526989,Medium
10398,49,36.66,5,1796.34,2005-03-30,Shipped,1,3,2005,Vintage Cars,43,S50_1341,Reims Collectables,26.47.1555,59 rue de l'Abbaye,N/A,Reims,N/A,51100,France,EMEA,Henriot,Paul,Small,2005,3,1,March,Q1,2005-03,EMEA,1796.34,1264.2,532.1399999999999,29.62356792144026,Low
10401,56,35.35,7,1979.6,2005-04-03,On Hold,2,4,2005,Vintage Cars,43,S50_1341,Tekni Collectables Inc.,2015559350,7476 Moss Rd.,N/A,Newark,NJ,94019,USA,NA,Brown,William,Small,2005,4,2,April,Q2,2005-04,NA,1979.6,1444.8,534.8,27.015558698727016,Low
10416,37,51.93,8,1921.41,2005-05-10,Shipped,2,5,2005,Vintage Cars,43,S50_1341,L'ordine Souveniers,0522-556555,Strada Provinciale 124,N/A,Reggio Emilia,N/A,42100,Italy,EMEA,Moroni,Maurizio,Small,2005,5,2,May,Q2,2005-05,EMEA,1921.41,954.5999999999999,966.8100000000002,50.31773541305604,Low
10104,33,100.0,7,3705.24,2003-01-31,Shipped,1,1,2003,Trucks and Buses,115,S50_1392,Euro Shopping Channel,(91) 555 94 44,"C/ Moralzarzal, 86",N/A,Madrid,N/A,28034,Spain,EMEA,Freyre,Diego,Medium,2003,1,1,January,Q1,2003-01,EMEA,3705.24,2277.0,1428.2399999999998,38.54649091556822,Medium
10115,27,100.0,3,2843.91,2003-04-04,Shipped,2,4,2003,Trucks and Buses,115,S50_1392,Classic Legends Inc.,2125558493,5905 Pompton St.,Suite 750,NYC,NY,10022,USA,NA,Hernandez,Maria,Small,2003,4,2,April,Q2,2003-04,NA,2843.91,1863.0,980.9099999999999,34.491597835374534,Low
10127,46,100.0,9,6176.42,2003-06-03,Shipped,2,6,2003,Trucks and Buses,115,S50_1392,Muscle Machine Inc,2125557413,4092 Furth Circle,Suite 400,NYC,NY,10022,USA,NA,Young,Jeff,Medium,2003,6,2,June,Q2,2003-06,NA,6176.42,3174.0,3002.42,48.61100767111045,High
10141,44,100.0,3,5500.44,2003-08-01,Shipped,3,8,2003,Trucks and Buses,115,S50_1392,Suominen Souveniers,+358 9 8045 555,"Software Engineering Center, SEC Oy",N/A,Espoo,N/A,FIN-02271,Finland,EMEA,Suominen,Kalle,Medium,2003,8,3,August,Q3,2003-08,EMEA,5500.44,3036.0,2464.4399999999996,44.80441564674826,Medium
10151,26,100.0,1,3220.1,2003-09-21,Shipped,3,9,2003,Trucks and Buses,115,S50_1392,"Oulu Toy Supplies, Inc.",981-443655,Torikatu 38,N/A,Oulu,N/A,90110,Finland,EMEA,Koskitalo,Pirkko,Medium,2003,9,3,September,Q3,2003-09,EMEA,3220.1,1794.0,1426.1,44.28744448930158,Medium
10165,48,94.92,10,4556.16,2003-10-22,Shipped,4,10,2003,Trucks and Buses,115,S50_1392,"Dragon Souveniers, Ltd.",+65 221 7555,"Bronz Sok., Bronz Apt. 3/6 Tesvikiye",N/A,Singapore,N/A,79903,Singapore,Japan,Natividad,Eric,Medium,2003,10,4,October,Q4,2003-10,Japan,4556.16,3312.0,1244.1599999999999,27.307206068268012,Medium
10176,23,100.0,9,3114.89,2003-11-06,Shipped,4,11,2003,Trucks and Buses,115,S50_1392,L'ordine Souveniers,0522-556555,Strada Provinciale 124,N/A,Reggio Emilia,N/A,42100,Italy,EMEA,Moroni,Maurizio,Medium,2003,11,4,November,Q4,2003-11,EMEA,3114.89,1587.0,1527.8899999999999,49.05117034630436,Medium
10184,45,100.0,4,4948.2,2003-11-14,Shipped,4,11,2003,Trucks and Buses,115,S50_1392,"Iberia Gift Imports, Corp.",(95) 555 82 82,"C/ Romero, 33",N/A,Sevilla,N/A,41101,Spain,EMEA,Roel,Jose Pedro,Medium,2003,11,4,November,Q4,2003-11,EMEA,4948.2,3105.0,1843.1999999999998,37.24990905783921,Medium
10195,49,100.0,4,5161.17,2003-11-25,Shipped,4,11,2003,Trucks and Buses,115,S50_1392,Mini Classics,9145554562,3758 North Pendale Street,N/A,White Plains,NY,24067,USA,NA,Frick,Steve,Medium,2003,11,4,November,Q4,2003-11,NA,5161.17,3381.0,1780.17,34.491597835374534,Medium
10207,28,94.92,5,2657.76,2003-12-09,Shipped,4,12,2003,Trucks and Buses,115,S50_1392,Diecast Collectables,6175552555,6251 Ingle Ln.,N/A,Boston,MA,51003,USA,NA,Franco,Valarie,Small,2003,12,4,December,Q4,2003-12,NA,2657.76,1932.0,725.7600000000002,27.30720606826802,Low
10220,37,100.0,9,3983.05,2004-02-12,Shipped,1,2,2004,Trucks and Buses,115,S50_1392,"Clover Collections, Co.",+353 1862 1555,25 Maiden Lane,Floor No. 4,Dublin,N/A,2,Ireland,EMEA,Cassidy,Dean,Medium,2004,2,1,February,Q1,2004-02,EMEA,3983.05,2553.0,1430.0500000000002,35.90339061774269,Medium
10230,34,100.0,7,3974.94,2004-03-15,Shipped,1,3,2004,Trucks and Buses,115,S50_1392,"Blauer See Auto, Co.",+49 69 66 90 2555,Lyonerstr. 34,N/A,Frankfurt,N/A,60528,Germany,EMEA,Keitel,Roland,Medium,2004,3,1,March,Q1,2004-03,EMEA,3974.94,2346.0,1628.94,40.980241211188094,Medium
10246,22,100.0,3,2928.42,2004-05-05,Shipped,2,5,2004,Trucks and Buses,115,S50_1392,Euro Shopping Channel,(91) 555 94 44,"C/ Moralzarzal, 86",N/A,Madrid,N/A,28034,Spain,EMEA,Freyre,Diego,Small,2004,5,2,May,Q2,2004-05,EMEA,2928.42,1518.0,1410.42,48.16317331530313,Low
10259,29,100.0,2,3054.57,2004-06-15,Shipped,2,6,2004,Trucks and Buses,115,S50_1392,Handji Gifts& Co,+65 224 1555,Village Close - 106 Linden Road Sandown,2nd Floor,Singapore,N/A,69045,Singapore,APAC,Victorino,Wendy,Medium,2004,6,2,June,Q2,2004-06,APAC,3054.57,2001.0,1053.5700000000002,34.49159783537454,Medium
10271,34,98.39,3,3345.26,2004-07-20,Shipped,3,7,2004,Trucks and Buses,115,S50_1392,Mini Gifts Distributors Ltd.,4155551450,5677 Strong St.,N/A,San Rafael,CA,97562,USA,NA,Nelson,Valarie,Medium,2004,7,3,July,Q3,2004-07,NA,3345.26,2346.0,999.2600000000002,29.870921841650578,Medium
10282,38,100.0,12,4310.72,2004-08-20,Shipped,3,8,2004,Trucks and Buses,115,S50_1392,Mini Gifts Distributors Ltd.,4155551450,5677 Strong St.,N/A,San Rafael,CA,97562,USA,NA,Nelson,Valarie,Medium,2004,8,3,August,Q3,2004-08,NA,4310.72,2622.0,1688.7200000000003,39.17489421720734,Medium
10292,41,100.0,6,4983.14,2004-09-08,Shipped,3,9,2004,Trucks and Buses,115,S50_1392,Land of Toys Inc.,2125557818,897 Long Airport Avenue,N/A,NYC,NY,10022,USA,NA,Yu,Kwai,Medium,2004,9,3,September,Q3,2004-09,NA,4983.14,2829.0,2154.1400000000003,43.22856672700346,Medium
10305,42,100.0,3,4618.32,2004-10-13,Shipped,4,10,2004,Trucks and Buses,115,S50_1392,Marta's Replicas Co.,6175558555,39323 Spinnaker Dr.,N/A,Cambridge,MA,51247,USA,NA,Hernandez,Marta,Medium,2004,10,4,October,Q4,2004-10,NA,4618.32,2898.0,1720.3199999999997,37.24990905783921,Medium
10314,28,100.0,12,3403.12,2004-10-22,Shipped,4,10,2004,Trucks and Buses,115,S50_1392,Heintze Collectables,86 21 3555,Smagsloget 45,N/A,Aaarhus,N/A,8200,Denmark,EMEA,Ibsen,Palle,Medium,2004,10,4,October,Q4,2004-10,EMEA,3403.12,1932.0,1471.12,43.228566727003454,Medium
10325,38,100.0,4,5190.42,2004-11-05,Shipped,4,11,2004,Trucks and Buses,115,S50_1392,Baane Mini Imports,07-98 9555,Erling Skakkes gate 78,N/A,Stavern,N/A,4110,Norway,EMEA,Bergulfsen,Jonas,Medium,2004,11,4,November,Q4,2004-11,EMEA,5190.42,2622.0,2568.42,49.483856797715795,Medium
10336,23,100.0,8,3141.57,2004-11-20,Shipped,4,11,2004,Trucks and Buses,115,S50_1392,"La Corne D'abondance, Co.",(1) 42.34.2555,"265, boulevard Charonne",N/A,Paris,N/A,75012,France,EMEA,Bertrand,Marie,Medium,2004,11,4,November,Q4,2004-11,EMEA,3141.57,1587.0,1554.5700000000002,49.483856797715795,Medium
10350,31,71.4,8,2213.4,2004-12-02,Shipped,4,12,2004,Trucks and Buses,115,S50_1392,Euro Shopping Channel,(91) 555 94 44,"C/ Moralzarzal, 86",N/A,Madrid,N/A,28034,Spain,EMEA,Freyre,Diego,Small,2004,12,4,December,Q4,2004-12,EMEA,2213.4,2139.0,74.40000000000009,3.36134453781513,Low
10359,46,100.0,2,4896.7,2004-12-15,Shipped,4,12,2004,Trucks and Buses,115,S50_1392,Reims Collectables,26.47.1555,59 rue de l'Abbaye,N/A,Reims,N/A,51100,France,EMEA,Henriot,Paul,Medium,2004,12,4,December,Q4,2004-12,EMEA,4896.7,3174.0,1722.6999999999998,35.18083607327384,Medium
10371,48,56.55,10,2714.4,2005-01-23,Shipped,1,1,2005,Trucks and Buses,115,S50_1392,Mini Gifts Distributors Ltd.,4155551450,5677 Strong St.,N/A,San Rafael,CA,97562,USA,NA,Nelson,Valarie,Small,2005,1,1,January,Q1,2005-01,NA,2714.4,3312.0,-597.5999999999999,-22.01591511936339,Low
10383,29,100.0,13,3087.05,2005-02-22,Shipped,1,2,2005,Trucks and Buses,115,S50_1392,Euro Shopping Channel,(91) 555 94 44,"C/ Moralzarzal, 86",N/A,Madrid,N/A,28034,Spain,EMEA,Freyre,Diego,Medium,2005,2,1,February,Q1,2005-02,EMEA,3087.05,2001.0,1086.0500000000002,35.18083607327384,Medium
10395,46,100.0,4,5692.96,2005-03-17,Shipped,1,3,2005,Trucks and Buses,115,S50_1392,Lyon Souveniers,+33 1 46 62 7555,27 rue du Colonel Pierre Avia,N/A,Paris,N/A,75508,France,EMEA,Da Cunha,Daniel,Medium,2005,3,1,March,Q1,2005-03,EMEA,5692.96,3174.0,2518.96,44.24692954104719,Medium
10412,26,100.0,3,3460.86,2005-05-03,Shipped,2,5,2005,Trucks and Buses,115,S50_1392,Euro Shopping Channel,(91) 555 94 44,"C/ Moralzarzal, 86",N/A,Madrid,N/A,28034,Spain,EMEA,Freyre,Diego,Medium,2005,5,2,May,Q2,2005-05,EMEA,3460.86,1794.0,1666.8600000000001,48.16317331530314,Medium
10425,18,100.0,2,1895.94,2005-05-31,In Process,2,5,2005,Trucks and Buses,115,S50_1392,La Rochelle Gifts,40.67.8555,"67, rue des Cinquante Otages",N/A,Nantes,N/A,44000,France,EMEA,Labrune,Janine,Small,2005,5,2,May,Q2,2005-05,EMEA,1895.94,1242.0,653.94,34.491597835374534,Low
10104,32,53.31,2,1705.92,2003-01-31,Shipped,1,1,2003,Trains,58,S50_1514,Euro Shopping Channel,(91) 555 94 44,"C/ Moralzarzal, 86",N/A,Madrid,N/A,28034,Spain,EMEA,Freyre,Diego,Small,2003,1,1,January,Q1,2003-01,EMEA,1705.92,1113.6,592.3200000000002,34.72144063027575,Low
10117,21,49.21,11,1033.41,2003-04-16,Shipped,2,4,2003,Trains,58,S50_1514,"Dragon Souveniers, Ltd.",+65 221 7555,"Bronz Sok., Bronz Apt. 3/6 Tesvikiye",N/A,Singapore,N/A,79903,Singapore,Japan,Natividad,Eric,Small,2003,4,2,April,Q2,2003-04,Japan,1033.41,730.8,302.6100000000001,29.2826661247714,Low
10127,46,69.12,4,3179.52,2003-06-03,Shipped,2,6,2003,Trains,58,S50_1514,Muscle Machine Inc,2125557413,4092 Furth Circle,Suite 400,NYC,NY,10022,USA,NA,Young,Jeff,Medium,2003,6,2,June,Q2,2003-06,NA,3179.52,1600.8,1578.72,49.65277777777778,Medium
10142,42,49.79,14,2091.18,2003-08-08,Shipped,3,8,2003,Trains,58,S50_1514,Mini Gifts Distributors Ltd.,4155551450,5677 Strong St.,N/A,San Rafael,CA,97562,USA,NA,Nelson,Valarie,Small,2003,8,3,August,Q3,2003-08,NA,2091.18,1461.6,629.5799999999999,30.10644707772645,Low
10153,31,57.41,13,1779.71,2003-09-28,Shipped,3,9,2003,Trains,58,S50_1514,Euro Shopping Channel,(91) 555 94 44,"C/ Moralzarzal, 86",N/A,Madrid,N/A,28034,Spain,EMEA,Freyre,Diego,Small,2003,9,3,September,Q3,2003-09,EMEA,1779.71,1078.8,700.9100000000001,39.38338268594322,Low
10165,38,66.78,5,2537.64,2003-10-22,Shipped,4,10,2003,Trains,58,S50_1514,"Dragon Souveniers, Ltd.",+65 221 7555,"Bronz Sok., Bronz Apt. 3/6 Tesvikiye",N/A,Singapore,N/A,79903,Singapore,Japan,Natividad,Eric,Small,2003,10,4,October,Q4,2003-10,Japan,2537.64,1322.3999999999999,1215.24,47.88858939802336,Low
10176,38,64.44,4,2448.72,2003-11-06,Shipped,4,11,2003,Trains,58,S50_1514,L'ordine Souveniers,0522-556555,Strada Provinciale 124,N/A,Reggio Emilia,N/A,42100,Italy,EMEA,Moroni,Maurizio,Small,2003,11,4,November,Q4,2003-11,EMEA,2448.72,1322.3999999999999,1126.32,45.99627560521415,Low
10185,20,48.62,15,972.4,2003-11-14,Shipped,4,11,2003,Trains,58,S50_1514,Mini Creations Ltd.,5085559555,4575 Hillside Dr.,N/A,New Bedford,MA,50553,USA,NA,Tam,Wing C,Small,2003,11,4,November,Q4,2003-11,NA,972.4,696.0,276.4,28.424516659810777,Low
10196,46,62.09,7,2856.14,2003-11-26,Shipped,4,11,2003,Trains,58,S50_1514,Super Scale Inc.,2035559545,567 North Pendale Street,N/A,New Haven,CT,97823,USA,NA,Murphy,Leslie,Small,2003,11,4,November,Q4,2003-11,NA,2856.14,1600.8,1255.34,43.952327266870675,Low
10208,30,65.61,15,1968.3,2004-01-02,Shipped,1,1,2004,Trains,58,S50_1514,"Saveley & Henriot, Co.",78.32.5555,"2, rue du Commerce",N/A,Lyon,N/A,69004,France,EMEA,Saveley,Mary,Small,2004,1,1,January,Q1,2004-01,EMEA,1968.3,1044.0,924.3,46.95930498399634,Low
10220,30,68.54,4,2056.2,2004-02-12,Shipped,1,2,2004,Trains,58,S50_1514,"Clover Collections, Co.",+353 1862 1555,25 Maiden Lane,Floor No. 4,Dublin,N/A,2,Ireland,EMEA,Cassidy,Dean,Small,2004,2,1,February,Q1,2004-02,EMEA,2056.2,1044.0,1012.1999999999998,49.22672891742048,Low
10230,43,52.14,2,2242.02,2004-03-15,Shipped,1,3,2004,Trains,58,S50_1514,"Blauer See Auto, Co.",+49 69 66 90 2555,Lyonerstr. 34,N/A,Frankfurt,N/A,60528,Germany,EMEA,Keitel,Roland,Small,2004,3,1,March,Q1,2004-03,EMEA,2242.02,1496.3999999999999,745.6200000000001,33.256616800920604,Low
10247,49,63.85,4,3128.65,2004-05-05,Shipped,2,5,2004,Trains,58,S50_1514,Suominen Souveniers,+358 9 8045 555,"Software Engineering Center, SEC Oy",N/A,Espoo,N/A,FIN-02271,Finland,EMEA,Suominen,Kalle,Medium,2004,5,2,May,Q2,2004-05,EMEA,3128.65,1705.2,1423.45,45.49725920125294,Medium
10272,43,56.82,4,2443.26,2004-07-20,Shipped,3,7,2004,Trains,58,S50_1514,Diecast Classics Inc.,2155551555,7586 Pompton St.,N/A,Allentown,PA,70267,USA,NA,Yu,Kyung,Small,2004,7,3,July,Q3,2004-07,NA,2443.26,1496.3999999999999,946.8600000000004,38.75395987328407,Low
10282,37,66.78,7,2470.86,2004-08-20,Shipped,3,8,2004,Trains,58,S50_1514,Mini Gifts Distributors Ltd.,4155551450,5677 Strong St.,N/A,San Rafael,CA,97562,USA,NA,Nelson,Valarie,Small,2004,8,3,August,Q3,2004-08,NA,2470.86,1287.6,1183.2600000000002,47.88858939802337,Low
10292,35,55.07,1,1927.45,2004-09-08,Shipped,3,9,2004,Trains,58,S50_1514,Land of Toys Inc.,2125557818,897 Long Airport Avenue,N/A,NYC,NY,10022,USA,NA,Yu,Kwai,Small,2004,9,3,September,Q3,2004-09,NA,1927.45,1218.0,709.45,36.80769929181042,Low
10306,34,60.34,15,2051.56,2004-10-14,Shipped,4,10,2004,Trains,58,S50_1514,"AV Stores, Co.",(171) 555-1555,Fauntleroy Circus,N/A,Manchester,N/A,EC2 5NT,UK,EMEA,Ashworth,Victoria,Small,2004,10,4,October,Q4,2004-10,EMEA,2051.56,1183.2,868.3599999999999,42.326814716605895,Low
10314,38,61.51,7,2337.38,2004-10-22,Shipped,4,10,2004,Trains,58,S50_1514,Heintze Collectables,86 21 3555,Smagsloget 45,N/A,Aaarhus,N/A,8200,Denmark,EMEA,Ibsen,Palle,Small,2004,10,4,October,Q4,2004-10,EMEA,2337.38,1322.3999999999999,1014.9800000000002,43.4238335230044,Low
10325,44,100.0,7,5932.96,2004-11-05,Shipped,4,11,2004,Trains,58,S50_1514,Baane Mini Imports,07-98 9555,Erling Skakkes gate 78,N/A,Stavern,N/A,4110,Norway,EMEA,Bergulfsen,Jonas,Medium,2004,11,4,November,Q4,2004-11,EMEA,5932.96,1531.2,4401.76,74.19163452981311,Medium
10337,21,100.0,6,2296.77,2004-11-21,Shipped,4,11,2004,Trains,58,S50_1514,Classic Legends Inc.,2125558493,5905 Pompton St.,Suite 750,NYC,NY,10022,USA,NA,Hernandez,Maria,Small,2004,11,4,November,Q4,2004-11,NA,2296.77,730.8,1565.97,68.18140257840358,Low
10350,44,100.0,17,6490.88,2004-12-02,Shipped,4,12,2004,Trains,58,S50_1514,Euro Shopping Channel,(91) 555 94 44,"C/ Moralzarzal, 86",N/A,Madrid,N/A,28034,Spain,EMEA,Freyre,Diego,Medium,2004,12,4,December,Q4,2004-12,EMEA,6490.88,1531.2,4959.68,76.40997830802604,High
10359,25,64.93,4,1623.25,2004-12-15,Shipped,4,12,2004,Trains,58,S50_1514,Reims Collectables,26.47.1555,59 rue de l'Abbaye,N/A,Reims,N/A,51100,France,EMEA,Henriot,Paul,Small,2004,12,4,December,Q4,2004-12,EMEA,1623.25,870.0,753.25,46.40381949792084,Low
10372,24,58.58,9,1405.92,2005-01-26,Shipped,1,1,2005,Trains,58,S50_1514,"Tokyo Collectables, Ltd",+81 3 3584 0555,2-2-8 Roppongi,N/A,Minato-ku,Tokyo,106-0032,Japan,Japan,Shimamura,Akiko,Small,2005,1,1,January,Q1,2005-01,Japan,1405.92,835.1999999999999,570.7200000000001,40.594059405940605,Low
10383,38,60.06,10,2282.28,2005-02-22,Shipped,1,2,2005,Trains,58,S50_1514,Euro Shopping Channel,(91) 555 94 44,"C/ Moralzarzal, 86",N/A,Madrid,N/A,28034,Spain,EMEA,Freyre,Diego,Small,2005,2,1,February,Q1,2005-02,EMEA,2282.28,1322.3999999999999,959.8800000000003,42.05794205794207,Low
10395,45,100.0,3,8977.05,2005-03-17,Shipped,1,3,2005,Trains,58,S50_1514,Lyon Souveniers,+33 1 46 62 7555,27 rue du Colonel Pierre Avia,N/A,Paris,N/A,75508,France,EMEA,Da Cunha,Daniel,Large,2005,3,1,March,Q1,2005-03,EMEA,8977.05,1566.0,7411.049999999999,82.55551656724649,High
10413,51,63.85,4,3256.35,2005-05-05,Shipped,2,5,2005,Trains,58,S50_1514,Gift Depot Inc.,2035552570,25593 South Bay Ln.,N/A,Bridgewater,CT,97562,USA,NA,King,Julie,Medium,2005,5,2,May,Q2,2005-05,NA,3256.35,1774.8,1481.55,45.49725920125294,Medium
10108,34,82.99,14,2821.66,2003-03-03,Shipped,1,3,2003,Motorcycles,81,S50_4713,Cruz & Sons Co.,+63 2 555 3587,15 McCallum Street - NatWest Center #13-03,N/A,Makati City,N/A,1227 MM,Philippines,Japan,Cruz,Arnold,Small,2003,3,1,March,Q1,2003-03,Japan,2821.66,1652.3999999999999,1169.26,41.43872755753705,Low
10121,44,74.85,1,3293.4,2003-05-07,Shipped,2,5,2003,Motorcycles,81,S50_4713,Reims Collectables,26.47.1555,59 rue de l'Abbaye,N/A,Reims,N/A,51100,France,EMEA,Henriot,Paul,Medium,2003,5,2,May,Q2,2003-05,EMEA,3293.4,2138.4,1155.0,35.07014028056113,Medium
10135,44,96.0,15,4224.0,2003-07-02,Shipped,3,7,2003,Motorcycles,81,S50_4713,Mini Gifts Distributors Ltd.,4155551450,5677 Strong St.,N/A,San Rafael,CA,97562,USA,NA,Nelson,Valarie,Medium,2003,7,3,July,Q3,2003-07,NA,4224.0,2138.4,2085.6,49.375,Medium
10145,38,81.36,2,3091.68,2003-08-25,Shipped,3,8,2003,Motorcycles,81,S50_4713,Toys4GrownUps.com,6265557265,78934 Hillside Dr.,N/A,Pasadena,CA,90003,USA,NA,Young,Julie,Medium,2003,8,3,August,Q3,2003-08,NA,3091.68,1846.8,1244.8799999999999,40.26548672566371,Medium
10159,31,71.6,10,2219.6,2003-10-10,Shipped,4,10,2003,Motorcycles,81,S50_4713,Corporate Gift Ideas Co.,6505551386,7734 Strong St.,N/A,San Francisco,CA,N/A,USA,NA,Brown,Julie,Small,2003,10,4,October,Q4,2003-10,NA,2219.6,1506.6,713.0,32.122905027932966,Low
10169,48,80.55,10,3866.4,2003-11-04,Shipped,4,11,2003,Motorcycles,81,S50_4713,"Anna's Decorations, Ltd",02 9936 8555,201 Miller Street,Level 15,North Sydney,NSW,2060,Australia,APAC,O'Hara,Anna,Medium,2003,11,4,November,Q4,2003-11,APAC,3866.4,2332.7999999999997,1533.6000000000004,39.664804469273754,Medium
10180,21,93.56,5,1964.76,2003-11-11,Shipped,4,11,2003,Motorcycles,81,S50_4713,Daedalus Designs Imports,20.16.1555,"184, chausse de Tournai",N/A,Lille,N/A,59000,France,EMEA,Rance,Martine,Small,2003,11,4,November,Q4,2003-11,EMEA,1964.76,1020.5999999999999,944.1600000000001,48.054724241128696,Low
10190,40,66.72,2,2668.8,2003-11-19,Shipped,4,11,2003,Motorcycles,81,S50_4713,Euro Shopping Channel,(91) 555 94 44,"C/ Moralzarzal, 86",N/A,Madrid,N/A,28034,Spain,EMEA,Freyre,Diego,Small,2003,11,4,November,Q4,2003-11,EMEA,2668.8,1944.0,724.8000000000002,27.15827338129497,Low
10211,40,80.55,10,3222.0,2004-01-15,Shipped,1,1,2004,Motorcycles,81,S50_4713,Auto Canal Petit,(1) 47.55.6555,"25, rue Lauriston",N/A,Paris,N/A,75016,France,EMEA,Perrier,Dominique,Medium,2004,1,1,January,Q1,2004-01,EMEA,3222.0,1944.0,1278.0,39.66480446927375,Medium
10224,50,77.29,3,3864.5,2004-02-21,Shipped,1,2,2004,Motorcycles,81,S50_4713,Daedalus Designs Imports,20.16.1555,"184, chausse de Tournai",N/A,Lille,N/A,59000,France,EMEA,Rance,Martine,Medium,2004,2,1,February,Q1,2004-02,EMEA,3864.5,2430.0,1434.5,37.11993789623496,Medium
10237,20,68.34,3,1366.8,2004-04-05,Shipped,2,4,2004,Motorcycles,81,S50_4713,Vitachrome Inc.,2125551500,2678 Kingston Rd.,Suite 101,NYC,NY,10022,USA,NA,Frick,Michael,Small,2004,4,2,April,Q2,2004-04,NA,1366.8,972.0,394.79999999999995,28.884986830553117,Low
10252,48,72.41,7,3475.68,2004-05-26,Shipped,2,5,2004,Motorcycles,81,S50_4713,Auto Canal Petit,(1) 47.55.6555,"25, rue Lauriston",N/A,Paris,N/A,75016,France,EMEA,Perrier,Dominique,Medium,2004,5,2,May,Q2,2004-05,EMEA,3475.68,2332.7999999999997,1142.88,32.882198591354786,Medium
10264,47,89.5,5,4206.5,2004-06-30,Shipped,2,6,2004,Motorcycles,81,S50_4713,Gifts4AllAges.com,6175559555,8616 Spinnaker Dr.,N/A,Boston,MA,51003,USA,NA,Yoshido,Juri,Medium,2004,6,2,June,Q2,2004-06,NA,4206.5,2284.2,1922.3000000000002,45.69832402234637,Medium
10276,21,70.78,11,1486.38,2004-08-02,Shipped,3,8,2004,Motorcycles,81,S50_4713,Online Mini Collectables,6175557555,7635 Spinnaker Dr.,N/A,Brickhaven,MA,58339,USA,NA,Barajas,Miguel,Small,2004,8,3,August,Q3,2004-08,NA,1486.38,1020.5999999999999,465.7800000000002,31.336535744560624,Low
10285,39,78.92,2,3077.88,2004-08-27,Shipped,3,8,2004,Motorcycles,81,S50_4713,Marta's Replicas Co.,6175558555,39323 Spinnaker Dr.,N/A,Cambridge,MA,51247,USA,NA,Hernandez,Marta,Medium,2004,8,3,August,Q3,2004-08,NA,3077.88,1895.3999999999999,1182.4800000000002,38.41865179929043,Medium
10299,44,80.55,5,3544.2,2004-09-30,Shipped,3,9,2004,Motorcycles,81,S50_4713,"Toys of Finland, Co.",90-224 8555,Keskuskatu 45,N/A,Helsinki,N/A,21240,Finland,EMEA,Karttunen,Matti,Medium,2004,9,3,September,Q3,2004-09,EMEA,3544.2,2138.4,1405.7999999999997,39.66480446927374,Medium
10309,28,88.68,1,2483.04,2004-10-15,Shipped,4,10,2004,Motorcycles,81,S50_4713,Baane Mini Imports,07-98 9555,Erling Skakkes gate 78,N/A,Stavern,N/A,4110,Norway,EMEA,Bergulfsen,Jonas,Small,2004,10,4,October,Q4,2004-10,EMEA,2483.04,1360.8,1122.24,45.19621109607578,Low
10319,45,77.29,6,3478.05,2004-11-03,Shipped,4,11,2004,Motorcycles,81,S50_4713,Microscale Inc.,2125551957,5290 North Pendale Street,Suite 200,NYC,NY,10022,USA,NA,Kuo,Kee,Medium,2004,11,4,November,Q4,2004-11,NA,3478.05,2187.0,1291.0500000000002,37.11993789623496,Medium
10331,20,100.0,5,3657.8,2004-11-17,Shipped,4,11,2004,Motorcycles,81,S50_4713,Motor Mint Distributors Inc.,2155559857,11328 Douglas Av.,N/A,Philadelphia,PA,71270,USA,NA,Hernandez,Rosa,Medium,2004,11,4,November,Q4,2004-11,NA,3657.8,972.0,2685.8,73.4266498988463,Medium
10341,38,100.0,3,4682.36,2004-11-24,Shipped,4,11,2004,Motorcycles,81,S50_4713,Salzburg Collectables,6562-9555,Geislweg 14,N/A,Salzburg,N/A,5020,Austria,EMEA,Pipps,Georg,Medium,2004,11,4,November,Q4,2004-11,EMEA,4682.36,1846.8,2835.5599999999995,60.55835091705891,Medium
10356,26,100.0,4,3937.7,2004-12-09,Shipped,4,12,2004,Motorcycles,81,S50_4713,Lyon Souveniers,+33 1 46 62 7555,27 rue du Colonel Pierre Avia,N/A,Paris,N/A,75508,France,EMEA,Da Cunha,Daniel,Medium,2004,12,4,December,Q4,2004-12,EMEA,3937.7,1263.6,2674.1,67.91020138659624,Medium
10365,44,100.0,2,4984.32,2005-01-07,Shipped,1,1,2005,Motorcycles,81,S50_4713,Mini Creations Ltd.,5085559555,4575 Hillside Dr.,N/A,New Bedford,MA,50553,USA,NA,Tam,Wing C,Medium,2005,1,1,January,Q1,2005-01,NA,4984.32,2138.4,2845.9199999999996,57.097457627118644,Medium
10375,49,100.0,8,5406.66,2005-02-03,Shipped,1,2,2005,Motorcycles,81,S50_4713,La Rochelle Gifts,40.67.8555,"67, rue des Cinquante Otages",N/A,Nantes,N/A,44000,France,EMEA,Labrune,Janine,Medium,2005,2,1,February,Q1,2005-02,EMEA,5406.66,2381.4,3025.2599999999998,55.95432300163132,Medium
10390,22,100.0,13,3491.18,2005-03-04,Shipped,1,3,2005,Motorcycles,81,S50_4713,Mini Gifts Distributors Ltd.,4155551450,5677 Strong St.,N/A,San Rafael,CA,97562,USA,NA,Nelson,Valarie,Medium,2005,3,1,March,Q1,2005-03,NA,3491.18,1069.2,2421.9799999999996,69.37425168567647,Medium
10403,31,68.34,3,2118.54,2005-04-08,Shipped,2,4,2005,Motorcycles,81,S50_4713,"UK Collectables, Ltd.",(171) 555-2282,Berkeley Gardens 12  Brewery,N/A,Liverpool,N/A,WX1 6LT,UK,EMEA,Devon,Elizabeth,Small,2005,4,2,April,Q2,2005-04,EMEA,2118.54,1506.6,611.94,28.88498683055312,Low
10105,41,70.67,5,2897.47,2003-02-11,Shipped,1,2,2003,Ships,66,S700_1138,Danish Wholesale Imports,31 12 3555,Vinb'ltet 34,N/A,Kobenhavn,N/A,1734,Denmark,EMEA,Petersen,Jytte,Small,2003,2,1,February,Q1,2003-02,EMEA,2897.47,1623.6,1273.87,43.964907315692656,Low
10119,25,76.67,14,1916.75,2003-04-28,Shipped,2,4,2003,Ships,66,S700_1138,Salzburg Collectables,6562-9555,Geislweg 14,N/A,Salzburg,N/A,5020,Austria,EMEA,Pipps,Georg,Small,2003,4,2,April,Q2,2003-04,EMEA,1916.75,990.0,926.75,48.35007173601148,Low
10129,31,60.0,5,1860.0,2003-06-12,Shipped,2,6,2003,Ships,66,S700_1138,"Stylish Desk Decors, Co.",(171) 555-0297,35 King George,N/A,London,N/A,WX3 6FW,UK,EMEA,Brown,Ann,Small,2003,6,2,June,Q2,2003-06,EMEA,1860.0,1227.6,632.4000000000001,34.0,Low
10142,41,64.0,2,2624.0,2003-08-08,Shipped,3,8,2003,Ships,66,S700_1138,Mini Gifts Distributors Ltd.,4155551450,5677 Strong St.,N/A,San Rafael,CA,97562,USA,NA,Nelson,Valarie,Small,2003,8,3,August,Q3,2003-08,NA,2624.0,1623.6,1000.4000000000001,38.125,Low
10153,43,64.67,1,2780.81,2003-09-28,Shipped,3,9,2003,Ships,66,S700_1138,Euro Shopping Channel,(91) 555 94 44,"C/ Moralzarzal, 86",N/A,Madrid,N/A,28034,Spain,EMEA,Freyre,Diego,Small,2003,9,3,September,Q3,2003-09,EMEA,2780.81,1702.8,1078.01,38.766042987474876,Low
10167,43,75.34,12,3239.62,2003-10-23,Cancelled,4,10,2003,Ships,66,S700_1138,Scandinavian Gift Ideas,0695-34 6555,?kergatan 24,N/A,Boras,N/A,S-844 67,Sweden,EMEA,Larsson,Maria,Medium,2003,10,4,October,Q4,2003-10,EMEA,3239.62,1702.8,1536.82,47.43827979824794,Medium
10177,24,76.0,3,1824.0,2003-11-07,Shipped,4,11,2003,Ships,66,S700_1138,CAF Imports,+34 913 728 555,"Merchants House, 27-30 Merchant's Quay",N/A,Madrid,N/A,28023,Spain,EMEA,Fernandez,Jesus,Small,2003,11,4,November,Q4,2003-11,EMEA,1824.0,950.4,873.6,47.89473684210526,Low
10185,21,54.0,3,1134.0,2003-11-14,Shipped,4,11,2003,Ships,66,S700_1138,Mini Creations Ltd.,5085559555,4575 Hillside Dr.,N/A,New Bedford,MA,50553,USA,NA,Tam,Wing C,Small,2003,11,4,November,Q4,2003-11,NA,1134.0,831.6,302.4,26.666666666666668,Low
10197,23,64.67,9,1487.41,2003-11-26,Shipped,4,11,2003,Ships,66,S700_1138,Enaco Distributors,(93) 203 4555,"Rambla de Catalu¤a, 23",N/A,Barcelona,N/A,8022,Spain,EMEA,Saavedra,Eduardo,Small,2003,11,4,November,Q4,2003-11,EMEA,1487.41,910.8,576.6100000000001,38.76604298747488,Low
10208,38,74.67,3,2837.46,2004-01-02,Shipped,1,1,2004,Ships,66,S700_1138,"Saveley & Henriot, Co.",78.32.5555,"2, rue du Commerce",N/A,Lyon,N/A,69004,France,EMEA,Saveley,Mary,Small,2004,1,1,January,Q1,2004-01,EMEA,2837.46,1504.8,1332.66,46.96665327440739,Low
10222,31,62.67,15,1942.77,2004-02-19,Shipped,1,2,2004,Ships,66,S700_1138,Collectable Mini Designs Co.,7605558146,361 Furth Circle,N/A,San Diego,CA,91217,USA,NA,Thompson,Valarie,Small,2004,2,1,February,Q1,2004-02,NA,1942.77,1227.6,715.1700000000001,36.81187170895166,Low
10233,36,70.67,3,2544.12,2004-03-29,Shipped,1,3,2004,Ships,66,S700_1138,Tekni Collectables Inc.,2015559350,7476 Moss Rd.,N/A,Newark,NJ,94019,USA,NA,Brown,William,Small,2004,3,1,March,Q1,2004-03,NA,2544.12,1425.6,1118.52,43.964907315692656,Low
10248,36,71.34,6,2568.24,2004-05-07,Cancelled,2,5,2004,Ships,66,S700_1138,Land of Toys Inc.,2125557818,897 Long Airport Avenue,N/A,NYC,NY,10022,USA,NA,Yu,Kwai,Small,2004,5,2,May,Q2,2004-05,NA,2568.24,1425.6,1142.6399999999999,44.49116904962153,Low
10261,34,62.0,4,2108.0,2004-06-17,Shipped,2,6,2004,Ships,66,S700_1138,Quebec Home Shopping Network,(514) 555-8054,43 rue St. Laurent,N/A,Montreal,Quebec,H1J 1C3,Canada,NA,Fresnisre,Jean,Small,2004,6,2,June,Q2,2004-06,NA,2108.0,1346.3999999999999,761.6000000000001,36.12903225806453,Low
10273,21,65.34,7,1372.14,2004-07-21,Shipped,3,7,2004,Ships,66,S700_1138,Petit Auto,(02) 5554 67,Rue Joseph-Bens 532,N/A,Bruxelles,N/A,B-1180,Belgium,EMEA,Dewey,Catherine,Small,2004,7,3,July,Q3,2004-07,EMEA,1372.14,831.6,540.5400000000001,39.3939393939394,Low
10283,45,78.67,9,3540.15,2004-08-20,Shipped,3,8,2004,Ships,66,S700_1138,"Royal Canadian Collectables, Ltd.",(604) 555-4555,23 Tsawassen Blvd.,N/A,Tsawassen,BC,T2F 8M4,Canada,NA,Lincoln,Elizabeth,Medium,2004,8,3,August,Q3,2004-08,NA,3540.15,1782.0,1758.15,49.66314986653108,Medium
10295,26,75.34,4,1958.84,2004-09-10,Shipped,3,9,2004,Ships,66,S700_1138,Gifts4AllAges.com,6175559555,8616 Spinnaker Dr.,N/A,Boston,MA,51003,USA,NA,Yoshido,Juri,Small,2004,9,3,September,Q3,2004-09,NA,1958.84,1029.6,929.24,47.43827979824795,Low
10306,50,54.0,3,2700.0,2004-10-14,Shipped,4,10,2004,Ships,66,S700_1138,"AV Stores, Co.",(171) 555-1555,Fauntleroy Circus,N/A,Manchester,N/A,EC2 5NT,UK,EMEA,Ashworth,Victoria,Small,2004,10,4,October,Q4,2004-10,EMEA,2700.0,1980.0,720.0,26.666666666666668,Low
10315,41,62.0,2,2542.0,2004-10-29,Shipped,4,10,2004,Ships,66,S700_1138,La Rochelle Gifts,40.67.8555,"67, rue des Cinquante Otages",N/A,Nantes,N/A,44000,France,EMEA,Labrune,Janine,Small,2004,10,4,October,Q4,2004-10,EMEA,2542.0,1623.6,918.4000000000001,36.12903225806452,Low
10326,39,60.0,1,2340.0,2004-11-09,Shipped,4,11,2004,Ships,66,S700_1138,"Volvo Model Replicas, Co",0921-12 3555,Berguvsvgen  8,N/A,Lule,N/A,S-958 22,Sweden,EMEA,Berglund,Christina,Small,2004,11,4,November,Q4,2004-11,EMEA,2340.0,1544.3999999999999,795.6000000000001,34.00000000000001,Low
10339,22,100.0,5,2816.44,2004-11-23,Shipped,4,11,2004,Ships,66,S700_1138,"Tokyo Collectables, Ltd",+81 3 3584 0555,2-2-8 Roppongi,N/A,Minato-ku,Tokyo,106-0032,Japan,Japan,Shimamura,Akiko,Small,2004,11,4,November,Q4,2004-11,Japan,2816.44,871.1999999999999,1945.2400000000002,69.06733322918295,Low
10350,46,76.67,11,3526.82,2004-12-02,Shipped,4,12,2004,Ships,66,S700_1138,Euro Shopping Channel,(91) 555 94 44,"C/ Moralzarzal, 86",N/A,Madrid,N/A,28034,Spain,EMEA,Freyre,Diego,Medium,2004,12,4,December,Q4,2004-12,EMEA,3526.82,1821.6,1705.2200000000003,48.350071736011486,Medium
10373,44,100.0,14,4627.92,2005-01-31,Shipped,1,1,2005,Ships,66,S700_1138,"Oulu Toy Supplies, Inc.",981-443655,Torikatu 38,N/A,Oulu,N/A,90110,Finland,EMEA,Koskitalo,Pirkko,Medium,2005,1,1,January,Q1,2005-01,EMEA,4627.92,1742.3999999999999,2885.5200000000004,62.350256702795214,Medium
10385,25,77.34,1,1933.5,2005-02-28,Shipped,1,2,2005,Ships,66,S700_1138,Mini Gifts Distributors Ltd.,4155551450,5677 Strong St.,N/A,San Rafael,CA,97562,USA,NA,Nelson,Valarie,Small,2005,2,1,February,Q1,2005-02,NA,1933.5,990.0,943.5,48.79751745539178,Low
10396,39,66.67,1,2600.13,2005-03-23,Shipped,1,3,2005,Ships,66,S700_1138,Mini Gifts Distributors Ltd.,4155551450,5677 Strong St.,N/A,San Rafael,CA,97562,USA,NA,Nelson,Valarie,Small,2005,3,1,March,Q1,2005-03,NA,2600.13,1544.3999999999999,1055.7300000000002,40.60296985150743,Low
10414,37,71.34,6,2639.58,2005-05-06,On Hold,2,5,2005,Ships,66,S700_1138,Gifts4AllAges.com,6175559555,8616 Spinnaker Dr.,N/A,Boston,MA,51003,USA,NA,Yoshido,Juri,Small,2005,5,2,May,Q2,2005-05,NA,2639.58,1465.2,1174.3799999999999,44.491169049621526,Low
10106,31,100.0,7,3312.97,2003-02-17,Shipped,1,2,2003,Planes,91,S700_1691,Rovelli Gifts,035-640555,Via Ludovico il Moro 22,N/A,Bergamo,N/A,24100,Italy,EMEA,Rovelli,Giovanni,Medium,2003,2,1,February,Q1,2003-02,EMEA,3312.97,1692.6,1620.37,48.90989052119397,Medium
10120,47,82.21,13,3863.87,2003-04-29,Shipped,2,4,2003,Planes,91,S700_1691,"Australian Collectors, Co.",03 9520 4555,636 St Kilda Road,Level 3,Melbourne,Victoria,3004,Australia,APAC,Ferguson,Peter,Medium,2003,4,2,April,Q2,2003-04,APAC,3863.87,2566.2,1297.67,33.58472205327819,Medium
10133,24,77.64,8,1863.36,2003-06-27,Shipped,2,6,2003,Planes,91,S700_1691,Euro Shopping Channel,(91) 555 94 44,"C/ Moralzarzal, 86",N/A,Madrid,N/A,28034,Spain,EMEA,Freyre,Diego,Small,2003,6,2,June,Q2,2003-06,EMEA,1863.36,1310.3999999999999,552.96,29.67542503863988,Low
10143,36,100.0,2,3945.96,2003-08-10,Shipped,3,8,2003,Planes,91,S700_1691,Mini Creations Ltd.,5085559555,4575 Hillside Dr.,N/A,New Bedford,MA,50553,USA,NA,Tam,Wing C,Medium,2003,8,3,August,Q3,2003-08,NA,3945.96,1965.6,1980.3600000000001,50.18702673113767,Medium
10156,48,100.0,2,4954.08,2003-10-08,Shipped,4,10,2003,Planes,91,S700_1691,Euro Shopping Channel,(91) 555 94 44,"C/ Moralzarzal, 86",N/A,Madrid,N/A,28034,Spain,EMEA,Freyre,Diego,Medium,2003,10,4,October,Q4,2003-10,EMEA,4954.08,2620.7999999999997,2333.28,47.09814940412751,Medium
10168,28,98.65,14,2762.2,2003-10-28,Shipped,4,10,2003,Planes,91,S700_1691,Technics Stores Inc.,6505556809,9408 Furth Circle,N/A,Burlingame,CA,94217,USA,NA,Hirano,Juri,Small,2003,10,4,October,Q4,2003-10,NA,2762.2,1528.8,1233.3999999999999,44.65281297516472,Low
10199,48,83.12,2,3989.76,2003-12-01,Shipped,4,12,2003,Planes,91,S700_1691,West Coast Collectables Co.,3105553722,3675 Furth Circle,N/A,Burbank,CA,94019,USA,NA,Thompson,Steve,Medium,2003,12,4,December,Q4,2003-12,NA,3989.76,2620.7999999999997,1368.9600000000005,34.311838306063535,Medium
10210,21,78.55,12,1649.55,2004-01-12,Shipped,1,1,2004,Planes,91,S700_1691,Osaka Souveniers Co.,+81 06 6342 5555,"Dojima Avanza 4F, 1-6-20 Dojima, Kita-ku",N/A,Osaka,Osaka,530-0003,Japan,Japan,Kentary,Mory,Small,2004,1,1,January,Q1,2004-01,Japan,1649.55,1146.6,502.95000000000005,30.490133672819862,Low
10223,25,100.0,14,2534.75,2004-02-20,Shipped,1,2,2004,Planes,91,S700_1691,"Australian Collectors, Co.",03 9520 4555,636 St Kilda Road,Level 3,Melbourne,Victoria,3004,Australia,APAC,Ferguson,Peter,Small,2004,2,1,February,Q1,2004-02,APAC,2534.75,1365.0,1169.75,46.14853535851662,Low
10235,25,100.0,8,2580.25,2004-04-02,Shipped,2,4,2004,Planes,91,S700_1691,"Royal Canadian Collectables, Ltd.",(604) 555-4555,23 Tsawassen Blvd.,N/A,Tsawassen,BC,T2F 8M4,Canada,NA,Lincoln,Elizabeth,Small,2004,4,2,April,Q2,2004-04,NA,2580.25,1365.0,1215.25,47.09814940412751,Low
10250,31,91.34,9,2831.54,2004-05-11,Shipped,2,5,2004,Planes,91,S700_1691,The Sharp Gifts Warehouse,4085553659,3086 Ingle Ln.,N/A,San Jose,CA,94217,USA,NA,Frick,Sue,Small,2004,5,2,May,Q2,2004-05,NA,2831.54,1692.6,1138.94,40.223341361944385,Low
10262,40,84.03,4,3361.2,2004-06-24,Cancelled,2,6,2004,Planes,91,S700_1691,Euro Shopping Channel,(91) 555 94 44,"C/ Moralzarzal, 86",N/A,Madrid,N/A,28034,Spain,EMEA,Freyre,Diego,Medium,2004,6,2,June,Q2,2004-06,EMEA,3361.2,2184.0,1177.1999999999998,35.0232059978579,Medium
10275,32,89.51,14,2864.32,2004-07-23,Shipped,3,7,2004,Planes,91,S700_1691,La Rochelle Gifts,40.67.8555,"67, rue des Cinquante Otages",N/A,Nantes,N/A,44000,France,EMEA,Labrune,Janine,Small,2004,7,3,July,Q3,2004-07,EMEA,2864.32,1747.2,1117.1200000000001,39.00122891297062,Low
10284,24,83.12,6,1994.88,2004-08-21,Shipped,3,8,2004,Planes,91,S700_1691,"Norway Gifts By Mail, Co.",+47 2212 1555,"Drammensveien 126 A, PB 744 Sentrum",N/A,Oslo,N/A,N 0106,Norway,EMEA,Klaeboe,Jan,Small,2004,8,3,August,Q3,2004-08,EMEA,1994.88,1310.3999999999999,684.4800000000002,34.311838306063535,Low
10296,42,100.0,2,4296.6,2004-09-15,Shipped,3,9,2004,Planes,91,S700_1691,"Bavarian Collectables Imports, Co.",+49 89 61 08 9555,Hansastr. 15,N/A,Munich,N/A,80686,Germany,EMEA,Donnermeyer,Michael,Medium,2004,9,3,September,Q3,2004-09,EMEA,4296.6,2293.2,2003.4000000000005,46.627565982404704,Medium
10308,21,100.0,12,2224.95,2004-10-15,Shipped,4,10,2004,Planes,91,S700_1691,Mini Classics,9145554562,3758 North Pendale Street,N/A,White Plains,NY,24067,USA,NA,Frick,Steve,Small,2004,10,4,October,Q4,2004-10,NA,2224.95,1146.6,1078.35,48.466257668711656,Low
10316,34,82.21,4,2795.14,2004-11-01,Shipped,4,11,2004,Planes,91,S700_1691,giftsbymail.co.uk,(198) 555-8888,Garden House Crowther Way,N/A,Cowes,Isle of Wight,PO31 7PJ,UK,EMEA,Bennett,Helen,Small,2004,11,4,November,Q4,2004-11,EMEA,2795.14,1856.3999999999999,938.74,33.58472205327819,Low
10328,27,100.0,8,2762.1,2004-11-12,Shipped,4,11,2004,Planes,91,S700_1691,Rovelli Gifts,035-640555,Via Ludovico il Moro 22,N/A,Bergamo,N/A,24100,Italy,EMEA,Rovelli,Giovanni,Small,2004,11,4,November,Q4,2004-11,EMEA,2762.1,1474.2,1287.8999999999999,46.62756598240469,Low
10340,30,88.6,5,2658.0,2004-11-24,Shipped,4,11,2004,Planes,91,S700_1691,Enaco Distributors,(93) 203 4555,"Rambla de Catalu¤a, 23",N/A,Barcelona,N/A,8022,Spain,EMEA,Saavedra,Eduardo,Small,2004,11,4,November,Q4,2004-11,EMEA,2658.0,1638.0,1020.0,38.37471783295711,Low
10353,39,100.0,9,5043.87,2004-12-04,Shipped,4,12,2004,Planes,91,S700_1691,Gift Ideas Corp.,2035554407,2440 Pompton St.,N/A,Glendale,CT,97561,USA,NA,Lewis,Dan,Medium,2004,12,4,December,Q4,2004-12,NA,5043.87,2129.4,2914.47,57.782417072604964,Medium
10361,20,60.54,4,1210.8,2004-12-17,Shipped,4,12,2004,Planes,91,S700_1691,Souveniers And Things Co.,+61 2 9495 8555,"Monitor Money Building, 815 Pacific Hwy",Level 6,Chatswood,NSW,2067,Australia,APAC,Huxley,Adrian,Small,2004,12,4,December,Q4,2004-12,APAC,1210.8,1092.0,118.79999999999995,9.811694747274526,Low
10375,37,81.87,6,3029.19,2005-02-03,Shipped,1,2,2005,Planes,91,S700_1691,La Rochelle Gifts,40.67.8555,"67, rue des Cinquante Otages",N/A,Nantes,N/A,44000,France,EMEA,Labrune,Janine,Medium,2005,2,1,February,Q1,2005-02,EMEA,3029.19,2020.1999999999998,1008.9900000000002,33.308904360571645,Medium
10388,46,100.0,2,10066.6,2005-03-03,Shipped,1,3,2005,Planes,91,S700_1691,FunGiftIdeas.com,5085552555,1785 First Street,N/A,New Bedford,MA,50553,USA,NA,Benitez,Violeta,Large,2005,3,1,March,Q1,2005-03,NA,10066.6,2511.6,7555.0,75.05016589513838,High
10398,47,87.69,6,4121.43,2005-03-30,Shipped,1,3,2005,Planes,91,S700_1691,Reims Collectables,26.47.1555,59 rue de l'Abbaye,N/A,Reims,N/A,51100,France,EMEA,Henriot,Paul,Medium,2005,3,1,March,Q1,2005-03,EMEA,4121.43,2566.2,1555.2300000000005,37.73520355798838,Medium
10401,11,100.0,8,1135.31,2005-04-03,On Hold,2,4,2005,Planes,91,S700_1691,Tekni Collectables Inc.,2015559350,7476 Moss Rd.,N/A,Newark,NJ,94019,USA,NA,Brown,William,Small,2005,4,2,April,Q2,2005-04,NA,1135.31,600.6,534.7099999999999,47.098149404127504,Low
10416,23,91.34,9,2100.82,2005-05-10,Shipped,2,5,2005,Planes,91,S700_1691,L'ordine Souveniers,0522-556555,Strada Provinciale 124,N/A,Reggio Emilia,N/A,42100,Italy,EMEA,Moroni,Maurizio,Small,2005,5,2,May,Q2,2005-05,EMEA,2100.82,1255.8,845.0200000000002,40.22334136194439,Low
10105,29,70.15,12,2034.35,2003-02-11,Shipped,1,2,2003,Ships,86,S700_1938,Danish Wholesale Imports,31 12 3555,Vinb'ltet 34,N/A,Kobenhavn,N/A,1734,Denmark,EMEA,Petersen,Jytte,Small,2003,2,1,February,Q1,2003-02,EMEA,2034.35,1496.3999999999999,537.95,26.44333570919459,Low
10117,38,79.68,6,3027.84,2003-04-16,Shipped,2,4,2003,Ships,86,S700_1938,"Dragon Souveniers, Ltd.",+65 221 7555,"Bronz Sok., Bronz Apt. 3/6 Tesvikiye",N/A,Singapore,N/A,79903,Singapore,Japan,Natividad,Eric,Medium,2003,4,2,April,Q2,2003-04,Japan,3027.84,1960.8,1067.0400000000002,35.24096385542169,Medium
10128,32,97.0,3,3104.0,2003-06-06,Shipped,2,6,2003,Ships,86,S700_1938,Euro Shopping Channel,(91) 555 94 44,"C/ Moralzarzal, 86",N/A,Madrid,N/A,28034,Spain,EMEA,Freyre,Diego,Medium,2003,6,2,June,Q2,2003-06,EMEA,3104.0,1651.2,1452.8,46.8041237113402,Medium
10142,43,84.01,9,3612.43,2003-08-08,Shipped,3,8,2003,Ships,86,S700_1938,Mini Gifts Distributors Ltd.,4155551450,5677 Strong St.,N/A,San Rafael,CA,97562,USA,NA,Nelson,Valarie,Medium,2003,8,3,August,Q3,2003-08,NA,3612.43,2218.7999999999997,1393.63,38.578740626115945,Medium
10153,31,87.48,8,2711.88,2003-09-28,Shipped,3,9,2003,Ships,86,S700_1938,Euro Shopping Channel,(91) 555 94 44,"C/ Moralzarzal, 86",N/A,Madrid,N/A,28034,Spain,EMEA,Freyre,Diego,Small,2003,9,3,September,Q3,2003-09,EMEA,2711.88,1599.6,1112.2800000000002,41.01508916323732,Low
10166,29,100.0,3,3013.97,2003-10-21,Shipped,4,10,2003,Ships,86,S700_1938,FunGiftIdeas.com,5085552555,1785 First Street,N/A,New Bedford,MA,50553,USA,NA,Benitez,Violeta,Medium,2003,10,4,October,Q4,2003-10,NA,3013.97,1496.3999999999999,1517.57,50.35119792167806,Medium
10177,31,88.34,10,2738.54,2003-11-07,Shipped,4,11,2003,Ships,86,S700_1938,CAF Imports,+34 913 728 555,"Merchants House, 27-30 Merchant's Quay",N/A,Madrid,N/A,28023,Spain,EMEA,Fernandez,Jesus,Small,2003,11,4,November,Q4,2003-11,EMEA,2738.54,1599.6,1138.94,41.589314014036674,Low
10185,30,94.4,10,2832.0,2003-11-14,Shipped,4,11,2003,Ships,86,S700_1938,Mini Creations Ltd.,5085559555,4575 Hillside Dr.,N/A,New Bedford,MA,50553,USA,NA,Tam,Wing C,Small,2003,11,4,November,Q4,2003-11,NA,2832.0,1548.0,1284.0,45.33898305084746,Low
10196,50,94.4,2,4720.0,2003-11-26,Shipped,4,11,2003,Ships,86,S700_1938,Super Scale Inc.,2035559545,567 North Pendale Street,N/A,New Haven,CT,97823,USA,NA,Murphy,Leslie,Medium,2003,11,4,November,Q4,2003-11,NA,4720.0,2580.0,2140.0,45.33898305084746,Medium
10208,40,80.55,10,3222.0,2004-01-02,Shipped,1,1,2004,Ships,86,S700_1938,"Saveley & Henriot, Co.",78.32.5555,"2, rue du Commerce",N/A,Lyon,N/A,69004,France,EMEA,Saveley,Mary,Medium,2004,1,1,January,Q1,2004-01,EMEA,3222.0,2064.0,1158.0,35.940409683426445,Medium
10221,23,97.0,4,2231.0,2004-02-18,Shipped,1,2,2004,Ships,86,S700_1938,Petit Auto,(02) 5554 67,Rue Joseph-Bens 532,N/A,Bruxelles,N/A,B-1180,Belgium,EMEA,Dewey,Catherine,Small,2004,2,1,February,Q1,2004-02,EMEA,2231.0,1186.8,1044.2,46.8041237113402,Low
10232,26,88.34,7,2296.84,2004-03-20,Shipped,1,3,2004,Ships,86,S700_1938,giftsbymail.co.uk,(198) 555-8888,Garden House Crowther Way,N/A,Cowes,Isle of Wight,PO31 7PJ,UK,EMEA,Bennett,Helen,Small,2004,3,1,March,Q1,2004-03,EMEA,2296.84,1341.6,955.2400000000002,41.58931401403668,Low
10248,40,100.0,13,4157.2,2004-05-07,Cancelled,2,5,2004,Ships,86,S700_1938,Land of Toys Inc.,2125557818,897 Long Airport Avenue,N/A,NYC,NY,10022,USA,NA,Yu,Kwai,Medium,2004,5,2,May,Q2,2004-05,NA,4157.2,2064.0,2093.2,50.35119792167805,Medium
10273,21,100.0,14,2146.2,2004-07-21,Shipped,3,7,2004,Ships,86,S700_1938,Petit Auto,(02) 5554 67,Rue Joseph-Bens 532,N/A,Bruxelles,N/A,B-1180,Belgium,EMEA,Dewey,Catherine,Small,2004,7,3,July,Q3,2004-07,EMEA,2146.2,1083.6,1062.6,49.510763209393346,Low
10282,43,86.61,2,3724.23,2004-08-20,Shipped,3,8,2004,Ships,86,S700_1938,Mini Gifts Distributors Ltd.,4155551450,5677 Strong St.,N/A,San Rafael,CA,97562,USA,NA,Nelson,Valarie,Medium,2004,8,3,August,Q3,2004-08,NA,3724.23,2218.7999999999997,1505.4300000000003,40.42258399722897,Medium
10293,29,71.89,5,2084.81,2004-09-09,Shipped,3,9,2004,Ships,86,S700_1938,Amica Models & Co.,011-4988555,Via Monte Bianco 34,N/A,Torino,N/A,10100,Italy,EMEA,Accorti,Paolo,Small,2004,9,3,September,Q3,2004-09,EMEA,2084.81,1496.3999999999999,588.4100000000001,28.223675059118104,Low
10306,38,91.81,10,3488.78,2004-10-14,Shipped,4,10,2004,Ships,86,S700_1938,"AV Stores, Co.",(171) 555-1555,Fauntleroy Circus,N/A,Manchester,N/A,EC2 5NT,UK,EMEA,Ashworth,Victoria,Medium,2004,10,4,October,Q4,2004-10,EMEA,3488.78,1960.8,1527.9800000000002,43.7969720074066,Medium
10314,23,76.22,2,1753.06,2004-10-22,Shipped,4,10,2004,Ships,86,S700_1938,Heintze Collectables,86 21 3555,Smagsloget 45,N/A,Aaarhus,N/A,8200,Denmark,EMEA,Ibsen,Palle,Small,2004,10,4,October,Q4,2004-10,EMEA,1753.06,1186.8,566.26,32.30123327210706,Low
10327,20,100.0,7,3469.2,2004-11-10,Resolved,4,11,2004,Ships,86,S700_1938,Danish Wholesale Imports,31 12 3555,Vinb'ltet 34,N/A,Kobenhavn,N/A,1734,Denmark,EMEA,Petersen,Jytte,Medium,2004,11,4,November,Q4,2004-11,EMEA,3469.2,1032.0,2437.2,70.25250778277412,Medium
10337,36,70.3,9,2530.8,2004-11-21,Shipped,4,11,2004,Ships,86,S700_1938,Classic Legends Inc.,2125558493,5905 Pompton St.,Suite 750,NYC,NY,10022,USA,NA,Hernandez,Maria,Small,2004,11,4,November,Q4,2004-11,NA,2530.8,1857.6,673.2000000000003,26.60028449502135,Low
10350,28,100.0,4,2924.32,2004-12-02,Shipped,4,12,2004,Ships,86,S700_1938,Euro Shopping Channel,(91) 555 94 44,"C/ Moralzarzal, 86",N/A,Madrid,N/A,28034,Spain,EMEA,Freyre,Diego,Small,2004,12,4,December,Q4,2004-12,EMEA,2924.32,1444.8,1479.5200000000002,50.59364228265033,Low
10372,44,100.0,2,4496.8,2005-01-26,Shipped,1,1,2005,Ships,86,S700_1938,"Tokyo Collectables, Ltd",+81 3 3584 0555,2-2-8 Roppongi,N/A,Minato-ku,Tokyo,106-0032,Japan,Japan,Shimamura,Akiko,Medium,2005,1,1,January,Q1,2005-01,Japan,4496.8,2270.4,2226.4,49.510763209393346,Medium
10384,49,100.0,1,6397.44,2005-02-23,Shipped,1,2,2005,Ships,86,S700_1938,Corporate Gift Ideas Co.,6505551386,7734 Strong St.,N/A,San Francisco,CA,N/A,USA,NA,Brown,Julie,Medium,2005,2,1,February,Q1,2005-02,NA,6397.44,2528.4,3869.0399999999995,60.47794117647059,High
10397,32,80.55,5,2577.6,2005-03-28,Shipped,1,3,2005,Ships,86,S700_1938,Alpha Cognac,61.77.6555,1 rue Alsace-Lorraine,N/A,Toulouse,N/A,31000,France,EMEA,Roulet,Annette,Small,2005,3,1,March,Q1,2005-03,EMEA,2577.6,1651.2,926.3999999999999,35.94040968342644,Low
10414,34,100.0,13,3533.62,2005-05-06,On Hold,2,5,2005,Ships,86,S700_1938,Gifts4AllAges.com,6175559555,8616 Spinnaker Dr.,N/A,Boston,MA,51003,USA,NA,Yoshido,Juri,Medium,2005,5,2,May,Q2,2005-05,NA,3533.62,1754.3999999999999,1779.22,50.35119792167806,Medium
10106,30,100.0,16,3177.3,2003-02-17,Shipped,1,2,2003,Ships,90,S700_2047,Rovelli Gifts,035-640555,Via Ludovico il Moro 22,N/A,Bergamo,N/A,24100,Italy,EMEA,Rovelli,Giovanni,Medium,2003,2,1,February,Q1,2003-02,EMEA,3177.3,1620.0,1557.3000000000002,49.01331319044472,Medium
10119,29,94.14,7,2730.06,2003-04-28,Shipped,2,4,2003,Ships,90,S700_2047,Salzburg Collectables,6562-9555,Geislweg 14,N/A,Salzburg,N/A,5020,Austria,EMEA,Pipps,Georg,Small,2003,4,2,April,Q2,2003-04,EMEA,2730.06,1566.0,1164.06,42.638623326959845,Low
10131,22,85.99,8,1891.78,2003-06-16,Shipped,2,6,2003,Ships,90,S700_2047,Gift Ideas Corp.,2035554407,2440 Pompton St.,N/A,Glendale,CT,97561,USA,NA,Lewis,Dan,Small,2003,6,2,June,Q2,2003-06,NA,1891.78,1188.0,703.78,37.202000232585185,Low
10143,26,100.0,11,2612.48,2003-08-10,Shipped,3,8,2003,Ships,90,S700_2047,Mini Creations Ltd.,5085559555,4575 Hillside Dr.,N/A,New Bedford,MA,50553,USA,NA,Tam,Wing C,Small,2003,8,3,August,Q3,2003-08,NA,2612.48,1404.0,1208.48,46.25796178343949,Low
10155,32,91.43,9,2925.76,2003-10-06,Shipped,4,10,2003,Ships,90,S700_2047,"Toys of Finland, Co.",90-224 8555,Keskuskatu 45,N/A,Helsinki,N/A,21240,Finland,EMEA,Karttunen,Matti,Small,2003,10,4,October,Q4,2003-10,EMEA,2925.76,1728.0,1197.7600000000002,40.93842283714317,Low
10167,29,100.0,5,2940.02,2003-10-23,Cancelled,4,10,2003,Ships,90,S700_2047,Scandinavian Gift Ideas,0695-34 6555,?kergatan 24,N/A,Boras,N/A,S-844 67,Sweden,EMEA,Larsson,Maria,Small,2003,10,4,October,Q4,2003-10,EMEA,2940.02,1566.0,1374.02,46.73505622410732,Low
10178,34,96.86,8,3293.24,2003-11-08,Shipped,4,11,2003,Ships,90,S700_2047,Alpha Cognac,61.77.6555,1 rue Alsace-Lorraine,N/A,Toulouse,N/A,31000,France,EMEA,Roulet,Annette,Medium,2003,11,4,November,Q4,2003-11,EMEA,3293.24,1836.0,1457.2399999999998,44.24943217014247,Medium
10186,24,99.57,5,2389.68,2003-11-14,Shipped,4,11,2003,Ships,90,S700_2047,"Double Decker Gift Stores, Ltd",(171) 555-7555,120 Hanover Sq.,N/A,London,N/A,WA1 1DP,UK,EMEA,Hardy,Thomas,Small,2003,11,4,November,Q4,2003-11,EMEA,2389.68,1296.0,1093.6799999999998,45.76679722808074,Low
10197,24,90.52,2,2172.48,2003-11-26,Shipped,4,11,2003,Ships,90,S700_2047,Enaco Distributors,(93) 203 4555,"Rambla de Catalu¤a, 23",N/A,Barcelona,N/A,8022,Spain,EMEA,Saavedra,Eduardo,Small,2003,11,4,November,Q4,2003-11,EMEA,2172.48,1296.0,876.48,40.34467520989837,Low
10209,33,88.71,4,2927.43,2004-01-09,Shipped,1,1,2004,Ships,90,S700_2047,"Men 'R' US Retailers, Ltd.",2155554369,6047 Douglas Av.,N/A,Los Angeles,CA,N/A,USA,NA,Chandler,Michael,Small,2004,1,1,January,Q1,2004-01,NA,2927.43,1782.0,1145.4299999999998,39.1274940818397,Low
10222,26,100.0,8,2659.54,2004-02-19,Shipped,1,2,2004,Ships,90,S700_2047,Collectable Mini Designs Co.,7605558146,361 Furth Circle,N/A,San Diego,CA,91217,USA,NA,Thompson,Valarie,Small,2004,2,1,February,Q1,2004-02,NA,2659.54,1404.0,1255.54,47.20891582754913,Low
10249,40,95.95,4,3838.0,2004-05-08,Shipped,2,5,2004,Ships,90,S700_2047,Cambridge Collectables Co.,6175555555,4658 Baden Av.,N/A,Cambridge,MA,51247,USA,NA,Tseng,Kyung,Medium,2004,5,2,May,Q2,2004-05,NA,3838.0,2160.0,1678.0,43.72068785825951,Medium
10262,44,94.14,13,4142.16,2004-06-24,Cancelled,2,6,2004,Ships,90,S700_2047,Euro Shopping Channel,(91) 555 94 44,"C/ Moralzarzal, 86",N/A,Madrid,N/A,28034,Spain,EMEA,Freyre,Diego,Medium,2004,6,2,June,Q2,2004-06,EMEA,4142.16,2376.0,1766.1599999999999,42.638623326959845,Medium
10274,24,90.52,5,2172.48,2004-07-21,Shipped,3,7,2004,Ships,90,S700_2047,Collectables For Less Inc.,6175558555,7825 Douglas Av.,N/A,Brickhaven,MA,58339,USA,NA,Nelson,Allen,Small,2004,7,3,July,Q3,2004-07,NA,2172.48,1296.0,876.48,40.34467520989837,Low
10283,20,94.14,2,1882.8,2004-08-20,Shipped,3,8,2004,Ships,90,S700_2047,"Royal Canadian Collectables, Ltd.",(604) 555-4555,23 Tsawassen Blvd.,N/A,Tsawassen,BC,T2F 8M4,Canada,NA,Lincoln,Elizabeth,Small,2004,8,3,August,Q3,2004-08,NA,1882.8,1080.0,802.8,42.638623326959845,Low
10296,34,100.0,11,3477.86,2004-09-15,Shipped,3,9,2004,Ships,90,S700_2047,"Bavarian Collectables Imports, Co.",+49 89 61 08 9555,Hansastr. 15,N/A,Munich,N/A,80686,Germany,EMEA,Donnermeyer,Michael,Medium,2004,9,3,September,Q3,2004-09,EMEA,3477.86,1836.0,1641.8600000000001,47.20891582754913,Medium
10307,34,97.76,5,3323.84,2004-10-14,Shipped,4,10,2004,Ships,90,S700_2047,"Classic Gift Ideas, Inc",2155554695,782 First Street,N/A,Philadelphia,PA,71270,USA,NA,Cervantes,Francisca,Medium,2004,10,4,October,Q4,2004-10,NA,3323.84,1836.0,1487.8400000000001,44.762684124386254,Medium
10316,45,93.24,13,4195.8,2004-11-01,Shipped,4,11,2004,Ships,90,S700_2047,giftsbymail.co.uk,(198) 555-8888,Garden House Crowther Way,N/A,Cowes,Isle of Wight,PO31 7PJ,UK,EMEA,Bennett,Helen,Medium,2004,11,4,November,Q4,2004-11,EMEA,4195.8,2430.0,1765.8000000000002,42.08494208494209,Medium
10328,41,100.0,9,4156.58,2004-11-12,Shipped,4,11,2004,Ships,90,S700_2047,Rovelli Gifts,035-640555,Via Ludovico il Moro 22,N/A,Bergamo,N/A,24100,Italy,EMEA,Rovelli,Giovanni,Medium,2004,11,4,November,Q4,2004-11,EMEA,4156.58,2214.0,1942.58,46.73505622410732,Medium
10339,55,71.25,15,3918.75,2004-11-23,Shipped,4,11,2004,Ships,90,S700_2047,"Tokyo Collectables, Ltd",+81 3 3584 0555,2-2-8 Roppongi,N/A,Minato-ku,Tokyo,106-0032,Japan,Japan,Shimamura,Akiko,Medium,2004,11,4,November,Q4,2004-11,Japan,3918.75,2970.0,948.75,24.210526315789473,Medium
10352,23,100.0,3,2352.67,2004-12-03,Shipped,4,12,2004,Ships,90,S700_2047,Auto-Moto Classics Inc.,6175558428,16780 Pompton St.,N/A,Brickhaven,MA,58339,USA,NA,Taylor,Leslie,Small,2004,12,4,December,Q4,2004-12,NA,2352.67,1242.0,1110.67,47.20891582754913,Low
10361,24,45.39,14,1089.36,2004-12-17,Shipped,4,12,2004,Ships,90,S700_2047,Souveniers And Things Co.,+61 2 9495 8555,"Monitor Money Building, 815 Pacific Hwy",Level 6,Chatswood,NSW,2067,Australia,APAC,Huxley,Adrian,Small,2004,12,4,December,Q4,2004-12,APAC,1089.36,1296.0,-206.6400000000001,-18.96893588896234,Low
10373,32,84.41,15,2701.12,2005-01-31,Shipped,1,1,2005,Ships,90,S700_2047,"Oulu Toy Supplies, Inc.",981-443655,Torikatu 38,N/A,Oulu,N/A,90110,Finland,EMEA,Koskitalo,Pirkko,Small,2005,1,1,January,Q1,2005-01,EMEA,2701.12,1728.0,973.1199999999999,36.026537140149266,Low
10386,29,85.76,13,2487.04,2005-03-01,Resolved,1,3,2005,Ships,90,S700_2047,Euro Shopping Channel,(91) 555 94 44,"C/ Moralzarzal, 86",N/A,Madrid,N/A,28034,Spain,EMEA,Freyre,Diego,Small,2005,3,1,March,Q1,2005-03,EMEA,2487.04,1566.0,921.04,37.03358208955223,Low
10398,36,100.0,7,3910.32,2005-03-30,Shipped,1,3,2005,Ships,90,S700_2047,Reims Collectables,26.47.1555,59 rue de l'Abbaye,N/A,Reims,N/A,51100,France,EMEA,Henriot,Paul,Medium,2005,3,1,March,Q1,2005-03,EMEA,3910.32,1944.0,1966.3200000000002,50.28539863745167,Medium
10400,46,87.8,5,4038.8,2005-04-01,Shipped,2,4,2005,Ships,90,S700_2047,The Sharp Gifts Warehouse,4085553659,3086 Ingle Ln.,N/A,San Jose,CA,94217,USA,NA,Frick,Sue,Medium,2005,4,2,April,Q2,2005-04,NA,4038.8,2484.0,1554.8000000000002,38.496583143507976,Medium
10415,32,95.95,4,3070.4,2005-05-09,Disputed,2,5,2005,Ships,90,S700_2047,"Australian Collectables, Ltd",61-9-3844-6555,7 Allen Street,N/A,Glen Waverly,Victoria,3150,Australia,APAC,Connery,Sean,Medium,2005,5,2,May,Q2,2005-05,APAC,3070.4,1728.0,1342.4,43.72068785825951,Medium
10106,34,100.0,9,3763.46,2003-02-17,Shipped,1,2,2003,Planes,99,S700_2466,Rovelli Gifts,035-640555,Via Ludovico il Moro 22,N/A,Bergamo,N/A,24100,Italy,EMEA,Rovelli,Giovanni,Medium,2003,2,1,February,Q1,2003-02,EMEA,3763.46,2019.6,1743.8600000000001,46.33661577378264,Medium
10120,24,100.0,15,2584.8,2003-04-29,Shipped,2,4,2003,Planes,99,S700_2466,"Australian Collectors, Co.",03 9520 4555,636 St Kilda Road,Level 3,Melbourne,Victoria,3004,Australia,APAC,Ferguson,Peter,Small,2003,4,2,April,Q2,2003-04,APAC,2584.8,1425.6,1159.2000000000003,44.846796657381624,Low
10131,40,100.0,1,4427.6,2003-06-16,Shipped,2,6,2003,Planes,99,S700_2466,Gift Ideas Corp.,2035554407,2440 Pompton St.,N/A,Glendale,CT,97561,USA,NA,Lewis,Dan,Medium,2003,6,2,June,Q2,2003-06,NA,4427.6,2376.0,2051.6000000000004,46.33661577378264,Medium
10143,26,82.77,4,2152.02,2003-08-10,Shipped,3,8,2003,Planes,99,S700_2466,Mini Creations Ltd.,5085559555,4575 Hillside Dr.,N/A,New Bedford,MA,50553,USA,NA,Tam,Wing C,Small,2003,8,3,August,Q3,2003-08,NA,2152.02,1544.3999999999999,607.6200000000001,28.234867705690476,Low
10155,20,100.0,2,2353.4,2003-10-06,Shipped,4,10,2003,Planes,99,S700_2466,"Toys of Finland, Co.",90-224 8555,Keskuskatu 45,N/A,Helsinki,N/A,21240,Finland,EMEA,Karttunen,Matti,Small,2003,10,4,October,Q4,2003-10,EMEA,2353.4,1188.0,1165.4,49.519843630492055,Low
10168,31,100.0,16,3431.39,2003-10-28,Shipped,4,10,2003,Planes,99,S700_2466,Technics Stores Inc.,6505556809,9408 Furth Circle,N/A,Burlingame,CA,94217,USA,NA,Hirano,Juri,Medium,2003,10,4,October,Q4,2003-10,NA,3431.39,1841.3999999999999,1589.99,46.33661577378263,Medium
10178,22,87.75,1,1930.5,2003-11-08,Shipped,4,11,2003,Planes,99,S700_2466,Alpha Cognac,61.77.6555,1 rue Alsace-Lorraine,N/A,Toulouse,N/A,31000,France,EMEA,Roulet,Annette,Small,2003,11,4,November,Q4,2003-11,EMEA,1930.5,1306.8,623.7,32.30769230769231,Low
10198,42,100.0,1,4774.56,2003-11-27,Shipped,4,11,2003,Planes,99,S700_2466,Cruz & Sons Co.,+63 2 555 3587,15 McCallum Street - NatWest Center #13-03,N/A,Makati City,N/A,1227 MM,Philippines,Japan,Cruz,Arnold,Medium,2003,11,4,November,Q4,2003-11,Japan,4774.56,2494.7999999999997,2279.7600000000007,47.74806474313865,Medium
10210,26,99.72,14,2592.72,2004-01-12,Shipped,1,1,2004,Planes,99,S700_2466,Osaka Souveniers Co.,+81 06 6342 5555,"Dojima Avanza 4F, 1-6-20 Dojima, Kita-ku",N/A,Osaka,Osaka,530-0003,Japan,Japan,Kentary,Mory,Small,2004,1,1,January,Q1,2004-01,Japan,2592.72,1544.3999999999999,1048.32,40.4332129963899,Low
10222,37,87.75,1,3246.75,2004-02-19,Shipped,1,2,2004,Planes,99,S700_2466,Collectable Mini Designs Co.,7605558146,361 Furth Circle,N/A,San Diego,CA,91217,USA,NA,Thompson,Valarie,Medium,2004,2,1,February,Q1,2004-02,NA,3246.75,2197.7999999999997,1048.9500000000003,32.307692307692314,Medium
10235,38,88.75,10,3372.5,2004-04-02,Shipped,2,4,2004,Planes,99,S700_2466,"Royal Canadian Collectables, Ltd.",(604) 555-4555,23 Tsawassen Blvd.,N/A,Tsawassen,BC,T2F 8M4,Canada,NA,Lincoln,Elizabeth,Medium,2004,4,2,April,Q2,2004-04,NA,3372.5,2257.2,1115.3000000000002,33.07042253521127,Medium
10250,35,100.0,11,3909.15,2004-05-11,Shipped,2,5,2004,Planes,99,S700_2466,The Sharp Gifts Warehouse,4085553659,3086 Ingle Ln.,N/A,San Jose,CA,94217,USA,NA,Frick,Sue,Medium,2004,5,2,May,Q2,2004-05,NA,3909.15,2079.0,1830.15,46.817082997582595,Medium
10262,33,90.75,6,2994.75,2004-06-24,Cancelled,2,6,2004,Planes,99,S700_2466,Euro Shopping Channel,(91) 555 94 44,"C/ Moralzarzal, 86",N/A,Madrid,N/A,28034,Spain,EMEA,Freyre,Diego,Small,2004,6,2,June,Q2,2004-06,EMEA,2994.75,1960.1999999999998,1034.5500000000002,34.545454545454554,Low
10275,39,100.0,16,4472.52,2004-07-23,Shipped,3,7,2004,Planes,99,S700_2466,La Rochelle Gifts,40.67.8555,"67, rue des Cinquante Otages",N/A,Nantes,N/A,44000,France,EMEA,Labrune,Janine,Medium,2004,7,3,July,Q3,2004-07,EMEA,4472.52,2316.6,2155.9200000000005,48.20369724450646,Medium
10284,45,100.0,8,4576.95,2004-08-21,Shipped,3,8,2004,Planes,99,S700_2466,"Norway Gifts By Mail, Co.",+47 2212 1555,"Drammensveien 126 A, PB 744 Sentrum",N/A,Oslo,N/A,N 0106,Norway,EMEA,Klaeboe,Jan,Medium,2004,8,3,August,Q3,2004-08,EMEA,4576.95,2673.0,1903.9499999999998,41.59866286500836,Medium
10296,24,100.0,4,2441.04,2004-09-15,Shipped,3,9,2004,Planes,99,S700_2466,"Bavarian Collectables Imports, Co.",+49 89 61 08 9555,Hansastr. 15,N/A,Munich,N/A,80686,Germany,EMEA,Donnermeyer,Michael,Small,2004,9,3,September,Q3,2004-09,EMEA,2441.04,1425.6,1015.44,41.598662865008365,Low
10308,35,88.75,14,3106.25,2004-10-15,Shipped,4,10,2004,Planes,99,S700_2466,Mini Classics,9145554562,3758 North Pendale Street,N/A,White Plains,NY,24067,USA,NA,Frick,Steve,Medium,2004,10,4,October,Q4,2004-10,NA,3106.25,2079.0,1027.25,33.07042253521127,Medium
10316,23,100.0,6,2706.41,2004-11-01,Shipped,4,11,2004,Planes,99,S700_2466,giftsbymail.co.uk,(198) 555-8888,Garden House Crowther Way,N/A,Cowes,Isle of Wight,PO31 7PJ,UK,EMEA,Bennett,Helen,Small,2004,11,4,November,Q4,2004-11,EMEA,2706.41,1366.2,1340.2099999999998,49.51984363049205,Low
10328,37,100.0,10,4021.53,2004-11-12,Shipped,4,11,2004,Planes,99,S700_2466,Rovelli Gifts,035-640555,Via Ludovico il Moro 22,N/A,Bergamo,N/A,24100,Italy,EMEA,Rovelli,Giovanni,Medium,2004,11,4,November,Q4,2004-11,EMEA,4021.53,2197.7999999999997,1823.7300000000005,45.349158156224135,Medium
10340,55,87.75,7,4826.25,2004-11-24,Shipped,4,11,2004,Planes,99,S700_2466,Enaco Distributors,(93) 203 4555,"Rambla de Catalu¤a, 23",N/A,Barcelona,N/A,8022,Spain,EMEA,Saavedra,Eduardo,Medium,2004,11,4,November,Q4,2004-11,EMEA,4826.25,3267.0,1559.25,32.30769230769231,Medium
10352,49,100.0,2,4935.28,2004-12-03,Shipped,4,12,2004,Planes,99,S700_2466,Auto-Moto Classics Inc.,6175558428,16780 Pompton St.,N/A,Brickhaven,MA,58339,USA,NA,Taylor,Leslie,Medium,2004,12,4,December,Q4,2004-12,NA,4935.28,2910.6,2024.6799999999998,41.02462271644162,Medium
10361,26,100.0,9,2754.7,2004-12-17,Shipped,4,12,2004,Planes,99,S700_2466,Souveniers And Things Co.,+61 2 9495 8555,"Monitor Money Building, 815 Pacific Hwy",Level 6,Chatswood,NSW,2067,Australia,APAC,Huxley,Adrian,Small,2004,12,4,December,Q4,2004-12,APAC,2754.7,1544.3999999999999,1210.3,43.93581878244455,Low
10375,33,100.0,1,3856.71,2005-02-03,Shipped,1,2,2005,Planes,99,S700_2466,La Rochelle Gifts,40.67.8555,"67, rue des Cinquante Otages",N/A,Nantes,N/A,44000,France,EMEA,Labrune,Janine,Medium,2005,2,1,February,Q1,2005-02,EMEA,3856.71,1960.1999999999998,1896.5100000000002,49.174296226576544,Medium
10386,37,83.84,14,3102.08,2005-03-01,Resolved,1,3,2005,Planes,99,S700_2466,Euro Shopping Channel,(91) 555 94 44,"C/ Moralzarzal, 86",N/A,Madrid,N/A,28034,Spain,EMEA,Freyre,Diego,Medium,2005,3,1,March,Q1,2005-03,EMEA,3102.08,2197.7999999999997,904.2800000000002,29.15076335877863,Medium
10398,22,86.76,8,1908.72,2005-03-30,Shipped,1,3,2005,Planes,99,S700_2466,Reims Collectables,26.47.1555,59 rue de l'Abbaye,N/A,Reims,N/A,51100,France,EMEA,Henriot,Paul,Small,2005,3,1,March,Q1,2005-03,EMEA,1908.72,1306.8,601.9200000000001,31.535269709543574,Low
10401,85,88.75,10,7543.75,2005-04-03,On Hold,2,4,2005,Planes,99,S700_2466,Tekni Collectables Inc.,2015559350,7476 Moss Rd.,N/A,Newark,NJ,94019,USA,NA,Brown,William,Large,2005,4,2,April,Q2,2005-04,NA,7543.75,5049.0,2494.75,33.07042253521127,High
10416,22,100.0,11,2457.18,2005-05-10,Shipped,2,5,2005,Planes,99,S700_2466,L'ordine Souveniers,0522-556555,Strada Provinciale 124,N/A,Reggio Emilia,N/A,42100,Italy,EMEA,Moroni,Maurizio,Small,2005,5,2,May,Q2,2005-05,EMEA,2457.18,1306.8,1150.3799999999999,46.817082997582595,Low
10105,31,65.77,3,2038.87,2003-02-11,Shipped,1,2,2003,Ships,72,S700_2610,Danish Wholesale Imports,31 12 3555,Vinb'ltet 34,N/A,Kobenhavn,N/A,1734,Denmark,EMEA,Petersen,Jytte,Small,2003,2,1,February,Q1,2003-02,EMEA,2038.87,1339.2,699.6699999999998,34.31655770107952,Low
10119,38,65.77,12,2499.26,2003-04-28,Shipped,2,4,2003,Ships,72,S700_2610,Salzburg Collectables,6562-9555,Geislweg 14,N/A,Salzburg,N/A,5020,Austria,EMEA,Pipps,Georg,Small,2003,4,2,April,Q2,2003-04,EMEA,2499.26,1641.6,857.6600000000003,34.31655770107953,Low
10129,45,85.29,3,3838.05,2003-06-12,Shipped,2,6,2003,Ships,72,S700_2610,"Stylish Desk Decors, Co.",(171) 555-0297,35 King George,N/A,London,N/A,WX3 6FW,UK,EMEA,Brown,Ann,Medium,2003,6,2,June,Q2,2003-06,EMEA,3838.05,1944.0,1894.0500000000002,49.349278930707,Medium
10143,31,85.29,16,2643.99,2003-08-10,Shipped,3,8,2003,Ships,72,S700_2610,Mini Creations Ltd.,5085559555,4575 Hillside Dr.,N/A,New Bedford,MA,50553,USA,NA,Tam,Wing C,Small,2003,8,3,August,Q3,2003-08,NA,2643.99,1339.2,1304.7899999999997,49.349278930706994,Low
10154,36,64.33,1,2315.88,2003-10-02,Shipped,4,10,2003,Ships,72,S700_2610,Boards & Toys Co.,3105552373,4097 Douglas Av.,N/A,Glendale,CA,92561,USA,NA,Young,Leslie,Small,2003,10,4,October,Q4,2003-10,NA,2315.88,1555.2,760.6800000000001,32.84626146432458,Low
10167,46,70.11,10,3225.06,2003-10-23,Cancelled,4,10,2003,Ships,72,S700_2610,Scandinavian Gift Ideas,0695-34 6555,?kergatan 24,N/A,Boras,N/A,S-844 67,Sweden,EMEA,Larsson,Maria,Medium,2003,10,4,October,Q4,2003-10,EMEA,3225.06,1987.1999999999998,1237.8600000000001,38.38254172015405,Medium
10177,32,76.62,1,2451.84,2003-11-07,Shipped,4,11,2003,Ships,72,S700_2610,CAF Imports,+34 913 728 555,"Merchants House, 27-30 Merchant's Quay",N/A,Madrid,N/A,28023,Spain,EMEA,Fernandez,Jesus,Small,2003,11,4,November,Q4,2003-11,EMEA,2451.84,1382.3999999999999,1069.4400000000003,43.617854346123735,Low
10185,39,57.82,1,2254.98,2003-11-14,Shipped,4,11,2003,Ships,72,S700_2610,Mini Creations Ltd.,5085559555,4575 Hillside Dr.,N/A,New Bedford,MA,50553,USA,NA,Tam,Wing C,Small,2003,11,4,November,Q4,2003-11,NA,2254.98,1684.8,570.1800000000001,25.28536838464199,Low
10197,50,78.79,7,3939.5,2003-11-26,Shipped,4,11,2003,Ships,72,S700_2610,Enaco Distributors,(93) 203 4555,"Rambla de Catalu¤a, 23",N/A,Barcelona,N/A,8022,Spain,EMEA,Saavedra,Eduardo,Medium,2003,11,4,November,Q4,2003-11,EMEA,3939.5,2160.0,1779.5,45.1707069425054,Medium
10208,46,74.45,1,3424.7,2004-01-02,Shipped,1,1,2004,Ships,72,S700_2610,"Saveley & Henriot, Co.",78.32.5555,"2, rue du Commerce",N/A,Lyon,N/A,69004,France,EMEA,Saveley,Mary,Medium,2004,1,1,January,Q1,2004-01,EMEA,3424.7,1987.1999999999998,1437.5,41.974479516454,Medium
10222,36,80.95,13,2914.2,2004-02-19,Shipped,1,2,2004,Ships,72,S700_2610,Collectable Mini Designs Co.,7605558146,361 Furth Circle,N/A,San Diego,CA,91217,USA,NA,Thompson,Valarie,Small,2004,2,1,February,Q1,2004-02,NA,2914.2,1555.2,1358.9999999999998,46.633724521309446,Low
10233,29,82.4,1,2389.6,2004-03-29,Shipped,1,3,2004,Ships,72,S700_2610,Tekni Collectables Inc.,2015559350,7476 Moss Rd.,N/A,Newark,NJ,94019,USA,NA,Brown,William,Small,2004,3,1,March,Q1,2004-03,NA,2389.6,1252.8,1136.8,47.57281553398058,Low
10248,32,75.89,4,2428.48,2004-05-07,Cancelled,2,5,2004,Ships,72,S700_2610,Land of Toys Inc.,2125557818,897 Long Airport Avenue,N/A,NYC,NY,10022,USA,NA,Yu,Kwai,Small,2004,5,2,May,Q2,2004-05,NA,2428.48,1382.3999999999999,1046.0800000000002,43.07550401897483,Low
10261,44,68.67,2,3021.48,2004-06-17,Shipped,2,6,2004,Ships,72,S700_2610,Quebec Home Shopping Network,(514) 555-8054,43 rue St. Laurent,N/A,Montreal,Quebec,H1J 1C3,Canada,NA,Fresnisre,Jean,Medium,2004,6,2,June,Q2,2004-06,NA,3021.48,1900.8,1120.68,37.090432503276546,Medium
10273,42,62.16,5,2610.72,2004-07-21,Shipped,3,7,2004,Ships,72,S700_2610,Petit Auto,(02) 5554 67,Rue Joseph-Bens 532,N/A,Bruxelles,N/A,B-1180,Belgium,EMEA,Dewey,Catherine,Small,2004,7,3,July,Q3,2004-07,EMEA,2610.72,1814.3999999999999,796.3199999999999,30.501930501930502,Low
10283,47,65.77,7,3091.19,2004-08-20,Shipped,3,8,2004,Ships,72,S700_2610,"Royal Canadian Collectables, Ltd.",(604) 555-4555,23 Tsawassen Blvd.,N/A,Tsawassen,BC,T2F 8M4,Canada,NA,Lincoln,Elizabeth,Medium,2004,8,3,August,Q3,2004-08,NA,3091.19,2030.3999999999999,1060.7900000000002,34.316557701079525,Medium
10295,44,58.55,2,2576.2,2004-09-10,Shipped,3,9,2004,Ships,72,S700_2610,Gifts4AllAges.com,6175559555,8616 Spinnaker Dr.,N/A,Boston,MA,51003,USA,NA,Yoshido,Juri,Small,2004,9,3,September,Q3,2004-09,NA,2576.2,1900.8,675.3999999999999,26.216908625106743,Low
10306,43,75.17,1,3232.31,2004-10-14,Shipped,4,10,2004,Ships,72,S700_2610,"AV Stores, Co.",(171) 555-1555,Fauntleroy Circus,N/A,Manchester,N/A,EC2 5NT,UK,EMEA,Ashworth,Victoria,Medium,2004,10,4,October,Q4,2004-10,EMEA,3232.31,1857.6,1374.71,42.53026473327125,Medium
10316,48,74.45,18,3573.6,2004-11-01,Shipped,4,11,2004,Ships,72,S700_2610,giftsbymail.co.uk,(198) 555-8888,Garden House Crowther Way,N/A,Cowes,Isle of Wight,PO31 7PJ,UK,EMEA,Bennett,Helen,Medium,2004,11,4,November,Q4,2004-11,EMEA,3573.6,2073.6,1500.0,41.974479516454,Medium
10327,21,96.31,1,2022.51,2004-11-10,Resolved,4,11,2004,Ships,72,S700_2610,Danish Wholesale Imports,31 12 3555,Vinb'ltet 34,N/A,Kobenhavn,N/A,1734,Denmark,EMEA,Petersen,Jytte,Small,2004,11,4,November,Q4,2004-11,EMEA,2022.51,907.1999999999999,1115.31,55.14484477209012,Low
10339,50,74.35,9,3717.5,2004-11-23,Shipped,4,11,2004,Ships,72,S700_2610,"Tokyo Collectables, Ltd",+81 3 3584 0555,2-2-8 Roppongi,N/A,Minato-ku,Tokyo,106-0032,Japan,Japan,Shimamura,Akiko,Medium,2004,11,4,November,Q4,2004-11,Japan,3717.5,2160.0,1557.5,41.89643577673167,Medium
10350,29,75.35,12,2185.15,2004-12-02,Shipped,4,12,2004,Ships,72,S700_2610,Euro Shopping Channel,(91) 555 94 44,"C/ Moralzarzal, 86",N/A,Madrid,N/A,28034,Spain,EMEA,Freyre,Diego,Small,2004,12,4,December,Q4,2004-12,EMEA,2185.15,1252.8,932.3500000000001,42.66755142667552,Low
10373,41,70.33,16,2883.53,2005-01-31,Shipped,1,1,2005,Ships,72,S700_2610,"Oulu Toy Supplies, Inc.",981-443655,Torikatu 38,N/A,Oulu,N/A,90110,Finland,EMEA,Koskitalo,Pirkko,Small,2005,1,1,January,Q1,2005-01,EMEA,2883.53,1771.2,1112.3300000000002,38.575287928337836,Low
10386,37,100.0,10,5017.57,2005-03-01,Resolved,1,3,2005,Ships,72,S700_2610,Euro Shopping Channel,(91) 555 94 44,"C/ Moralzarzal, 86",N/A,Madrid,N/A,28034,Spain,EMEA,Freyre,Diego,Medium,2005,3,1,March,Q1,2005-03,EMEA,5017.57,1598.3999999999999,3419.17,68.14394218715435,Medium
10397,22,66.5,4,1463.0,2005-03-28,Shipped,1,3,2005,Ships,72,S700_2610,Alpha Cognac,61.77.6555,1 rue Alsace-Lorraine,N/A,Toulouse,N/A,31000,France,EMEA,Roulet,Annette,Small,2005,3,1,March,Q1,2005-03,EMEA,1463.0,950.4,512.6,35.037593984962406,Low
10414,31,75.89,4,2352.59,2005-05-06,On Hold,2,5,2005,Ships,72,S700_2610,Gifts4AllAges.com,6175559555,8616 Spinnaker Dr.,N/A,Boston,MA,51003,USA,NA,Yoshido,Juri,Small,2005,5,2,May,Q2,2005-05,NA,2352.59,1339.2,1013.3900000000001,43.07550401897483,Low
10103,42,100.0,6,4460.82,2003-01-29,Shipped,1,1,2003,Classic Cars,101,S700_2824,Baane Mini Imports,07-98 9555,Erling Skakkes gate 78,N/A,Stavern,N/A,4110,Norway,EMEA,Bergulfsen,Jonas,Medium,2003,1,1,January,Q1,2003-01,EMEA,4460.82,2545.2,1915.62,42.94322568496376,Medium
10114,42,100.0,10,4758.18,2003-04-01,Shipped,2,4,2003,Classic Cars,101,S700_2824,"La Corne D'abondance, Co.",(1) 42.34.2555,"265, boulevard Charonne",N/A,Paris,N/A,75012,France,EMEA,Bertrand,Marie,Medium,2003,4,2,April,Q2,2003-04,EMEA,4758.18,2545.2,2212.9800000000005,46.508959307970706,Medium
10126,45,100.0,6,4597.2,2003-05-28,Shipped,2,5,2003,Classic Cars,101,S700_2824,"Corrida Auto Replicas, Ltd",(91) 555 22 82,"C/ Araquil, 67",N/A,Madrid,N/A,28023,Spain,EMEA,Sommer,Mart¡n,Medium,2003,5,2,May,Q2,2003-05,EMEA,4597.2,2727.0,1870.1999999999998,40.68128425998434,Medium
10140,36,100.0,6,4114.8,2003-07-24,Shipped,3,7,2003,Classic Cars,101,S700_2824,Technics Stores Inc.,6505556809,9408 Furth Circle,N/A,Burlingame,CA,94217,USA,NA,Hirano,Juri,Medium,2003,7,3,July,Q3,2003-07,NA,4114.8,2181.6,1933.2000000000003,46.98162729658793,Medium
10150,20,100.0,3,2104.0,2003-09-19,Shipped,3,9,2003,Classic Cars,101,S700_2824,"Dragon Souveniers, Ltd.",+65 221 7555,"Bronz Sok., Bronz Apt. 3/6 Tesvikiye",N/A,Singapore,N/A,79903,Singapore,Japan,Natividad,Eric,Small,2003,9,3,September,Q3,2003-09,Japan,2104.0,1212.0,892.0,42.39543726235742,Low
10164,39,81.93,4,3195.27,2003-10-21,Resolved,4,10,2003,Classic Cars,101,S700_2824,Mini Auto Werke,7675-3555,Kirchgasse 6,N/A,Graz,N/A,8010,Austria,EMEA,Mendel,Roland,Medium,2003,10,4,October,Q4,2003-10,EMEA,3195.27,2363.4,831.8699999999999,26.03441962651043,Medium
10175,42,85.98,11,3611.16,2003-11-06,Shipped,4,11,2003,Classic Cars,101,S700_2824,"Stylish Desk Decors, Co.",(171) 555-0297,35 King George,N/A,London,N/A,WX3 6FW,UK,EMEA,Brown,Ann,Medium,2003,11,4,November,Q4,2003-11,EMEA,3611.16,2545.2,1065.96,29.518492672714586,Medium
10183,23,86.99,3,2000.77,2003-11-13,Shipped,4,11,2003,Classic Cars,101,S700_2824,"Classic Gift Ideas, Inc",2155554695,782 First Street,N/A,Philadelphia,PA,71270,USA,NA,Cervantes,Francisca,Small,2003,11,4,November,Q4,2003-11,NA,2000.77,1393.8,606.97,30.336820324175196,Low
10194,26,89.01,6,2314.26,2003-11-25,Shipped,4,11,2003,Classic Cars,101,S700_2824,"Saveley & Henriot, Co.",78.32.5555,"2, rue du Commerce",N/A,Lyon,N/A,69004,France,EMEA,Saveley,Mary,Small,2003,11,4,November,Q4,2003-11,EMEA,2314.26,1575.6,738.6600000000003,31.917762049207965,Low
10206,33,100.0,1,3871.89,2003-12-05,Shipped,4,12,2003,Classic Cars,101,S700_2824,Canadian Gift Exchange Network,(604) 555-3392,1900 Oak St.,N/A,Vancouver,BC,V3F 2K1,Canada,NA,Tannamuri,Yoshi,Medium,2003,12,4,December,Q4,2003-12,NA,3871.89,1999.8,1872.09,48.35080542060854,Medium
10217,31,88.0,6,2728.0,2004-02-04,Shipped,1,2,2004,Classic Cars,101,S700_2824,Handji Gifts& Co,+65 224 1555,Village Close - 106 Linden Road Sandown,2nd Floor,Singapore,N/A,69045,Singapore,APAC,Victorino,Wendy,Small,2004,2,1,February,Q1,2004-02,APAC,2728.0,1878.6,849.4000000000001,31.13636363636364,Low
10229,50,100.0,11,5614.0,2004-03-11,Shipped,1,3,2004,Classic Cars,101,S700_2824,Mini Gifts Distributors Ltd.,4155551450,5677 Strong St.,N/A,San Rafael,CA,97562,USA,NA,Nelson,Valarie,Medium,2004,3,1,March,Q1,2004-03,NA,5614.0,3030.0,2584.0,46.02778767367296,Medium
10245,44,100.0,4,4628.8,2004-05-04,Shipped,2,5,2004,Classic Cars,101,S700_2824,Super Scale Inc.,2035559545,567 North Pendale Street,N/A,New Haven,CT,97823,USA,NA,Murphy,Leslie,Medium,2004,5,2,May,Q2,2004-05,NA,4628.8,2666.4,1962.4,42.39543726235742,Medium
10258,45,80.92,1,3641.4,2004-06-15,Shipped,2,6,2004,Classic Cars,101,S700_2824,"Tokyo Collectables, Ltd",+81 3 3584 0555,2-2-8 Roppongi,N/A,Minato-ku,Tokyo,106-0032,Japan,Japan,Shimamura,Akiko,Medium,2004,6,2,June,Q2,2004-06,Japan,3641.4,2727.0,914.4000000000001,25.111220958971824,Medium
10270,46,88.0,4,4048.0,2004-07-19,Shipped,3,7,2004,Classic Cars,101,S700_2824,Souveniers And Things Co.,+61 2 9495 8555,"Monitor Money Building, 815 Pacific Hwy",Level 6,Chatswood,NSW,2067,Australia,APAC,Huxley,Adrian,Medium,2004,7,3,July,Q3,2004-07,APAC,4048.0,2787.6,1260.4,31.13636363636364,Medium
10281,27,85.98,11,2321.46,2004-08-19,Shipped,3,8,2004,Classic Cars,101,S700_2824,Diecast Classics Inc.,2155551555,7586 Pompton St.,N/A,Allentown,PA,70267,USA,NA,Yu,Kyung,Small,2004,8,3,August,Q3,2004-08,NA,2321.46,1636.2,685.26,29.518492672714586,Low
10291,28,100.0,6,3256.96,2004-09-08,Shipped,3,9,2004,Classic Cars,101,S700_2824,Scandinavian Gift Ideas,0695-34 6555,?kergatan 24,N/A,Boras,N/A,S-844 67,Sweden,EMEA,Larsson,Maria,Medium,2004,9,3,September,Q3,2004-09,EMEA,3256.96,1696.8,1560.16,47.902338376891336,Medium
10304,40,100.0,1,4208.0,2004-10-11,Shipped,4,10,2004,Classic Cars,101,S700_2824,Auto Assoc. & Cie.,30.59.8555,"67, avenue de l'Europe",N/A,Versailles,N/A,78000,France,EMEA,Tonini,Daniel,Medium,2004,10,4,October,Q4,2004-10,EMEA,4208.0,2424.0,1784.0,42.39543726235742,Medium
10313,30,99.13,9,2973.9,2004-10-22,Shipped,4,10,2004,Classic Cars,101,S700_2824,Canadian Gift Exchange Network,(604) 555-3392,1900 Oak St.,N/A,Vancouver,BC,V3F 2K1,Canada,NA,Tannamuri,Yoshi,Small,2004,10,4,October,Q4,2004-10,NA,2973.9,1818.0,1155.9,38.868152930495306,Low
10324,34,100.0,5,4248.3,2004-11-05,Shipped,4,11,2004,Classic Cars,101,S700_2824,Vitachrome Inc.,2125551500,2678 Kingston Rd.,Suite 101,NYC,NY,10022,USA,NA,Frick,Michael,Medium,2004,11,4,November,Q4,2004-11,NA,4248.3,2060.4,2187.9,51.50060024009604,Medium
10336,46,100.0,2,9558.8,2004-11-20,Shipped,4,11,2004,Classic Cars,101,S700_2824,"La Corne D'abondance, Co.",(1) 42.34.2555,"265, boulevard Charonne",N/A,Paris,N/A,75012,France,EMEA,Bertrand,Marie,Large,2004,11,4,November,Q4,2004-11,EMEA,9558.8,2787.6,6771.199999999999,70.83734359961501,High
10348,32,82.83,7,2650.56,2004-11-01,Shipped,4,11,2004,Classic Cars,101,S700_2824,"Corrida Auto Replicas, Ltd",(91) 555 22 82,"C/ Araquil, 67",N/A,Madrid,N/A,28023,Spain,EMEA,Sommer,Mart¡n,Small,2004,11,4,November,Q4,2004-11,EMEA,2650.56,1939.1999999999998,711.3600000000001,26.838102136906922,Low
10358,27,100.0,3,3761.37,2004-12-10,Shipped,4,12,2004,Classic Cars,101,S700_2824,Euro Shopping Channel,(91) 555 94 44,"C/ Moralzarzal, 86",N/A,Madrid,N/A,28034,Spain,EMEA,Freyre,Diego,Medium,2004,12,4,December,Q4,2004-12,EMEA,3761.37,1636.2,2125.17,56.49989232646616,Medium
10371,34,100.0,3,4301.34,2005-01-23,Shipped,1,1,2005,Classic Cars,101,S700_2824,Mini Gifts Distributors Ltd.,4155551450,5677 Strong St.,N/A,San Rafael,CA,97562,USA,NA,Nelson,Valarie,Medium,2005,1,1,January,Q1,2005-01,NA,4301.34,2060.4,2240.94,52.098648328195395,Medium
10382,34,54.84,9,1864.56,2005-02-17,Shipped,1,2,2005,Classic Cars,101,S700_2824,Mini Gifts Distributors Ltd.,4155551450,5677 Strong St.,N/A,San Rafael,CA,97562,USA,NA,Nelson,Valarie,Small,2005,2,1,February,Q1,2005-02,NA,1864.56,2060.4,-195.84000000000015,-10.503282275711168,Low
10411,34,100.0,4,3576.8,2005-05-01,Shipped,2,5,2005,Classic Cars,101,S700_2824,Quebec Home Shopping Network,(514) 555-8054,43 rue St. Laurent,N/A,Montreal,Quebec,H1J 1C3,Canada,NA,Fresnisre,Jean,Medium,2005,5,2,May,Q2,2005-05,NA,3576.8,2060.4,1516.4,42.39543726235742,Medium
10424,46,80.92,1,3722.32,2005-05-31,In Process,2,5,2005,Classic Cars,101,S700_2824,Euro Shopping Channel,(91) 555 94 44,"C/ Moralzarzal, 86",N/A,Madrid,N/A,28034,Spain,EMEA,Freyre,Diego,Medium,2005,5,2,May,Q2,2005-05,EMEA,3722.32,2787.6,934.7200000000003,25.11122095897183,Medium
10106,32,100.0,1,3986.56,2003-02-17,Shipped,1,2,2003,Planes,118,S700_2834,Rovelli Gifts,035-640555,Via Ludovico il Moro 22,N/A,Bergamo,N/A,24100,Italy,EMEA,Rovelli,Giovanni,Medium,2003,2,1,February,Q1,2003-02,EMEA,3986.56,2265.6,1720.96,43.16904800128432,Medium
10120,24,100.0,7,3417.12,2003-04-29,Shipped,2,4,2003,Planes,118,S700_2834,"Australian Collectors, Co.",03 9520 4555,636 St Kilda Road,Level 3,Melbourne,Victoria,3004,Australia,APAC,Ferguson,Peter,Medium,2003,4,2,April,Q2,2003-04,APAC,3417.12,1699.2,1717.9199999999998,50.27391487568479,Medium
10133,27,99.67,2,2691.09,2003-06-27,Shipped,2,6,2003,Planes,118,S700_2834,Euro Shopping Channel,(91) 555 94 44,"C/ Moralzarzal, 86",N/A,Madrid,N/A,28034,Spain,EMEA,Freyre,Diego,Small,2003,6,2,June,Q2,2003-06,EMEA,2691.09,1911.6,779.4900000000002,28.965586435236286,Low
10145,20,100.0,13,2752.6,2003-08-25,Shipped,3,8,2003,Planes,118,S700_2834,Toys4GrownUps.com,6265557265,78934 Hillside Dr.,N/A,Pasadena,CA,90003,USA,NA,Young,Julie,Small,2003,8,3,August,Q3,2003-08,NA,2752.6,1416.0,1336.6,48.55772723970064,Low
10168,36,100.0,8,4527.72,2003-10-28,Shipped,4,10,2003,Planes,118,S700_2834,Technics Stores Inc.,6505556809,9408 Furth Circle,N/A,Burlingame,CA,94217,USA,NA,Hirano,Juri,Medium,2003,10,4,October,Q4,2003-10,NA,4527.72,2548.7999999999997,1978.9200000000005,43.70676631947206,Medium
10188,29,100.0,8,3957.05,2003-11-18,Shipped,4,11,2003,Planes,118,S700_2834,Herkku Gifts,+47 2267 3215,"Drammen 121, PR 744 Sentrum",N/A,Bergen,N/A,N 5804,Norway,EMEA,Oeztan,Veysel,Medium,2003,11,4,November,Q4,2003-11,EMEA,3957.05,2053.2,1903.8500000000004,48.112861854159036,Medium
10210,25,100.0,6,2818.0,2004-01-12,Shipped,1,1,2004,Planes,118,S700_2834,Osaka Souveniers Co.,+81 06 6342 5555,"Dojima Avanza 4F, 1-6-20 Dojima, Kita-ku",N/A,Osaka,Osaka,530-0003,Japan,Japan,Kentary,Mory,Small,2004,1,1,January,Q1,2004-01,Japan,2818.0,1770.0,1048.0,37.189496096522355,Low
10223,29,100.0,8,3199.86,2004-02-20,Shipped,1,2,2004,Planes,118,S700_2834,"Australian Collectors, Co.",03 9520 4555,636 St Kilda Road,Level 3,Melbourne,Victoria,3004,Australia,APAC,Ferguson,Peter,Medium,2004,2,1,February,Q1,2004-02,APAC,3199.86,2053.2,1146.6600000000003,35.834692767808605,Medium
10235,25,96.11,2,2402.75,2004-04-02,Shipped,2,4,2004,Planes,118,S700_2834,"Royal Canadian Collectables, Ltd.",(604) 555-4555,23 Tsawassen Blvd.,N/A,Tsawassen,BC,T2F 8M4,Canada,NA,Lincoln,Elizabeth,Small,2004,4,2,April,Q2,2004-04,NA,2402.75,1770.0,632.75,26.334408490271567,Low
10250,44,100.0,3,6055.72,2004-05-11,Shipped,2,5,2004,Planes,118,S700_2834,The Sharp Gifts Warehouse,4085553659,3086 Ingle Ln.,N/A,San Jose,CA,94217,USA,NA,Frick,Sue,Medium,2004,5,2,May,Q2,2004-05,NA,6055.72,3115.2,2940.5200000000004,48.557727239700654,High
10263,47,100.0,9,5465.16,2004-06-28,Shipped,2,6,2004,Planes,118,S700_2834,Gift Depot Inc.,2035552570,25593 South Bay Ln.,N/A,Bridgewater,CT,97562,USA,NA,King,Julie,Medium,2004,6,2,June,Q2,2004-06,NA,5465.16,3327.6,2137.56,39.1124871001032,Medium
10275,48,100.0,8,6378.72,2004-07-23,Shipped,3,7,2004,Planes,118,S700_2834,La Rochelle Gifts,40.67.8555,"67, rue des Cinquante Otages",N/A,Nantes,N/A,44000,France,EMEA,Labrune,Janine,Medium,2004,7,3,July,Q3,2004-07,EMEA,6378.72,3398.4,2980.32,46.7228534878471,High
10285,45,100.0,13,5392.8,2004-08-27,Shipped,3,8,2004,Planes,118,S700_2834,Marta's Replicas Co.,6175558555,39323 Spinnaker Dr.,N/A,Cambridge,MA,51247,USA,NA,Hernandez,Marta,Medium,2004,8,3,August,Q3,2004-08,NA,5392.8,3186.0,2206.8,40.92122830440588,Medium
10297,35,100.0,3,3986.5,2004-09-16,Shipped,3,9,2004,Planes,118,S700_2834,"Clover Collections, Co.",+353 1862 1555,25 Maiden Lane,Floor No. 4,Dublin,N/A,2,Ireland,EMEA,Cassidy,Dean,Medium,2004,9,3,September,Q3,2004-09,EMEA,3986.5,2478.0,1508.5,37.84021071115013,Medium
10308,31,100.0,6,4009.23,2004-10-15,Shipped,4,10,2004,Planes,118,S700_2834,Mini Classics,9145554562,3758 North Pendale Street,N/A,White Plains,NY,24067,USA,NA,Frick,Steve,Medium,2004,10,4,October,Q4,2004-10,NA,4009.23,2194.7999999999997,1814.4300000000003,45.25632103920205,Medium
10318,50,100.0,8,7119.0,2004-11-02,Shipped,4,11,2004,Planes,118,S700_2834,Diecast Classics Inc.,2155551555,7586 Pompton St.,N/A,Allentown,PA,70267,USA,NA,Yu,Kyung,Large,2004,11,4,November,Q4,2004-11,NA,7119.0,3540.0,3579.0,50.27391487568479,High
10328,33,100.0,11,4072.2,2004-11-12,Shipped,4,11,2004,Planes,118,S700_2834,Rovelli Gifts,035-640555,Via Ludovico il Moro 22,N/A,Bergamo,N/A,24100,Italy,EMEA,Rovelli,Giovanni,Medium,2004,11,4,November,Q4,2004-11,EMEA,4072.2,2336.4,1735.7999999999997,42.6256077795786,Medium
10340,29,100.0,6,4094.51,2004-11-24,Shipped,4,11,2004,Planes,118,S700_2834,Enaco Distributors,(93) 203 4555,"Rambla de Catalu¤a, 23",N/A,Barcelona,N/A,8022,Spain,EMEA,Saavedra,Eduardo,Medium,2004,11,4,November,Q4,2004-11,EMEA,4094.51,2053.2,2041.3100000000004,49.854805581131814,Medium
10353,48,68.8,4,3302.4,2004-12-04,Shipped,4,12,2004,Planes,118,S700_2834,Gift Ideas Corp.,2035554407,2440 Pompton St.,N/A,Glendale,CT,97561,USA,NA,Lewis,Dan,Medium,2004,12,4,December,Q4,2004-12,NA,3302.4,3398.4,-96.0,-2.9069767441860463,Medium
10361,44,72.42,5,3186.48,2004-12-17,Shipped,4,12,2004,Planes,118,S700_2834,Souveniers And Things Co.,+61 2 9495 8555,"Monitor Money Building, 815 Pacific Hwy",Level 6,Chatswood,NSW,2067,Australia,APAC,Huxley,Adrian,Medium,2004,12,4,December,Q4,2004-12,APAC,3186.48,3115.2,71.2800000000002,2.2369511184755653,Medium
10375,25,66.73,10,1668.25,2005-02-03,Shipped,1,2,2005,Planes,118,S700_2834,La Rochelle Gifts,40.67.8555,"67, rue des Cinquante Otages",N/A,Nantes,N/A,44000,France,EMEA,Labrune,Janine,Small,2005,2,1,February,Q1,2005-02,EMEA,1668.25,1770.0,-101.75,-6.099205754533194,Low
10388,50,100.0,3,7154.5,2005-03-03,Shipped,1,3,2005,Planes,118,S700_2834,FunGiftIdeas.com,5085552555,1785 First Street,N/A,New Bedford,MA,50553,USA,NA,Benitez,Violeta,Large,2005,3,1,March,Q1,2005-03,NA,7154.5,3540.0,3614.5,50.520651338318544,High
10398,23,100.0,9,2810.83,2005-03-30,Shipped,1,3,2005,Planes,118,S700_2834,Reims Collectables,26.47.1555,59 rue de l'Abbaye,N/A,Reims,N/A,51100,France,EMEA,Henriot,Paul,Small,2005,3,1,March,Q1,2005-03,EMEA,2810.83,1628.3999999999999,1182.43,42.066933966123884,Low
10401,21,96.11,2,2018.31,2005-04-03,On Hold,2,4,2005,Planes,118,S700_2834,Tekni Collectables Inc.,2015559350,7476 Moss Rd.,N/A,Newark,NJ,94019,USA,NA,Brown,William,Small,2005,4,2,April,Q2,2005-04,NA,2018.31,1486.8,531.51,26.334408490271567,Low
10416,41,100.0,3,5642.83,2005-05-10,Shipped,2,5,2005,Planes,118,S700_2834,L'ordine Souveniers,0522-556555,Strada Provinciale 124,N/A,Reggio Emilia,N/A,42100,Italy,EMEA,Moroni,Maurizio,Medium,2005,5,2,May,Q2,2005-05,EMEA,5642.83,2902.7999999999997,2740.03,48.55772723970065,Medium
10106,44,74.4,8,3273.6,2003-02-17,Shipped,1,2,2003,Planes,80,S700_3167,Rovelli Gifts,035-640555,Via Ludovico il Moro 22,N/A,Bergamo,N/A,24100,Italy,EMEA,Rovelli,Giovanni,Medium,2003,2,1,February,Q1,2003-02,EMEA,3273.6,2112.0,1161.6,35.48387096774193,Medium
10120,43,76.0,14,3268.0,2003-04-29,Shipped,2,4,2003,Planes,80,S700_3167,"Australian Collectors, Co.",03 9520 4555,636 St Kilda Road,Level 3,Melbourne,Victoria,3004,Australia,APAC,Ferguson,Peter,Medium,2003,4,2,April,Q2,2003-04,APAC,3268.0,2064.0,1204.0,36.84210526315789,Medium
10143,28,96.0,3,2688.0,2003-08-10,Shipped,3,8,2003,Planes,80,S700_3167,Mini Creations Ltd.,5085559555,4575 Hillside Dr.,N/A,New Bedford,MA,50553,USA,NA,Tam,Wing C,Small,2003,8,3,August,Q3,2003-08,NA,2688.0,1344.0,1344.0,50.0,Low
10155,43,86.4,1,3715.2,2003-10-06,Shipped,4,10,2003,Planes,80,S700_3167,"Toys of Finland, Co.",90-224 8555,Keskuskatu 45,N/A,Helsinki,N/A,21240,Finland,EMEA,Karttunen,Matti,Medium,2003,10,4,October,Q4,2003-10,EMEA,3715.2,2064.0,1651.1999999999998,44.44444444444444,Medium
10168,48,96.0,15,4608.0,2003-10-28,Shipped,4,10,2003,Planes,80,S700_3167,Technics Stores Inc.,6505556809,9408 Furth Circle,N/A,Burlingame,CA,94217,USA,NA,Hirano,Juri,Medium,2003,10,4,October,Q4,2003-10,NA,4608.0,2304.0,2304.0,50.0,Medium
10199,38,82.4,3,3131.2,2003-12-01,Shipped,4,12,2003,Planes,80,S700_3167,West Coast Collectables Co.,3105553722,3675 Furth Circle,N/A,Burbank,CA,94019,USA,NA,Thompson,Steve,Medium,2003,12,4,December,Q4,2003-12,NA,3131.2,1824.0,1307.1999999999998,41.74757281553398,Medium
10210,31,86.4,13,2678.4,2004-01-12,Shipped,1,1,2004,Planes,80,S700_3167,Osaka Souveniers Co.,+81 06 6342 5555,"Dojima Avanza 4F, 1-6-20 Dojima, Kita-ku",N/A,Osaka,Osaka,530-0003,Japan,Japan,Kentary,Mory,Small,2004,1,1,January,Q1,2004-01,Japan,2678.4,1488.0,1190.4,44.44444444444445,Low
10223,26,67.2,15,1747.2,2004-02-20,Shipped,1,2,2004,Planes,80,S700_3167,"Australian Collectors, Co.",03 9520 4555,636 St Kilda Road,Level 3,Melbourne,Victoria,3004,Australia,APAC,Ferguson,Peter,Small,2004,2,1,February,Q1,2004-02,APAC,1747.2,1248.0,499.20000000000005,28.571428571428577,Low
10235,32,92.0,9,2944.0,2004-04-02,Shipped,2,4,2004,Planes,80,S700_3167,"Royal Canadian Collectables, Ltd.",(604) 555-4555,23 Tsawassen Blvd.,N/A,Tsawassen,BC,T2F 8M4,Canada,NA,Lincoln,Elizabeth,Small,2004,4,2,April,Q2,2004-04,NA,2944.0,1536.0,1408.0,47.82608695652174,Low
10250,44,67.2,10,2956.8,2004-05-11,Shipped,2,5,2004,Planes,80,S700_3167,The Sharp Gifts Warehouse,4085553659,3086 Ingle Ln.,N/A,San Jose,CA,94217,USA,NA,Frick,Sue,Small,2004,5,2,May,Q2,2004-05,NA,2956.8,2112.0,844.8000000000002,28.571428571428577,Low
10262,27,76.0,5,2052.0,2004-06-24,Cancelled,2,6,2004,Planes,80,S700_3167,Euro Shopping Channel,(91) 555 94 44,"C/ Moralzarzal, 86",N/A,Madrid,N/A,28034,Spain,EMEA,Freyre,Diego,Small,2004,6,2,June,Q2,2004-06,EMEA,2052.0,1296.0,756.0,36.84210526315789,Low
10275,43,73.6,15,3164.8,2004-07-23,Shipped,3,7,2004,Planes,80,S700_3167,La Rochelle Gifts,40.67.8555,"67, rue des Cinquante Otages",N/A,Nantes,N/A,44000,France,EMEA,Labrune,Janine,Medium,2004,7,3,July,Q3,2004-07,EMEA,3164.8,2064.0,1100.8000000000002,34.78260869565218,Medium
10284,25,69.6,7,1740.0,2004-08-21,Shipped,3,8,2004,Planes,80,S700_3167,"Norway Gifts By Mail, Co.",+47 2212 1555,"Drammensveien 126 A, PB 744 Sentrum",N/A,Oslo,N/A,N 0106,Norway,EMEA,Klaeboe,Jan,Small,2004,8,3,August,Q3,2004-08,EMEA,1740.0,1200.0,540.0,31.03448275862069,Low
10296,22,80.8,3,1777.6,2004-09-15,Shipped,3,9,2004,Planes,80,S700_3167,"Bavarian Collectables Imports, Co.",+49 89 61 08 9555,Hansastr. 15,N/A,Munich,N/A,80686,Germany,EMEA,Donnermeyer,Michael,Small,2004,9,3,September,Q3,2004-09,EMEA,1777.6,1056.0,721.5999999999999,40.59405940594059,Low
10308,21,87.2,13,1831.2,2004-10-15,Shipped,4,10,2004,Planes,80,S700_3167,Mini Classics,9145554562,3758 North Pendale Street,N/A,White Plains,NY,24067,USA,NA,Frick,Steve,Small,2004,10,4,October,Q4,2004-10,NA,1831.2,1008.0,823.2,44.95412844036697,Low
10316,48,75.2,5,3609.6,2004-11-01,Shipped,4,11,2004,Planes,80,S700_3167,giftsbymail.co.uk,(198) 555-8888,Garden House Crowther Way,N/A,Cowes,Isle of Wight,PO31 7PJ,UK,EMEA,Bennett,Helen,Medium,2004,11,4,November,Q4,2004-11,EMEA,3609.6,2304.0,1305.6,36.170212765957444,Medium
10328,33,64.0,13,2112.0,2004-11-12,Shipped,4,11,2004,Planes,80,S700_3167,Rovelli Gifts,035-640555,Via Ludovico il Moro 22,N/A,Bergamo,N/A,24100,Italy,EMEA,Rovelli,Giovanni,Small,2004,11,4,November,Q4,2004-11,EMEA,2112.0,1584.0,528.0,25.0,Low
10341,34,100.0,5,3644.12,2004-11-24,Shipped,4,11,2004,Planes,80,S700_3167,Salzburg Collectables,6562-9555,Geislweg 14,N/A,Salzburg,N/A,5020,Austria,EMEA,Pipps,Georg,Medium,2004,11,4,November,Q4,2004-11,EMEA,3644.12,1632.0,2012.12,55.21552528456801,Medium
10353,43,81.95,6,3523.85,2004-12-04,Shipped,4,12,2004,Planes,80,S700_3167,Gift Ideas Corp.,2035554407,2440 Pompton St.,N/A,Glendale,CT,97561,USA,NA,Lewis,Dan,Medium,2004,12,4,December,Q4,2004-12,NA,3523.85,2064.0,1459.85,41.427699816961564,Medium
10361,44,100.0,10,5001.92,2004-12-17,Shipped,4,12,2004,Planes,80,S700_3167,Souveniers And Things Co.,+61 2 9495 8555,"Monitor Money Building, 815 Pacific Hwy",Level 6,Chatswood,NSW,2067,Australia,APAC,Huxley,Adrian,Medium,2004,12,4,December,Q4,2004-12,APAC,5001.92,2112.0,2889.92,57.776213933849405,Medium
10375,44,100.0,11,5208.72,2005-02-03,Shipped,1,2,2005,Planes,80,S700_3167,La Rochelle Gifts,40.67.8555,"67, rue des Cinquante Otages",N/A,Nantes,N/A,44000,France,EMEA,Labrune,Janine,Medium,2005,2,1,February,Q1,2005-02,EMEA,5208.72,2112.0,3096.7200000000003,59.45261023821592,Medium
10386,32,94.34,17,3018.88,2005-03-01,Resolved,1,3,2005,Planes,80,S700_3167,Euro Shopping Channel,(91) 555 94 44,"C/ Moralzarzal, 86",N/A,Madrid,N/A,28034,Spain,EMEA,Freyre,Diego,Medium,2005,3,1,March,Q1,2005-03,EMEA,3018.88,1536.0,1482.88,49.12020351918592,Medium
10398,29,65.6,10,1902.4,2005-03-30,Shipped,1,3,2005,Planes,80,S700_3167,Reims Collectables,26.47.1555,59 rue de l'Abbaye,N/A,Reims,N/A,51100,France,EMEA,Henriot,Paul,Small,2005,3,1,March,Q1,2005-03,EMEA,1902.4,1392.0,510.4000000000001,26.82926829268293,Low
10401,77,92.0,9,7084.0,2005-04-03,On Hold,2,4,2005,Planes,80,S700_3167,Tekni Collectables Inc.,2015559350,7476 Moss Rd.,N/A,Newark,NJ,94019,USA,NA,Brown,William,Large,2005,4,2,April,Q2,2005-04,NA,7084.0,3696.0,3388.0,47.82608695652174,High
10416,39,67.2,10,2620.8,2005-05-10,Shipped,2,5,2005,Planes,80,S700_3167,L'ordine Souveniers,0522-556555,Strada Provinciale 124,N/A,Reggio Emilia,N/A,42100,Italy,EMEA,Moroni,Maurizio,Small,2005,5,2,May,Q2,2005-05,EMEA,2620.8,1872.0,748.8000000000002,28.571428571428577,Low
10105,39,81.14,6,3164.46,2003-02-11,Shipped,1,2,2003,Ships,100,S700_3505,Danish Wholesale Imports,31 12 3555,Vinb'ltet 34,N/A,Kobenhavn,N/A,1734,Denmark,EMEA,Petersen,Jytte,Medium,2003,2,1,February,Q1,2003-02,EMEA,3164.46,2340.0,824.46,26.053734286418536,Medium
10118,36,100.0,1,4219.2,2003-04-21,Shipped,2,4,2003,Ships,100,S700_3505,Enaco Distributors,(93) 203 4555,"Rambla de Catalu¤a, 23",N/A,Barcelona,N/A,8022,Spain,EMEA,Saavedra,Eduardo,Medium,2003,4,2,April,Q2,2003-04,EMEA,4219.2,2160.0,2059.2,48.80546075085324,Medium
10129,42,91.15,6,3828.3,2003-06-12,Shipped,2,6,2003,Ships,100,S700_3505,"Stylish Desk Decors, Co.",(171) 555-0297,35 King George,N/A,London,N/A,WX3 6FW,UK,EMEA,Brown,Ann,Medium,2003,6,2,June,Q2,2003-06,EMEA,3828.3,2520.0,1308.3000000000002,34.17443773998903,Medium
10142,21,100.0,3,2334.99,2003-08-08,Shipped,3,8,2003,Ships,100,S700_3505,Mini Gifts Distributors Ltd.,4155551450,5677 Strong St.,N/A,San Rafael,CA,97562,USA,NA,Nelson,Valarie,Small,2003,8,3,August,Q3,2003-08,NA,2334.99,1260.0,1074.9899999999998,46.03831279791348,Low
10153,50,88.15,2,4407.5,2003-09-28,Shipped,3,9,2003,Ships,100,S700_3505,Euro Shopping Channel,(91) 555 94 44,"C/ Moralzarzal, 86",N/A,Madrid,N/A,28034,Spain,EMEA,Freyre,Diego,Medium,2003,9,3,September,Q3,2003-09,EMEA,4407.5,3000.0,1407.5,31.934203062960865,Medium
10167,24,100.0,13,2812.8,2003-10-23,Cancelled,4,10,2003,Ships,100,S700_3505,Scandinavian Gift Ideas,0695-34 6555,?kergatan 24,N/A,Boras,N/A,S-844 67,Sweden,EMEA,Larsson,Maria,Small,2003,10,4,October,Q4,2003-10,EMEA,2812.8,1440.0,1372.8000000000002,48.80546075085325,Low
10177,44,92.16,4,4055.04,2003-11-07,Shipped,4,11,2003,Ships,100,S700_3505,CAF Imports,+34 913 728 555,"Merchants House, 27-30 Merchant's Quay",N/A,Madrid,N/A,28023,Spain,EMEA,Fernandez,Jesus,Medium,2003,11,4,November,Q4,2003-11,EMEA,4055.04,2640.0,1415.04,34.89583333333333,Medium
10185,37,100.0,4,3891.66,2003-11-14,Shipped,4,11,2003,Ships,100,S700_3505,Mini Creations Ltd.,5085559555,4575 Hillside Dr.,N/A,New Bedford,MA,50553,USA,NA,Tam,Wing C,Medium,2003,11,4,November,Q4,2003-11,NA,3891.66,2220.0,1671.6599999999999,42.95493439817456,Medium
10197,27,92.16,10,2488.32,2003-11-26,Shipped,4,11,2003,Ships,100,S700_3505,Enaco Distributors,(93) 203 4555,"Rambla de Catalu¤a, 23",N/A,Barcelona,N/A,8022,Spain,EMEA,Saavedra,Eduardo,Small,2003,11,4,November,Q4,2003-11,EMEA,2488.32,1620.0,868.3200000000002,34.895833333333336,Low
10208,37,100.0,4,4447.4,2004-01-02,Shipped,1,1,2004,Ships,100,S700_3505,"Saveley & Henriot, Co.",78.32.5555,"2, rue du Commerce",N/A,Lyon,N/A,69004,France,EMEA,Saveley,Mary,Medium,2004,1,1,January,Q1,2004-01,EMEA,4447.4,2220.0,2227.3999999999996,50.08319467554077,Medium
10222,38,100.0,16,4187.22,2004-02-19,Shipped,1,2,2004,Ships,100,S700_3505,Collectable Mini Designs Co.,7605558146,361 Furth Circle,N/A,San Diego,CA,91217,USA,NA,Thompson,Valarie,Medium,2004,2,1,February,Q1,2004-02,NA,4187.22,2280.0,1907.2200000000003,45.54859787639532,Medium
10232,48,96.16,1,4615.68,2004-03-20,Shipped,1,3,2004,Ships,100,S700_3505,giftsbymail.co.uk,(198) 555-8888,Garden House Crowther Way,N/A,Cowes,Isle of Wight,PO31 7PJ,UK,EMEA,Bennett,Helen,Medium,2004,3,1,March,Q1,2004-03,EMEA,4615.68,2880.0,1735.6800000000003,37.60399334442596,Medium
10248,30,100.0,7,3245.4,2004-05-07,Cancelled,2,5,2004,Ships,100,S700_3505,Land of Toys Inc.,2125557818,897 Long Airport Avenue,N/A,NYC,NY,10022,USA,NA,Yu,Kwai,Medium,2004,5,2,May,Q2,2004-05,NA,3245.4,1800.0,1445.4,44.53688297282307,Medium
10261,25,88.15,5,2203.75,2004-06-17,Shipped,2,6,2004,Ships,100,S700_3505,Quebec Home Shopping Network,(514) 555-8054,43 rue St. Laurent,N/A,Montreal,Quebec,H1J 1C3,Canada,NA,Fresnisre,Jean,Small,2004,6,2,June,Q2,2004-06,NA,2203.75,1500.0,703.75,31.934203062960865,Low
10273,40,86.15,8,3446.0,2004-07-21,Shipped,3,7,2004,Ships,100,S700_3505,Petit Auto,(02) 5554 67,Rue Joseph-Bens 532,N/A,Bruxelles,N/A,B-1180,Belgium,EMEA,Dewey,Catherine,Medium,2004,7,3,July,Q3,2004-07,EMEA,3446.0,2400.0,1046.0,30.354033662217063,Medium
10283,22,88.15,10,1939.3,2004-08-20,Shipped,3,8,2004,Ships,100,S700_3505,"Royal Canadian Collectables, Ltd.",(604) 555-4555,23 Tsawassen Blvd.,N/A,Tsawassen,BC,T2F 8M4,Canada,NA,Lincoln,Elizabeth,Small,2004,8,3,August,Q3,2004-08,NA,1939.3,1320.0,619.3,31.934203062960858,Low
10295,34,100.0,5,3473.78,2004-09-10,Shipped,3,9,2004,Ships,100,S700_3505,Gifts4AllAges.com,6175559555,8616 Spinnaker Dr.,N/A,Boston,MA,51003,USA,NA,Yoshido,Juri,Medium,2004,9,3,September,Q3,2004-09,NA,3473.78,2040.0,1433.7800000000002,41.27434667710679,Medium
10306,32,90.15,4,2884.8,2004-10-14,Shipped,4,10,2004,Ships,100,S700_3505,"AV Stores, Co.",(171) 555-1555,Fauntleroy Circus,N/A,Manchester,N/A,EC2 5NT,UK,EMEA,Ashworth,Victoria,Small,2004,10,4,October,Q4,2004-10,EMEA,2884.8,1920.0,964.8000000000002,33.44425956738769,Low
10315,31,86.15,3,2670.65,2004-10-29,Shipped,4,10,2004,Ships,100,S700_3505,La Rochelle Gifts,40.67.8555,"67, rue des Cinquante Otages",N/A,Nantes,N/A,44000,France,EMEA,Labrune,Janine,Small,2004,10,4,October,Q4,2004-10,EMEA,2670.65,1860.0,810.6500000000001,30.354033662217066,Low
10327,43,80.0,2,3440.0,2004-11-10,Resolved,4,11,2004,Ships,100,S700_3505,Danish Wholesale Imports,31 12 3555,Vinb'ltet 34,N/A,Kobenhavn,N/A,1734,Denmark,EMEA,Petersen,Jytte,Medium,2004,11,4,November,Q4,2004-11,EMEA,3440.0,2580.0,860.0,25.0,Medium
10337,31,89.38,1,2770.78,2004-11-21,Shipped,4,11,2004,Ships,100,S700_3505,Classic Legends Inc.,2125558493,5905 Pompton St.,Suite 750,NYC,NY,10022,USA,NA,Hernandez,Maria,Small,2004,11,4,November,Q4,2004-11,NA,2770.78,1860.0,910.7800000000002,32.87088834191095,Low
10350,31,77.34,13,2397.54,2004-12-02,Shipped,4,12,2004,Ships,100,S700_3505,Euro Shopping Channel,(91) 555 94 44,"C/ Moralzarzal, 86",N/A,Madrid,N/A,28034,Spain,EMEA,Freyre,Diego,Small,2004,12,4,December,Q4,2004-12,EMEA,2397.54,1860.0,537.54,22.42048099301784,Low
10373,34,96.34,2,3275.56,2005-01-31,Shipped,1,1,2005,Ships,100,S700_3505,"Oulu Toy Supplies, Inc.",981-443655,Torikatu 38,N/A,Oulu,N/A,90110,Finland,EMEA,Koskitalo,Pirkko,Medium,2005,1,1,January,Q1,2005-01,EMEA,3275.56,2040.0,1235.56,37.72057297072867,Medium
10386,45,92.08,2,4143.6,2005-03-01,Resolved,1,3,2005,Ships,100,S700_3505,Euro Shopping Channel,(91) 555 94 44,"C/ Moralzarzal, 86",N/A,Madrid,N/A,28034,Spain,EMEA,Freyre,Diego,Medium,2005,3,1,March,Q1,2005-03,EMEA,4143.6,2700.0,1443.6000000000004,34.839270199826245,Medium
10397,48,100.0,3,5192.64,2005-03-28,Shipped,1,3,2005,Ships,100,S700_3505,Alpha Cognac,61.77.6555,1 rue Alsace-Lorraine,N/A,Toulouse,N/A,31000,France,EMEA,Roulet,Annette,Medium,2005,3,1,March,Q1,2005-03,EMEA,5192.64,2880.0,2312.6400000000003,44.53688297282308,Medium
10414,28,100.0,7,3029.04,2005-05-06,On Hold,2,5,2005,Ships,100,S700_3505,Gifts4AllAges.com,6175559555,8616 Spinnaker Dr.,N/A,Boston,MA,51003,USA,NA,Yoshido,Juri,Medium,2005,5,2,May,Q2,2005-05,NA,3029.04,1680.0,1349.04,44.53688297282307,Medium
10105,22,100.0,7,2556.18,2003-02-11,Shipped,1,2,2003,Ships,99,S700_3962,Danish Wholesale Imports,31 12 3555,Vinb'ltet 34,N/A,Kobenhavn,N/A,1734,Denmark,EMEA,Petersen,Jytte,Small,2003,2,1,February,Q1,2003-02,EMEA,2556.18,1306.8,1249.3799999999999,48.87683965917893,Low
10117,45,83.42,1,3753.9,2003-04-16,Shipped,2,4,2003,Ships,99,S700_3962,"Dragon Souveniers, Ltd.",+65 221 7555,"Bronz Sok., Bronz Apt. 3/6 Tesvikiye",N/A,Singapore,N/A,79903,Singapore,Japan,Natividad,Eric,Medium,2003,4,2,April,Q2,2003-04,Japan,3753.9,2673.0,1080.9,28.79405418364901,Medium
10129,30,85.41,7,2562.3,2003-06-12,Shipped,2,6,2003,Ships,99,S700_3962,"Stylish Desk Decors, Co.",(171) 555-0297,35 King George,N/A,London,N/A,WX3 6FW,UK,EMEA,Brown,Ann,Small,2003,6,2,June,Q2,2003-06,EMEA,2562.3,1782.0,780.3000000000002,30.453108535300323,Low
10142,38,85.41,4,3245.58,2003-08-08,Shipped,3,8,2003,Ships,99,S700_3962,Mini Gifts Distributors Ltd.,4155551450,5677 Strong St.,N/A,San Rafael,CA,97562,USA,NA,Nelson,Valarie,Medium,2003,8,3,August,Q3,2003-08,NA,3245.58,2257.2,988.3800000000001,30.453108535300323,Medium
10153,20,100.0,3,2204.6,2003-09-28,Shipped,3,9,2003,Ships,99,S700_3962,Euro Shopping Channel,(91) 555 94 44,"C/ Moralzarzal, 86",N/A,Madrid,N/A,28034,Spain,EMEA,Freyre,Diego,Small,2003,9,3,September,Q3,2003-09,EMEA,2204.6,1188.0,1016.5999999999999,46.11267350086183,Low
10167,28,100.0,14,3003.0,2003-10-23,Cancelled,4,10,2003,Ships,99,S700_3962,Scandinavian Gift Ideas,0695-34 6555,?kergatan 24,N/A,Boras,N/A,S-844 67,Sweden,EMEA,Larsson,Maria,Medium,2003,10,4,October,Q4,2003-10,EMEA,3003.0,1663.2,1339.8,44.61538461538461,Medium
10177,24,100.0,5,2526.48,2003-11-07,Shipped,4,11,2003,Ships,99,S700_3962,CAF Imports,+34 913 728 555,"Merchants House, 27-30 Merchant's Quay",N/A,Madrid,N/A,28023,Spain,EMEA,Fernandez,Jesus,Small,2003,11,4,November,Q4,2003-11,EMEA,2526.48,1425.6,1100.88,43.57366771159875,Low
10185,22,79.45,5,1747.9,2003-11-14,Shipped,4,11,2003,Ships,99,S700_3962,Mini Creations Ltd.,5085559555,4575 Hillside Dr.,N/A,New Bedford,MA,50553,USA,NA,Tam,Wing C,Small,2003,11,4,November,Q4,2003-11,NA,1747.9,1306.8,441.10000000000014,25.235997482693524,Low
10197,35,93.35,11,3267.25,2003-11-26,Shipped,4,11,2003,Ships,99,S700_3962,Enaco Distributors,(93) 203 4555,"Rambla de Catalu¤a, 23",N/A,Barcelona,N/A,8022,Spain,EMEA,Saavedra,Eduardo,Medium,2003,11,4,November,Q4,2003-11,EMEA,3267.25,2079.0,1188.25,36.368505623995716,Medium
10208,33,85.41,5,2818.53,2004-01-02,Shipped,1,1,2004,Ships,99,S700_3962,"Saveley & Henriot, Co.",78.32.5555,"2, rue du Commerce",N/A,Lyon,N/A,69004,France,EMEA,Saveley,Mary,Small,2004,1,1,January,Q1,2004-01,EMEA,2818.53,1960.1999999999998,858.3300000000004,30.453108535300327,Low
10222,31,95.34,17,2955.54,2004-02-19,Shipped,1,2,2004,Ships,99,S700_3962,Collectable Mini Designs Co.,7605558146,361 Furth Circle,N/A,San Diego,CA,91217,USA,NA,Thompson,Valarie,Small,2004,2,1,February,Q1,2004-02,NA,2955.54,1841.3999999999999,1114.14,37.69666456891127,Low
10232,35,82.43,2,2885.05,2004-03-20,Shipped,1,3,2004,Ships,99,S700_3962,giftsbymail.co.uk,(198) 555-8888,Garden House Crowther Way,N/A,Cowes,Isle of Wight,PO31 7PJ,UK,EMEA,Bennett,Helen,Small,2004,3,1,March,Q1,2004-03,EMEA,2885.05,2079.0,806.0500000000002,27.938857212180036,Low
10248,35,90.37,8,3162.95,2004-05-07,Cancelled,2,5,2004,Ships,99,S700_3962,Land of Toys Inc.,2125557818,897 Long Airport Avenue,N/A,NYC,NY,10022,USA,NA,Yu,Kwai,Medium,2004,5,2,May,Q2,2004-05,NA,3162.95,2079.0,1083.9499999999998,34.270222418944336,Medium
10261,50,81.43,6,4071.5,2004-06-17,Shipped,2,6,2004,Ships,99,S700_3962,Quebec Home Shopping Network,(514) 555-8054,43 rue St. Laurent,N/A,Montreal,Quebec,H1J 1C3,Canada,NA,Fresnisre,Jean,Medium,2004,6,2,June,Q2,2004-06,NA,4071.5,2970.0,1101.5,27.053911334888863,Medium
10273,26,100.0,9,2969.46,2004-07-21,Shipped,3,7,2004,Ships,99,S700_3962,Petit Auto,(02) 5554 67,Rue Joseph-Bens 532,N/A,Bruxelles,N/A,B-1180,Belgium,EMEA,Dewey,Catherine,Small,2004,7,3,July,Q3,2004-07,EMEA,2969.46,1544.3999999999999,1425.0600000000002,47.99054373522459,Low
10283,38,89.38,11,3396.44,2004-08-20,Shipped,3,8,2004,Ships,99,S700_3962,"Royal Canadian Collectables, Ltd.",(604) 555-4555,23 Tsawassen Blvd.,N/A,Tsawassen,BC,T2F 8M4,Canada,NA,Lincoln,Elizabeth,Medium,2004,8,3,August,Q3,2004-08,NA,3396.44,2257.2,1139.2400000000002,33.54217945849184,Medium
10294,45,100.0,1,4692.6,2004-09-10,Shipped,3,9,2004,Ships,99,S700_3962,Online Mini Collectables,6175557555,7635 Spinnaker Dr.,N/A,Brickhaven,MA,58339,USA,NA,Barajas,Miguel,Medium,2004,9,3,September,Q3,2004-09,NA,4692.6,2673.0,2019.6000000000004,43.037974683544306,Medium
10306,30,100.0,5,3515.7,2004-10-14,Shipped,4,10,2004,Ships,99,S700_3962,"AV Stores, Co.",(171) 555-1555,Fauntleroy Circus,N/A,Manchester,N/A,EC2 5NT,UK,EMEA,Ashworth,Victoria,Medium,2004,10,4,October,Q4,2004-10,EMEA,3515.7,1782.0,1733.6999999999998,49.313081320931815,Medium
10315,37,91.37,4,3380.69,2004-10-29,Shipped,4,10,2004,Ships,99,S700_3962,La Rochelle Gifts,40.67.8555,"67, rue des Cinquante Otages",N/A,Nantes,N/A,44000,France,EMEA,Labrune,Janine,Medium,2004,10,4,October,Q4,2004-10,EMEA,3380.69,2197.7999999999997,1182.8900000000003,34.98960271423882,Medium
10327,37,86.61,3,3204.57,2004-11-10,Resolved,4,11,2004,Ships,99,S700_3962,Danish Wholesale Imports,31 12 3555,Vinb'ltet 34,N/A,Kobenhavn,N/A,1734,Denmark,EMEA,Petersen,Jytte,Medium,2004,11,4,November,Q4,2004-11,EMEA,3204.57,2197.7999999999997,1006.7700000000004,31.41669553169381,Medium
10337,36,71.89,7,2588.04,2004-11-21,Shipped,4,11,2004,Ships,99,S700_3962,Classic Legends Inc.,2125558493,5905 Pompton St.,Suite 750,NYC,NY,10022,USA,NA,Hernandez,Maria,Small,2004,11,4,November,Q4,2004-11,NA,2588.04,2138.4,449.6399999999999,17.373765475031295,Low
10350,25,100.0,16,2854.75,2004-12-02,Shipped,4,12,2004,Ships,99,S700_3962,Euro Shopping Channel,(91) 555 94 44,"C/ Moralzarzal, 86",N/A,Madrid,N/A,28034,Spain,EMEA,Freyre,Diego,Small,2004,12,4,December,Q4,2004-12,EMEA,2854.75,1485.0,1369.75,47.981434451353,Low
10373,37,100.0,8,4025.6,2005-01-31,Shipped,1,1,2005,Ships,99,S700_3962,"Oulu Toy Supplies, Inc.",981-443655,Torikatu 38,N/A,Oulu,N/A,90110,Finland,EMEA,Koskitalo,Pirkko,Medium,2005,1,1,January,Q1,2005-01,EMEA,4025.6,2197.7999999999997,1827.8000000000002,45.404411764705884,Medium
10386,30,95.48,3,2864.4,2005-03-01,Resolved,1,3,2005,Ships,99,S700_3962,Euro Shopping Channel,(91) 555 94 44,"C/ Moralzarzal, 86",N/A,Madrid,N/A,28034,Spain,EMEA,Freyre,Diego,Small,2005,3,1,March,Q1,2005-03,EMEA,2864.4,1782.0,1082.4,37.78801843317973,Low
10397,36,100.0,2,3789.72,2005-03-28,Shipped,1,3,2005,Ships,99,S700_3962,Alpha Cognac,61.77.6555,1 rue Alsace-Lorraine,N/A,Toulouse,N/A,31000,France,EMEA,Roulet,Annette,Medium,2005,3,1,March,Q1,2005-03,EMEA,3789.72,2138.4,1651.3199999999997,43.57366771159874,Medium
10414,27,90.37,8,2439.99,2005-05-06,On Hold,2,5,2005,Ships,99,S700_3962,Gifts4AllAges.com,6175559555,8616 Spinnaker Dr.,N/A,Boston,MA,51003,USA,NA,Yoshido,Juri,Small,2005,5,2,May,Q2,2005-05,NA,2439.99,1603.8,836.1899999999998,34.270222418944336,Low
10106,48,61.44,10,2949.12,2003-02-17,Shipped,1,2,2003,Planes,74,S700_4002,Rovelli Gifts,035-640555,Via Ludovico il Moro 22,N/A,Bergamo,N/A,24100,Italy,EMEA,Rovelli,Giovanni,Small,2003,2,1,February,Q1,2003-02,EMEA,2949.12,2131.2,817.9200000000001,27.734375000000007,Low
10119,26,59.22,1,1539.72,2003-04-28,Shipped,2,4,2003,Planes,74,S700_4002,Salzburg Collectables,6562-9555,Geislweg 14,N/A,Salzburg,N/A,5020,Austria,EMEA,Pipps,Georg,Small,2003,4,2,April,Q2,2003-04,EMEA,1539.72,1154.3999999999999,385.32000000000016,25.02532928064844,Low
10131,26,85.13,2,2213.38,2003-06-16,Shipped,2,6,2003,Planes,74,S700_4002,Gift Ideas Corp.,2035554407,2440 Pompton St.,N/A,Glendale,CT,97561,USA,NA,Lewis,Dan,Small,2003,6,2,June,Q2,2003-06,NA,2213.38,1154.3999999999999,1058.9800000000002,47.84447315869847,Low
10143,34,85.87,5,2919.58,2003-08-10,Shipped,3,8,2003,Planes,74,S700_4002,Mini Creations Ltd.,5085559555,4575 Hillside Dr.,N/A,New Bedford,MA,50553,USA,NA,Tam,Wing C,Small,2003,8,3,August,Q3,2003-08,NA,2919.58,1509.6,1409.98,48.29393268894841,Low
10155,44,85.87,3,3778.28,2003-10-06,Shipped,4,10,2003,Planes,74,S700_4002,"Toys of Finland, Co.",90-224 8555,Keskuskatu 45,N/A,Helsinki,N/A,21240,Finland,EMEA,Karttunen,Matti,Medium,2003,10,4,October,Q4,2003-10,EMEA,3778.28,1953.6,1824.6800000000003,48.293932688948416,Medium
10168,39,82.91,17,3233.49,2003-10-28,Shipped,4,10,2003,Planes,74,S700_4002,Technics Stores Inc.,6505556809,9408 Furth Circle,N/A,Burlingame,CA,94217,USA,NA,Hirano,Juri,Medium,2003,10,4,October,Q4,2003-10,NA,3233.49,1731.6,1501.8899999999999,46.44795561452177,Medium
10178,45,76.25,2,3431.25,2003-11-08,Shipped,4,11,2003,Planes,74,S700_4002,Alpha Cognac,61.77.6555,1 rue Alsace-Lorraine,N/A,Toulouse,N/A,31000,France,EMEA,Roulet,Annette,Medium,2003,11,4,November,Q4,2003-11,EMEA,3431.25,1998.0,1433.25,41.77049180327869,Medium
10198,40,63.67,2,2546.8,2003-11-27,Shipped,4,11,2003,Planes,74,S700_4002,Cruz & Sons Co.,+63 2 555 3587,15 McCallum Street - NatWest Center #13-03,N/A,Makati City,N/A,1227 MM,Philippines,Japan,Cruz,Arnold,Small,2003,11,4,November,Q4,2003-11,Japan,2546.8,1776.0,770.8000000000002,30.26543112926025,Low
10210,42,70.33,15,2953.86,2004-01-12,Shipped,1,1,2004,Planes,74,S700_4002,Osaka Souveniers Co.,+81 06 6342 5555,"Dojima Avanza 4F, 1-6-20 Dojima, Kita-ku",N/A,Osaka,Osaka,530-0003,Japan,Japan,Kentary,Mory,Small,2004,1,1,January,Q1,2004-01,Japan,2953.86,1864.8,1089.0600000000002,36.869045926347226,Low
10222,43,74.03,2,3183.29,2004-02-19,Shipped,1,2,2004,Planes,74,S700_4002,Collectable Mini Designs Co.,7605558146,361 Furth Circle,N/A,San Diego,CA,91217,USA,NA,Thompson,Valarie,Medium,2004,2,1,February,Q1,2004-02,NA,3183.29,1909.1999999999998,1274.0900000000001,40.024314467107935,Medium
10235,34,72.55,11,2466.7,2004-04-02,Shipped,2,4,2004,Planes,74,S700_4002,"Royal Canadian Collectables, Ltd.",(604) 555-4555,23 Tsawassen Blvd.,N/A,Tsawassen,BC,T2F 8M4,Canada,NA,Lincoln,Elizabeth,Small,2004,4,2,April,Q2,2004-04,NA,2466.7,1509.6,957.0999999999999,38.800827015851134,Low
10250,38,62.19,12,2363.22,2004-05-11,Shipped,2,5,2004,Planes,74,S700_4002,The Sharp Gifts Warehouse,4085553659,3086 Ingle Ln.,N/A,San Jose,CA,94217,USA,NA,Frick,Sue,Small,2004,5,2,May,Q2,2004-05,NA,2363.22,1687.2,676.0199999999998,28.605885190545095,Low
10262,35,71.07,7,2487.45,2004-06-24,Cancelled,2,6,2004,Planes,74,S700_4002,Euro Shopping Channel,(91) 555 94 44,"C/ Moralzarzal, 86",N/A,Madrid,N/A,28034,Spain,EMEA,Freyre,Diego,Small,2004,6,2,June,Q2,2004-06,EMEA,2487.45,1554.0,933.4499999999998,37.526382439848035,Low
10275,31,72.55,17,2249.05,2004-07-23,Shipped,3,7,2004,Planes,74,S700_4002,La Rochelle Gifts,40.67.8555,"67, rue des Cinquante Otages",N/A,Nantes,N/A,44000,France,EMEA,Labrune,Janine,Small,2004,7,3,July,Q3,2004-07,EMEA,2249.05,1376.3999999999999,872.6500000000003,38.80082701585115,Low
10284,32,64.41,9,2061.12,2004-08-21,Shipped,3,8,2004,Planes,74,S700_4002,"Norway Gifts By Mail, Co.",+47 2212 1555,"Drammensveien 126 A, PB 744 Sentrum",N/A,Oslo,N/A,N 0106,Norway,EMEA,Klaeboe,Jan,Small,2004,8,3,August,Q3,2004-08,EMEA,2061.12,1420.8,640.3199999999999,31.066604564508616,Low
10296,47,86.62,5,4071.14,2004-09-15,Shipped,3,9,2004,Planes,74,S700_4002,"Bavarian Collectables Imports, Co.",+49 89 61 08 9555,Hansastr. 15,N/A,Munich,N/A,80686,Germany,EMEA,Donnermeyer,Michael,Medium,2004,9,3,September,Q3,2004-09,EMEA,4071.14,2086.7999999999997,1984.3400000000001,48.74163010851998,Medium
10308,39,68.11,15,2656.29,2004-10-15,Shipped,4,10,2004,Planes,74,S700_4002,Mini Classics,9145554562,3758 North Pendale Street,N/A,White Plains,NY,24067,USA,NA,Frick,Steve,Small,2004,10,4,October,Q4,2004-10,NA,2656.29,1731.6,924.69,34.81133460578476,Low
10316,44,62.19,7,2736.36,2004-11-01,Shipped,4,11,2004,Planes,74,S700_4002,giftsbymail.co.uk,(198) 555-8888,Garden House Crowther Way,N/A,Cowes,Isle of Wight,PO31 7PJ,UK,EMEA,Bennett,Helen,Small,2004,11,4,November,Q4,2004-11,EMEA,2736.36,1953.6,782.7600000000002,28.60588519054511,Low
10328,39,85.87,12,3348.93,2004-11-12,Shipped,4,11,2004,Planes,74,S700_4002,Rovelli Gifts,035-640555,Via Ludovico il Moro 22,N/A,Bergamo,N/A,24100,Italy,EMEA,Rovelli,Giovanni,Medium,2004,11,4,November,Q4,2004-11,EMEA,3348.93,1731.6,1617.33,48.29393268894841,Medium
10339,50,57.86,8,2893.0,2004-11-23,Shipped,4,11,2004,Planes,74,S700_4002,"Tokyo Collectables, Ltd",+81 3 3584 0555,2-2-8 Roppongi,N/A,Minato-ku,Tokyo,106-0032,Japan,Japan,Shimamura,Akiko,Small,2004,11,4,November,Q4,2004-11,Japan,2893.0,2220.0,673.0,23.26304873833391,Low
10352,22,75.51,1,1661.22,2004-12-03,Shipped,4,12,2004,Planes,74,S700_4002,Auto-Moto Classics Inc.,6175558428,16780 Pompton St.,N/A,Brickhaven,MA,58339,USA,NA,Taylor,Leslie,Small,2004,12,4,December,Q4,2004-12,NA,1661.22,976.8,684.4200000000001,41.199841080651574,Low
10361,35,100.0,11,4277.35,2004-12-17,Shipped,4,12,2004,Planes,74,S700_4002,Souveniers And Things Co.,+61 2 9495 8555,"Monitor Money Building, 815 Pacific Hwy",Level 6,Chatswood,NSW,2067,Australia,APAC,Huxley,Adrian,Medium,2004,12,4,December,Q4,2004-12,APAC,4277.35,1554.0,2723.3500000000004,63.66909418214549,Medium
10373,45,55.62,17,2502.9,2005-01-31,Shipped,1,1,2005,Planes,74,S700_4002,"Oulu Toy Supplies, Inc.",981-443655,Torikatu 38,N/A,Oulu,N/A,90110,Finland,EMEA,Koskitalo,Pirkko,Small,2005,1,1,January,Q1,2005-01,EMEA,2502.9,1998.0,504.9000000000001,20.172599784250274,Low
10386,44,86.4,15,3801.6,2005-03-01,Resolved,1,3,2005,Planes,74,S700_4002,Euro Shopping Channel,(91) 555 94 44,"C/ Moralzarzal, 86",N/A,Madrid,N/A,28034,Spain,EMEA,Freyre,Diego,Medium,2005,3,1,March,Q1,2005-03,EMEA,3801.6,1953.6,1848.0,48.61111111111111,Medium
10398,36,87.36,12,3144.96,2005-03-30,Shipped,1,3,2005,Planes,74,S700_4002,Reims Collectables,26.47.1555,59 rue de l'Abbaye,N/A,Reims,N/A,51100,France,EMEA,Henriot,Paul,Medium,2005,3,1,March,Q1,2005-03,EMEA,3144.96,1598.3999999999999,1546.5600000000002,49.175824175824175,Medium
10401,28,72.55,11,2031.4,2005-04-03,On Hold,2,4,2005,Planes,74,S700_4002,Tekni Collectables Inc.,2015559350,7476 Moss Rd.,N/A,Newark,NJ,94019,USA,NA,Brown,William,Small,2005,4,2,April,Q2,2005-04,NA,2031.4,1243.2,788.2,38.800827015851134,Low
10416,43,62.19,12,2674.17,2005-05-10,Shipped,2,5,2005,Planes,74,S700_4002,L'ordine Souveniers,0522-556555,Strada Provinciale 124,N/A,Reggio Emilia,N/A,42100,Italy,EMEA,Moroni,Maurizio,Small,2005,5,2,May,Q2,2005-05,EMEA,2674.17,1909.1999999999998,764.9700000000003,28.60588519054511,Low
10106,48,52.64,15,2526.72,2003-02-17,Shipped,1,2,2003,Planes,49,S72_1253,Rovelli Gifts,035-640555,Via Ludovico il Moro 22,N/A,Bergamo,N/A,24100,Italy,EMEA,Rovelli,Giovanni,Small,2003,2,1,February,Q1,2003-02,EMEA,2526.72,1411.2,1115.5199999999998,44.148936170212764,Low
10119,28,48.17,6,1348.76,2003-04-28,Shipped,2,4,2003,Planes,49,S72_1253,Salzburg Collectables,6562-9555,Geislweg 14,N/A,Salzburg,N/A,5020,Austria,EMEA,Pipps,Georg,Small,2003,4,2,April,Q2,2003-04,EMEA,1348.76,823.1999999999999,525.5600000000001,38.9661615113141,Low
10131,21,41.71,7,875.91,2003-06-16,Shipped,2,6,2003,Planes,49,S72_1253,Gift Ideas Corp.,2035554407,2440 Pompton St.,N/A,Glendale,CT,97561,USA,NA,Lewis,Dan,Small,2003,6,2,June,Q2,2003-06,NA,875.91,617.4,258.51,29.513306161591945,Low
10143,37,50.65,10,1874.05,2003-08-10,Shipped,3,8,2003,Planes,49,S72_1253,Mini Creations Ltd.,5085559555,4575 Hillside Dr.,N/A,New Bedford,MA,50553,USA,NA,Tam,Wing C,Small,2003,8,3,August,Q3,2003-08,NA,1874.05,1087.8,786.25,41.954590325765054,Low
10155,34,49.16,8,1671.44,2003-10-06,Shipped,4,10,2003,Planes,49,S72_1253,"Toys of Finland, Co.",90-224 8555,Keskuskatu 45,N/A,Helsinki,N/A,21240,Finland,EMEA,Karttunen,Matti,Small,2003,10,4,October,Q4,2003-10,EMEA,1671.44,999.5999999999999,671.8400000000001,40.195280716029295,Low
10167,40,41.71,4,1668.4,2003-10-23,Cancelled,4,10,2003,Planes,49,S72_1253,Scandinavian Gift Ideas,0695-34 6555,?kergatan 24,N/A,Boras,N/A,S-844 67,Sweden,EMEA,Larsson,Maria,Small,2003,10,4,October,Q4,2003-10,EMEA,1668.4,1176.0,492.4000000000001,29.513306161591945,Low
10178,45,51.15,7,2301.75,2003-11-08,Shipped,4,11,2003,Planes,49,S72_1253,Alpha Cognac,61.77.6555,1 rue Alsace-Lorraine,N/A,Toulouse,N/A,31000,France,EMEA,Roulet,Annette,Small,2003,11,4,November,Q4,2003-11,EMEA,2301.75,1323.0,978.75,42.52199413489736,Low
10186,28,52.14,4,1459.92,2003-11-14,Shipped,4,11,2003,Planes,49,S72_1253,"Double Decker Gift Stores, Ltd",(171) 555-7555,120 Hanover Sq.,N/A,London,N/A,WA1 1DP,UK,EMEA,Hardy,Thomas,Small,2003,11,4,November,Q4,2003-11,EMEA,1459.92,823.1999999999999,636.7200000000001,43.61334867663982,Low
10197,29,41.71,1,1209.59,2003-11-26,Shipped,4,11,2003,Planes,49,S72_1253,Enaco Distributors,(93) 203 4555,"Rambla de Catalu¤a, 23",N/A,Barcelona,N/A,8022,Spain,EMEA,Saavedra,Eduardo,Small,2003,11,4,November,Q4,2003-11,EMEA,1209.59,852.6,356.9899999999999,29.51330616159194,Low
10209,48,44.69,3,2145.12,2004-01-09,Shipped,1,1,2004,Planes,49,S72_1253,"Men 'R' US Retailers, Ltd.",2155554369,6047 Douglas Av.,N/A,Los Angeles,CA,N/A,USA,NA,Chandler,Michael,Small,2004,1,1,January,Q1,2004-01,NA,2145.12,1411.2,733.9199999999998,34.21347057507272,Low
10222,31,45.69,7,1416.39,2004-02-19,Shipped,1,2,2004,Planes,49,S72_1253,Collectable Mini Designs Co.,7605558146,361 Furth Circle,N/A,San Diego,CA,91217,USA,NA,Thompson,Valarie,Small,2004,2,1,February,Q1,2004-02,NA,1416.39,911.4,504.9900000000001,35.65331582403152,Low
10249,32,57.61,3,1843.52,2004-05-08,Shipped,2,5,2004,Planes,49,S72_1253,Cambridge Collectables Co.,6175555555,4658 Baden Av.,N/A,Cambridge,MA,51247,USA,NA,Tseng,Kyung,Small,2004,5,2,May,Q2,2004-05,NA,1843.52,940.8,902.72,48.96719319562576,Low
10262,21,57.11,12,1199.31,2004-06-24,Cancelled,2,6,2004,Planes,49,S72_1253,Euro Shopping Channel,(91) 555 94 44,"C/ Moralzarzal, 86",N/A,Madrid,N/A,28034,Spain,EMEA,Freyre,Diego,Small,2004,6,2,June,Q2,2004-06,EMEA,1199.31,617.4,581.91,48.52039922955699,Low
10274,32,58.6,4,1875.2,2004-07-21,Shipped,3,7,2004,Planes,49,S72_1253,Collectables For Less Inc.,6175558555,7825 Douglas Av.,N/A,Brickhaven,MA,58339,USA,NA,Nelson,Allen,Small,2004,7,3,July,Q3,2004-07,NA,1875.2,940.8,934.4000000000001,49.82935153583618,Low
10283,43,57.61,1,2477.23,2004-08-20,Shipped,3,8,2004,Planes,49,S72_1253,"Royal Canadian Collectables, Ltd.",(604) 555-4555,23 Tsawassen Blvd.,N/A,Tsawassen,BC,T2F 8M4,Canada,NA,Lincoln,Elizabeth,Small,2004,8,3,August,Q3,2004-08,NA,2477.23,1264.2,1213.03,48.96719319562576,Low
10296,21,45.19,10,948.99,2004-09-15,Shipped,3,9,2004,Planes,49,S72_1253,"Bavarian Collectables Imports, Co.",+49 89 61 08 9555,Hansastr. 15,N/A,Munich,N/A,80686,Germany,EMEA,Donnermeyer,Michael,Small,2004,9,3,September,Q3,2004-09,EMEA,948.99,617.4,331.59000000000003,34.941358707678695,Low
10307,34,53.63,4,1823.42,2004-10-14,Shipped,4,10,2004,Planes,49,S72_1253,"Classic Gift Ideas, Inc",2155554695,782 First Street,N/A,Philadelphia,PA,71270,USA,NA,Cervantes,Francisca,Small,2004,10,4,October,Q4,2004-10,NA,1823.42,999.5999999999999,823.8200000000002,45.17993660264778,Low
10316,34,43.7,12,1485.8,2004-11-01,Shipped,4,11,2004,Planes,49,S72_1253,giftsbymail.co.uk,(198) 555-8888,Garden House Crowther Way,N/A,Cowes,Isle of Wight,PO31 7PJ,UK,EMEA,Bennett,Helen,Small,2004,11,4,November,Q4,2004-11,EMEA,1485.8,999.5999999999999,486.20000000000005,32.72311212814646,Low
10329,44,86.13,8,3789.72,2004-11-15,Shipped,4,11,2004,Planes,49,S72_1253,Land of Toys Inc.,2125557818,897 Long Airport Avenue,N/A,NYC,NY,10022,USA,NA,Yu,Kwai,Medium,2004,11,4,November,Q4,2004-11,NA,3789.72,1293.6,2496.12,65.86555207244864,Medium
10339,27,76.31,6,2060.37,2004-11-23,Shipped,4,11,2004,Planes,49,S72_1253,"Tokyo Collectables, Ltd",+81 3 3584 0555,2-2-8 Roppongi,N/A,Minato-ku,Tokyo,106-0032,Japan,Japan,Shimamura,Akiko,Small,2004,11,4,November,Q4,2004-11,Japan,2060.37,793.8,1266.57,61.472939326431664,Low
10352,49,52.64,4,2579.36,2004-12-03,Shipped,4,12,2004,Planes,49,S72_1253,Auto-Moto Classics Inc.,6175558428,16780 Pompton St.,N/A,Brickhaven,MA,58339,USA,NA,Taylor,Leslie,Small,2004,12,4,December,Q4,2004-12,NA,2579.36,1440.6,1138.7600000000002,44.14893617021277,Low
10361,23,95.2,12,2189.6,2004-12-17,Shipped,4,12,2004,Planes,49,S72_1253,Souveniers And Things Co.,+61 2 9495 8555,"Monitor Money Building, 815 Pacific Hwy",Level 6,Chatswood,NSW,2067,Australia,APAC,Huxley,Adrian,Small,2004,12,4,December,Q4,2004-12,APAC,2189.6,676.1999999999999,1513.4,69.11764705882354,Low
10373,25,64.97,9,1624.25,2005-01-31,Shipped,1,1,2005,Planes,49,S72_1253,"Oulu Toy Supplies, Inc.",981-443655,Torikatu 38,N/A,Oulu,N/A,90110,Finland,EMEA,Koskitalo,Pirkko,Small,2005,1,1,January,Q1,2005-01,EMEA,1624.25,735.0,889.25,54.748345390180084,Low
10386,50,87.15,16,4357.5,2005-03-01,Resolved,1,3,2005,Planes,49,S72_1253,Euro Shopping Channel,(91) 555 94 44,"C/ Moralzarzal, 86",N/A,Madrid,N/A,28034,Spain,EMEA,Freyre,Diego,Medium,2005,3,1,March,Q1,2005-03,EMEA,4357.5,1470.0,2887.5,66.26506024096386,Medium
10398,34,40.22,1,1367.48,2005-03-30,Shipped,1,3,2005,Planes,49,S72_1253,Reims Collectables,26.47.1555,59 rue de l'Abbaye,N/A,Reims,N/A,51100,France,EMEA,Henriot,Paul,Small,2005,3,1,March,Q1,2005-03,EMEA,1367.48,999.5999999999999,367.8800000000001,26.902038786673305,Low
10400,20,56.12,4,1122.4,2005-04-01,Shipped,2,4,2005,Planes,49,S72_1253,The Sharp Gifts Warehouse,4085553659,3086 Ingle Ln.,N/A,San Jose,CA,94217,USA,NA,Frick,Sue,Small,2005,4,2,April,Q2,2005-04,NA,1122.4,588.0,534.4000000000001,47.61225944404847,Low
10415,42,57.61,3,2419.62,2005-05-09,Disputed,2,5,2005,Planes,49,S72_1253,"Australian Collectables, Ltd",61-9-3844-6555,7 Allen Street,N/A,Glen Waverly,Victoria,3150,Australia,APAC,Connery,Sean,Small,2005,5,2,May,Q2,2005-05,APAC,2419.62,1234.8,1184.82,48.96719319562576,Low
10105,25,56.78,8,1419.5,2003-02-11,Shipped,1,2,2003,Ships,54,S72_3212,Danish Wholesale Imports,31 12 3555,Vinb'ltet 34,N/A,Kobenhavn,N/A,1734,Denmark,EMEA,Petersen,Jytte,Small,2003,2,1,February,Q1,2003-02,EMEA,1419.5,810.0,609.5,42.93765410355759,Low
10117,50,43.68,2,2184.0,2003-04-16,Shipped,2,4,2003,Ships,54,S72_3212,"Dragon Souveniers, Ltd.",+65 221 7555,"Bronz Sok., Bronz Apt. 3/6 Tesvikiye",N/A,Singapore,N/A,79903,Singapore,Japan,Natividad,Eric,Small,2003,4,2,April,Q2,2003-04,Japan,2184.0,1620.0,564.0,25.82417582417583,Low
10129,32,64.97,8,2079.04,2003-06-12,Shipped,2,6,2003,Ships,54,S72_3212,"Stylish Desk Decors, Co.",(171) 555-0297,35 King George,N/A,London,N/A,WX3 6FW,UK,EMEA,Brown,Ann,Small,2003,6,2,June,Q2,2003-06,EMEA,2079.04,1036.8,1042.24,50.13082961366785,Low
10142,39,44.23,5,1724.97,2003-08-08,Shipped,3,8,2003,Ships,54,S72_3212,Mini Gifts Distributors Ltd.,4155551450,5677 Strong St.,N/A,San Rafael,CA,97562,USA,NA,Nelson,Valarie,Small,2003,8,3,August,Q3,2003-08,NA,1724.97,1263.6,461.3700000000001,26.74655211394981,Low
10153,50,60.06,4,3003.0,2003-09-28,Shipped,3,9,2003,Ships,54,S72_3212,Euro Shopping Channel,(91) 555 94 44,"C/ Moralzarzal, 86",N/A,Madrid,N/A,28034,Spain,EMEA,Freyre,Diego,Medium,2003,9,3,September,Q3,2003-09,EMEA,3003.0,1620.0,1383.0,46.053946053946056,Medium
10167,38,48.59,15,1846.42,2003-10-23,Cancelled,4,10,2003,Ships,54,S72_3212,Scandinavian Gift Ideas,0695-34 6555,?kergatan 24,N/A,Boras,N/A,S-844 67,Sweden,EMEA,Larsson,Maria,Small,2003,10,4,October,Q4,2003-10,EMEA,1846.42,1231.2,615.22,33.319613089112984,Low
10177,40,50.23,6,2009.2,2003-11-07,Shipped,4,11,2003,Ships,54,S72_3212,CAF Imports,+34 913 728 555,"Merchants House, 27-30 Merchant's Quay",N/A,Madrid,N/A,28023,Spain,EMEA,Fernandez,Jesus,Small,2003,11,4,November,Q4,2003-11,EMEA,2009.2,1296.0,713.2,35.49671511049174,Low
10185,28,64.43,6,1804.04,2003-11-14,Shipped,4,11,2003,Ships,54,S72_3212,Mini Creations Ltd.,5085559555,4575 Hillside Dr.,N/A,New Bedford,MA,50553,USA,NA,Tam,Wing C,Small,2003,11,4,November,Q4,2003-11,NA,1804.04,907.1999999999999,896.84,49.712866677013814,Low
10197,42,50.23,12,2109.66,2003-11-26,Shipped,4,11,2003,Ships,54,S72_3212,Enaco Distributors,(93) 203 4555,"Rambla de Catalu¤a, 23",N/A,Barcelona,N/A,8022,Spain,EMEA,Saavedra,Eduardo,Small,2003,11,4,November,Q4,2003-11,EMEA,2109.66,1360.8,748.8599999999999,35.496715110491735,Low
10208,42,63.88,6,2682.96,2004-01-02,Shipped,1,1,2004,Ships,54,S72_3212,"Saveley & Henriot, Co.",78.32.5555,"2, rue du Commerce",N/A,Lyon,N/A,69004,France,EMEA,Saveley,Mary,Small,2004,1,1,January,Q1,2004-01,EMEA,2682.96,1360.8,1322.16,49.27989981214778,Low
10222,36,63.34,18,2280.24,2004-02-19,Shipped,1,2,2004,Ships,54,S72_3212,Collectable Mini Designs Co.,7605558146,361 Furth Circle,N/A,San Diego,CA,91217,USA,NA,Thompson,Valarie,Small,2004,2,1,February,Q1,2004-02,NA,2280.24,1166.3999999999999,1113.84,48.847489737922324,Low
10232,24,49.69,3,1192.56,2004-03-20,Shipped,1,3,2004,Ships,54,S72_3212,giftsbymail.co.uk,(198) 555-8888,Garden House Crowther Way,N/A,Cowes,Isle of Wight,PO31 7PJ,UK,EMEA,Bennett,Helen,Small,2004,3,1,March,Q1,2004-03,EMEA,1192.56,777.6,414.9599999999999,34.79573354799758,Low
10248,23,65.52,9,1506.96,2004-05-07,Cancelled,2,5,2004,Ships,54,S72_3212,Land of Toys Inc.,2125557818,897 Long Airport Avenue,N/A,NYC,NY,10022,USA,NA,Yu,Kwai,Small,2004,5,2,May,Q2,2004-05,NA,1506.96,745.1999999999999,761.7600000000001,50.54945054945056,Low
10261,29,50.78,7,1472.62,2004-06-17,Shipped,2,6,2004,Ships,54,S72_3212,Quebec Home Shopping Network,(514) 555-8054,43 rue St. Laurent,N/A,Montreal,Quebec,H1J 1C3,Canada,NA,Fresnisre,Jean,Small,2004,6,2,June,Q2,2004-06,NA,1472.62,939.5999999999999,533.02,36.19535250098464,Low
10273,37,45.86,10,1696.82,2004-07-21,Shipped,3,7,2004,Ships,54,S72_3212,Petit Auto,(02) 5554 67,Rue Joseph-Bens 532,N/A,Bruxelles,N/A,B-1180,Belgium,EMEA,Dewey,Catherine,Small,2004,7,3,July,Q3,2004-07,EMEA,1696.82,1198.8,498.02,29.350196249454864,Low
10283,33,51.32,12,1693.56,2004-08-20,Shipped,3,8,2004,Ships,54,S72_3212,"Royal Canadian Collectables, Ltd.",(604) 555-4555,23 Tsawassen Blvd.,N/A,Tsawassen,BC,T2F 8M4,Canada,NA,Lincoln,Elizabeth,Small,2004,8,3,August,Q3,2004-08,NA,1693.56,1069.2,624.3599999999999,36.86671862821512,Low
10293,32,60.06,1,1921.92,2004-09-09,Shipped,3,9,2004,Ships,54,S72_3212,Amica Models & Co.,011-4988555,Via Monte Bianco 34,N/A,Torino,N/A,10100,Italy,EMEA,Accorti,Paolo,Small,2004,9,3,September,Q3,2004-09,EMEA,1921.92,1036.8,885.1200000000001,46.05394605394606,Low
10306,35,59.51,6,2082.85,2004-10-14,Shipped,4,10,2004,Ships,54,S72_3212,"AV Stores, Co.",(171) 555-1555,Fauntleroy Circus,N/A,Manchester,N/A,EC2 5NT,UK,EMEA,Ashworth,Victoria,Small,2004,10,4,October,Q4,2004-10,EMEA,2082.85,1134.0,948.8499999999999,45.55536884557217,Low
10315,40,55.69,5,2227.6,2004-10-29,Shipped,4,10,2004,Ships,54,S72_3212,La Rochelle Gifts,40.67.8555,"67, rue des Cinquante Otages",N/A,Nantes,N/A,44000,France,EMEA,Labrune,Janine,Small,2004,10,4,October,Q4,2004-10,EMEA,2227.6,1296.0,931.5999999999999,41.8207936792961,Low
10327,37,86.74,4,3209.38,2004-11-10,Resolved,4,11,2004,Ships,54,S72_3212,Danish Wholesale Imports,31 12 3555,Vinb'ltet 34,N/A,Kobenhavn,N/A,1734,Denmark,EMEA,Petersen,Jytte,Medium,2004,11,4,November,Q4,2004-11,EMEA,3209.38,1198.8,2010.5800000000002,62.64699100760895,Medium
10337,42,97.16,5,4080.72,2004-11-21,Shipped,4,11,2004,Ships,54,S72_3212,Classic Legends Inc.,2125558493,5905 Pompton St.,Suite 750,NYC,NY,10022,USA,NA,Hernandez,Maria,Medium,2004,11,4,November,Q4,2004-11,NA,4080.72,1360.8,2719.92,66.65294359818856,Medium
10350,20,100.0,15,2244.4,2004-12-02,Shipped,4,12,2004,Ships,54,S72_3212,Euro Shopping Channel,(91) 555 94 44,"C/ Moralzarzal, 86",N/A,Madrid,N/A,28034,Spain,EMEA,Freyre,Diego,Small,2004,12,4,December,Q4,2004-12,EMEA,2244.4,648.0,1596.4,71.12814115130993,Low
10373,29,100.0,1,3978.51,2005-01-31,Shipped,1,1,2005,Ships,54,S72_3212,"Oulu Toy Supplies, Inc.",981-443655,Torikatu 38,N/A,Oulu,N/A,90110,Finland,EMEA,Koskitalo,Pirkko,Medium,2005,1,1,January,Q1,2005-01,EMEA,3978.51,939.5999999999999,3038.9100000000003,76.38311830308332,Medium
10386,43,100.0,4,5417.57,2005-03-01,Resolved,1,3,2005,Ships,54,S72_3212,Euro Shopping Channel,(91) 555 94 44,"C/ Moralzarzal, 86",N/A,Madrid,N/A,28034,Spain,EMEA,Freyre,Diego,Medium,2005,3,1,March,Q1,2005-03,EMEA,5417.57,1393.2,4024.37,74.28367330740535,Medium
10397,34,62.24,1,2116.16,2005-03-28,Shipped,1,3,2005,Ships,54,S72_3212,Alpha Cognac,61.77.6555,1 rue Alsace-Lorraine,N/A,Toulouse,N/A,31000,France,EMEA,Roulet,Annette,Small,2005,3,1,March,Q1,2005-03,EMEA,2116.16,1101.6,1014.56,47.943444730077125,Low
10414,47,65.52,9,3079.44,2005-05-06,On Hold,2,5,2005,Ships,54,S72_3212,Gifts4AllAges.com,6175559555,8616 Spinnaker Dr.,N/A,Boston,MA,51003,USA,NA,Yoshido,Juri,Medium,2005,5,2,May,Q2,2005-05,NA,3079.44,1522.8,1556.64,50.54945054945055,Medium
